product_id,title,handle,vendor,product_type,variant_id,variant_title,sku,price,available,inventory_quantity,url
8286763581568,adidas WMNS Japan Decon - Earth Strata / Magic Mauve / Orange Tint,aakj5016,adidas,Low Top Sneakers,45144371691648,3,14308511,120.0,False,,https://kith.com/products/aakj5016
8286763581568,adidas WMNS Japan Decon - Earth Strata / Magic Mauve / Orange Tint,aakj5016,adidas,Low Top Sneakers,45144371724416,3.5,14308512,120.0,False,,https://kith.com/products/aakj5016
8286763581568,adidas WMNS Japan Decon - Earth Strata / Magic Mauve / Orange Tint,aakj5016,adidas,Low Top Sneakers,45144371757184,4,14308513,120.0,False,,https://kith.com/products/aakj5016
8286763581568,adidas WMNS Japan Decon - Earth Strata / Magic Mauve / Orange Tint,aakj5016,adidas,Low Top Sneakers,45144371789952,4.5,14308514,120.0,False,,https://kith.com/products/aakj5016
8286763581568,adidas WMNS Japan Decon - Earth Strata / Magic Mauve / Orange Tint,aakj5016,adidas,Low Top Sneakers,45144371822720,5,14308515,120.0,True,,https://kith.com/products/aakj5016
8286763581568,adidas WMNS Japan Decon - Earth Strata / Magic Mauve / Orange Tint,aakj5016,adidas,Low Top Sneakers,45144371855488,5.5,14308516,120.0,True,,https://kith.com/products/aakj5016
8286763581568,adidas WMNS Japan Decon - Earth Strata / Magic Mauve / Orange Tint,aakj5016,adidas,Low Top Sneakers,45144371888256,6,14308517,120.0,True,,https://kith.com/products/aakj5016
8286763581568,adidas WMNS Japan Decon - Earth Strata / Magic Mauve / Orange Tint,aakj5016,adidas,Low Top Sneakers,45144371921024,6.5,14308518,120.0,True,,https://kith.com/products/aakj5016
8286763581568,adidas WMNS Japan Decon - Earth Strata / Magic Mauve / Orange Tint,aakj5016,adidas,Low Top Sneakers,45144371953792,7,14308519,120.0,True,,https://kith.com/products/aakj5016
8286763581568,adidas WMNS Japan Decon - Earth Strata / Magic Mauve / Orange Tint,aakj5016,adidas,Low Top Sneakers,45144371986560,7.5,14308520,120.0,True,,https://kith.com/products/aakj5016
8286763581568,adidas WMNS Japan Decon - Earth Strata / Magic Mauve / Orange Tint,aakj5016,adidas,Low Top Sneakers,45144372019328,8,14308521,120.0,True,,https://kith.com/products/aakj5016
8286763581568,adidas WMNS Japan Decon - Earth Strata / Magic Mauve / Orange Tint,aakj5016,adidas,Low Top Sneakers,45144372052096,8.5,14308522,120.0,True,,https://kith.com/products/aakj5016
8286763581568,adidas WMNS Japan Decon - Earth Strata / Magic Mauve / Orange Tint,aakj5016,adidas,Low Top Sneakers,45144372084864,9,14308523,120.0,True,,https://kith.com/products/aakj5016
8286763581568,adidas WMNS Japan Decon - Earth Strata / Magic Mauve / Orange Tint,aakj5016,adidas,Low Top Sneakers,45144372117632,9.5,14308524,120.0,True,,https://kith.com/products/aakj5016
8286763581568,adidas WMNS Japan Decon - Earth Strata / Magic Mauve / Orange Tint,aakj5016,adidas,Low Top Sneakers,45144372150400,10,14308525,120.0,True,,https://kith.com/products/aakj5016
8286763581568,adidas WMNS Japan Decon - Earth Strata / Magic Mauve / Orange Tint,aakj5016,adidas,Low Top Sneakers,45144372183168,10.5,14308526,120.0,False,,https://kith.com/products/aakj5016
8286763581568,adidas WMNS Japan Decon - Earth Strata / Magic Mauve / Orange Tint,aakj5016,adidas,Low Top Sneakers,45144372215936,11,14308527,120.0,False,,https://kith.com/products/aakj5016
8286763581568,adidas WMNS Japan Decon - Earth Strata / Magic Mauve / Orange Tint,aakj5016,adidas,Low Top Sneakers,45144372248704,11.5,14308528,120.0,False,,https://kith.com/products/aakj5016
8286763581568,adidas WMNS Japan Decon - Earth Strata / Magic Mauve / Orange Tint,aakj5016,adidas,Low Top Sneakers,45144372281472,12,14308529,120.0,False,,https://kith.com/products/aakj5016
8286763581568,adidas WMNS Japan Decon - Earth Strata / Magic Mauve / Orange Tint,aakj5016,adidas,Low Top Sneakers,45144372314240,12.5,14308530,120.0,False,,https://kith.com/products/aakj5016
8286763581568,adidas WMNS Japan Decon - Earth Strata / Magic Mauve / Orange Tint,aakj5016,adidas,Low Top Sneakers,45144372347008,13,14308531,120.0,False,,https://kith.com/products/aakj5016
8286763581568,adidas WMNS Japan Decon - Earth Strata / Magic Mauve / Orange Tint,aakj5016,adidas,Low Top Sneakers,45144372379776,13.5,14308532,120.0,False,,https://kith.com/products/aakj5016
8286763581568,adidas WMNS Japan Decon - Earth Strata / Magic Mauve / Orange Tint,aakj5016,adidas,Low Top Sneakers,45144372412544,14,14308533,120.0,False,,https://kith.com/products/aakj5016
8286763581568,adidas WMNS Japan Decon - Earth Strata / Magic Mauve / Orange Tint,aakj5016,adidas,Low Top Sneakers,45144372445312,14.5,14308534,120.0,False,,https://kith.com/products/aakj5016
8286763581568,adidas WMNS Japan Decon - Earth Strata / Magic Mauve / Orange Tint,aakj5016,adidas,Low Top Sneakers,45144372478080,15,14308535,120.0,False,,https://kith.com/products/aakj5016
8286763581568,adidas WMNS Japan Decon - Earth Strata / Magic Mauve / Orange Tint,aakj5016,adidas,Low Top Sneakers,45144372510848,15.5,14308536,120.0,False,,https://kith.com/products/aakj5016
8286763581568,adidas WMNS Japan Decon - Earth Strata / Magic Mauve / Orange Tint,aakj5016,adidas,Low Top Sneakers,45144372543616,16,14308537,120.0,False,,https://kith.com/products/aakj5016
8286763581568,adidas WMNS Japan Decon - Earth Strata / Magic Mauve / Orange Tint,aakj5016,adidas,Low Top Sneakers,45144372576384,16.5,14308538,120.0,False,,https://kith.com/products/aakj5016
8286763581568,adidas WMNS Japan Decon - Earth Strata / Magic Mauve / Orange Tint,aakj5016,adidas,Low Top Sneakers,45144372609152,17,14308539,120.0,False,,https://kith.com/products/aakj5016
8286763581568,adidas WMNS Japan Decon - Earth Strata / Magic Mauve / Orange Tint,aakj5016,adidas,Low Top Sneakers,45144372641920,18,14308540,120.0,False,,https://kith.com/products/aakj5016
8286763516032,adidas BW Army - Shadow Navy / Charcoal,aakk5028,adidas,Low Top Sneakers,45144369725568,3,10883575,120.0,False,,https://kith.com/products/aakk5028
8286763516032,adidas BW Army - Shadow Navy / Charcoal,aakk5028,adidas,Low Top Sneakers,45144369758336,3.5,10883576,120.0,False,,https://kith.com/products/aakk5028
8286763516032,adidas BW Army - Shadow Navy / Charcoal,aakk5028,adidas,Low Top Sneakers,45144369791104,4,10883577,120.0,False,,https://kith.com/products/aakk5028
8286763516032,adidas BW Army - Shadow Navy / Charcoal,aakk5028,adidas,Low Top Sneakers,45144369823872,4.5,10883578,120.0,False,,https://kith.com/products/aakk5028
8286763516032,adidas BW Army - Shadow Navy / Charcoal,aakk5028,adidas,Low Top Sneakers,45144369856640,5,10883579,120.0,False,,https://kith.com/products/aakk5028
8286763516032,adidas BW Army - Shadow Navy / Charcoal,aakk5028,adidas,Low Top Sneakers,45144369889408,5.5,10883580,120.0,False,,https://kith.com/products/aakk5028
8286763516032,adidas BW Army - Shadow Navy / Charcoal,aakk5028,adidas,Low Top Sneakers,45144369922176,6,10883581,120.0,False,,https://kith.com/products/aakk5028
8286763516032,adidas BW Army - Shadow Navy / Charcoal,aakk5028,adidas,Low Top Sneakers,45144369954944,6.5,10883582,120.0,False,,https://kith.com/products/aakk5028
8286763516032,adidas BW Army - Shadow Navy / Charcoal,aakk5028,adidas,Low Top Sneakers,45144369987712,7,10883583,120.0,True,,https://kith.com/products/aakk5028
8286763516032,adidas BW Army - Shadow Navy / Charcoal,aakk5028,adidas,Low Top Sneakers,45144370020480,7.5,10883584,120.0,True,,https://kith.com/products/aakk5028
8286763516032,adidas BW Army - Shadow Navy / Charcoal,aakk5028,adidas,Low Top Sneakers,45144370053248,8,10883585,120.0,True,,https://kith.com/products/aakk5028
8286763516032,adidas BW Army - Shadow Navy / Charcoal,aakk5028,adidas,Low Top Sneakers,45144370086016,8.5,10883586,120.0,True,,https://kith.com/products/aakk5028
8286763516032,adidas BW Army - Shadow Navy / Charcoal,aakk5028,adidas,Low Top Sneakers,45144370118784,9,10883587,120.0,True,,https://kith.com/products/aakk5028
8286763516032,adidas BW Army - Shadow Navy / Charcoal,aakk5028,adidas,Low Top Sneakers,45144370151552,9.5,10883588,120.0,True,,https://kith.com/products/aakk5028
8286763516032,adidas BW Army - Shadow Navy / Charcoal,aakk5028,adidas,Low Top Sneakers,45144370184320,10,10883589,120.0,True,,https://kith.com/products/aakk5028
8286763516032,adidas BW Army - Shadow Navy / Charcoal,aakk5028,adidas,Low Top Sneakers,45144370217088,10.5,10883590,120.0,True,,https://kith.com/products/aakk5028
8286763516032,adidas BW Army - Shadow Navy / Charcoal,aakk5028,adidas,Low Top Sneakers,45144370249856,11,10883591,120.0,True,,https://kith.com/products/aakk5028
8286763516032,adidas BW Army - Shadow Navy / Charcoal,aakk5028,adidas,Low Top Sneakers,45144370282624,11.5,10883592,120.0,True,,https://kith.com/products/aakk5028
8286763516032,adidas BW Army - Shadow Navy / Charcoal,aakk5028,adidas,Low Top Sneakers,45144370315392,12,10883593,120.0,True,,https://kith.com/products/aakk5028
8286763516032,adidas BW Army - Shadow Navy / Charcoal,aakk5028,adidas,Low Top Sneakers,45144370348160,12.5,10883594,120.0,False,,https://kith.com/products/aakk5028
8286763516032,adidas BW Army - Shadow Navy / Charcoal,aakk5028,adidas,Low Top Sneakers,45144370380928,13,10883595,120.0,True,,https://kith.com/products/aakk5028
8286763516032,adidas BW Army - Shadow Navy / Charcoal,aakk5028,adidas,Low Top Sneakers,45144370413696,13.5,10883596,120.0,False,,https://kith.com/products/aakk5028
8286763516032,adidas BW Army - Shadow Navy / Charcoal,aakk5028,adidas,Low Top Sneakers,45144370446464,14,10883597,120.0,False,,https://kith.com/products/aakk5028
8286763516032,adidas BW Army - Shadow Navy / Charcoal,aakk5028,adidas,Low Top Sneakers,45144370479232,14.5,10883598,120.0,False,,https://kith.com/products/aakk5028
8286763516032,adidas BW Army - Shadow Navy / Charcoal,aakk5028,adidas,Low Top Sneakers,45144370512000,15,10883599,120.0,False,,https://kith.com/products/aakk5028
8286763516032,adidas BW Army - Shadow Navy / Charcoal,aakk5028,adidas,Low Top Sneakers,45144370544768,15.5,10883600,120.0,False,,https://kith.com/products/aakk5028
8286763516032,adidas BW Army - Shadow Navy / Charcoal,aakk5028,adidas,Low Top Sneakers,45144370577536,16,10883601,120.0,False,,https://kith.com/products/aakk5028
8286763516032,adidas BW Army - Shadow Navy / Charcoal,aakk5028,adidas,Low Top Sneakers,45144370610304,16.5,10883602,120.0,False,,https://kith.com/products/aakk5028
8286763516032,adidas BW Army - Shadow Navy / Charcoal,aakk5028,adidas,Low Top Sneakers,45144370643072,17,10883603,120.0,False,,https://kith.com/products/aakk5028
8286763516032,adidas BW Army - Shadow Navy / Charcoal,aakk5028,adidas,Low Top Sneakers,45144370675840,18,10883604,120.0,False,,https://kith.com/products/aakk5028
8286761025664,Salomon XT-6 GORE-TEX - Black / Icy Pink / Dawn Pink,sall49215600,Salomon,Low Top Sneakers,45144343183488,3,98294104,200.0,False,,https://kith.com/products/sall49215600
8286761025664,Salomon XT-6 GORE-TEX - Black / Icy Pink / Dawn Pink,sall49215600,Salomon,Low Top Sneakers,45144343216256,3.5,98294105,200.0,False,,https://kith.com/products/sall49215600
8286761025664,Salomon XT-6 GORE-TEX - Black / Icy Pink / Dawn Pink,sall49215600,Salomon,Low Top Sneakers,45144343249024,4,98294106,200.0,False,,https://kith.com/products/sall49215600
8286761025664,Salomon XT-6 GORE-TEX - Black / Icy Pink / Dawn Pink,sall49215600,Salomon,Low Top Sneakers,45144343281792,4.5,98293374,200.0,False,,https://kith.com/products/sall49215600
8286761025664,Salomon XT-6 GORE-TEX - Black / Icy Pink / Dawn Pink,sall49215600,Salomon,Low Top Sneakers,45144343314560,5,98293375,200.0,True,,https://kith.com/products/sall49215600
8286761025664,Salomon XT-6 GORE-TEX - Black / Icy Pink / Dawn Pink,sall49215600,Salomon,Low Top Sneakers,45144343347328,5.5,98293376,200.0,True,,https://kith.com/products/sall49215600
8286761025664,Salomon XT-6 GORE-TEX - Black / Icy Pink / Dawn Pink,sall49215600,Salomon,Low Top Sneakers,45144343380096,6,98293377,200.0,True,,https://kith.com/products/sall49215600
8286761025664,Salomon XT-6 GORE-TEX - Black / Icy Pink / Dawn Pink,sall49215600,Salomon,Low Top Sneakers,45144343412864,6.5,98293378,200.0,True,,https://kith.com/products/sall49215600
8286761025664,Salomon XT-6 GORE-TEX - Black / Icy Pink / Dawn Pink,sall49215600,Salomon,Low Top Sneakers,45144343445632,7,98293379,200.0,True,,https://kith.com/products/sall49215600
8286761025664,Salomon XT-6 GORE-TEX - Black / Icy Pink / Dawn Pink,sall49215600,Salomon,Low Top Sneakers,45144343478400,7.5,98293380,200.0,True,,https://kith.com/products/sall49215600
8286761025664,Salomon XT-6 GORE-TEX - Black / Icy Pink / Dawn Pink,sall49215600,Salomon,Low Top Sneakers,45144343511168,8,98293381,200.0,True,,https://kith.com/products/sall49215600
8286761025664,Salomon XT-6 GORE-TEX - Black / Icy Pink / Dawn Pink,sall49215600,Salomon,Low Top Sneakers,45144343543936,8.5,98293382,200.0,True,,https://kith.com/products/sall49215600
8286761025664,Salomon XT-6 GORE-TEX - Black / Icy Pink / Dawn Pink,sall49215600,Salomon,Low Top Sneakers,45144343576704,9,98293383,200.0,True,,https://kith.com/products/sall49215600
8286761025664,Salomon XT-6 GORE-TEX - Black / Icy Pink / Dawn Pink,sall49215600,Salomon,Low Top Sneakers,45144343609472,9.5,98293384,200.0,True,,https://kith.com/products/sall49215600
8286761025664,Salomon XT-6 GORE-TEX - Black / Icy Pink / Dawn Pink,sall49215600,Salomon,Low Top Sneakers,45144343642240,10,98293368,200.0,True,,https://kith.com/products/sall49215600
8286761025664,Salomon XT-6 GORE-TEX - Black / Icy Pink / Dawn Pink,sall49215600,Salomon,Low Top Sneakers,45144343675008,10.5,98293369,200.0,True,,https://kith.com/products/sall49215600
8286761025664,Salomon XT-6 GORE-TEX - Black / Icy Pink / Dawn Pink,sall49215600,Salomon,Low Top Sneakers,45144343707776,11,98293370,200.0,True,,https://kith.com/products/sall49215600
8286761025664,Salomon XT-6 GORE-TEX - Black / Icy Pink / Dawn Pink,sall49215600,Salomon,Low Top Sneakers,45144343740544,11.5,98293371,200.0,True,,https://kith.com/products/sall49215600
8286761025664,Salomon XT-6 GORE-TEX - Black / Icy Pink / Dawn Pink,sall49215600,Salomon,Low Top Sneakers,45144343773312,12,98293372,200.0,True,,https://kith.com/products/sall49215600
8286761025664,Salomon XT-6 GORE-TEX - Black / Icy Pink / Dawn Pink,sall49215600,Salomon,Low Top Sneakers,45144343806080,12.5,98294107,200.0,False,,https://kith.com/products/sall49215600
8286761025664,Salomon XT-6 GORE-TEX - Black / Icy Pink / Dawn Pink,sall49215600,Salomon,Low Top Sneakers,45144343838848,13,98293373,200.0,True,,https://kith.com/products/sall49215600
8286761025664,Salomon XT-6 GORE-TEX - Black / Icy Pink / Dawn Pink,sall49215600,Salomon,Low Top Sneakers,45144343871616,13.5,98294108,200.0,False,,https://kith.com/products/sall49215600
8286761025664,Salomon XT-6 GORE-TEX - Black / Icy Pink / Dawn Pink,sall49215600,Salomon,Low Top Sneakers,45144343904384,14,98294109,200.0,False,,https://kith.com/products/sall49215600
8286761025664,Salomon XT-6 GORE-TEX - Black / Icy Pink / Dawn Pink,sall49215600,Salomon,Low Top Sneakers,45144343937152,14.5,98294110,200.0,False,,https://kith.com/products/sall49215600
8286761025664,Salomon XT-6 GORE-TEX - Black / Icy Pink / Dawn Pink,sall49215600,Salomon,Low Top Sneakers,45144343969920,15,98294111,200.0,False,,https://kith.com/products/sall49215600
8286761025664,Salomon XT-6 GORE-TEX - Black / Icy Pink / Dawn Pink,sall49215600,Salomon,Low Top Sneakers,45144344002688,15.5,98294112,200.0,False,,https://kith.com/products/sall49215600
8286761025664,Salomon XT-6 GORE-TEX - Black / Icy Pink / Dawn Pink,sall49215600,Salomon,Low Top Sneakers,45144344035456,16,98294113,200.0,False,,https://kith.com/products/sall49215600
8286761025664,Salomon XT-6 GORE-TEX - Black / Icy Pink / Dawn Pink,sall49215600,Salomon,Low Top Sneakers,45144344068224,16.5,98294114,200.0,False,,https://kith.com/products/sall49215600
8286761025664,Salomon XT-6 GORE-TEX - Black / Icy Pink / Dawn Pink,sall49215600,Salomon,Low Top Sneakers,45144344100992,17,98294115,200.0,False,,https://kith.com/products/sall49215600
8286761025664,Salomon XT-6 GORE-TEX - Black / Icy Pink / Dawn Pink,sall49215600,Salomon,Low Top Sneakers,45144344133760,18,98294116,200.0,False,,https://kith.com/products/sall49215600
8286760992896,New Balance 1890A - Beige / Black,nwbu18906m2,New Balance,Low Top Sneakers,45144342200448,3,98296361,200.0,False,,https://kith.com/products/nwbu18906m2
8286760992896,New Balance 1890A - Beige / Black,nwbu18906m2,New Balance,Low Top Sneakers,45144342233216,3.5,98296362,200.0,False,,https://kith.com/products/nwbu18906m2
8286760992896,New Balance 1890A - Beige / Black,nwbu18906m2,New Balance,Low Top Sneakers,45144342265984,4,98296363,200.0,True,,https://kith.com/products/nwbu18906m2
8286760992896,New Balance 1890A - Beige / Black,nwbu18906m2,New Balance,Low Top Sneakers,45144342298752,4.5,98296364,200.0,True,,https://kith.com/products/nwbu18906m2
8286760992896,New Balance 1890A - Beige / Black,nwbu18906m2,New Balance,Low Top Sneakers,45144342331520,5,98296365,200.0,True,,https://kith.com/products/nwbu18906m2
8286760992896,New Balance 1890A - Beige / Black,nwbu18906m2,New Balance,Low Top Sneakers,45144342364288,5.5,98296366,200.0,True,,https://kith.com/products/nwbu18906m2
8286760992896,New Balance 1890A - Beige / Black,nwbu18906m2,New Balance,Low Top Sneakers,45144342397056,6,98296367,200.0,True,,https://kith.com/products/nwbu18906m2
8286760992896,New Balance 1890A - Beige / Black,nwbu18906m2,New Balance,Low Top Sneakers,45144342429824,6.5,98296368,200.0,True,,https://kith.com/products/nwbu18906m2
8286760992896,New Balance 1890A - Beige / Black,nwbu18906m2,New Balance,Low Top Sneakers,45144342462592,7,98296369,200.0,True,,https://kith.com/products/nwbu18906m2
8286760992896,New Balance 1890A - Beige / Black,nwbu18906m2,New Balance,Low Top Sneakers,45144342495360,7.5,98296370,200.0,True,,https://kith.com/products/nwbu18906m2
8286760992896,New Balance 1890A - Beige / Black,nwbu18906m2,New Balance,Low Top Sneakers,45144342528128,8,98296371,200.0,True,,https://kith.com/products/nwbu18906m2
8286760992896,New Balance 1890A - Beige / Black,nwbu18906m2,New Balance,Low Top Sneakers,45144342560896,8.5,98296372,200.0,True,,https://kith.com/products/nwbu18906m2
8286760992896,New Balance 1890A - Beige / Black,nwbu18906m2,New Balance,Low Top Sneakers,45144342593664,9,98296373,200.0,True,,https://kith.com/products/nwbu18906m2
8286760992896,New Balance 1890A - Beige / Black,nwbu18906m2,New Balance,Low Top Sneakers,45144342626432,9.5,98296374,200.0,True,,https://kith.com/products/nwbu18906m2
8286760992896,New Balance 1890A - Beige / Black,nwbu18906m2,New Balance,Low Top Sneakers,45144342659200,10,98296375,200.0,True,,https://kith.com/products/nwbu18906m2
8286760992896,New Balance 1890A - Beige / Black,nwbu18906m2,New Balance,Low Top Sneakers,45144342691968,10.5,98296376,200.0,True,,https://kith.com/products/nwbu18906m2
8286760992896,New Balance 1890A - Beige / Black,nwbu18906m2,New Balance,Low Top Sneakers,45144342724736,11,98296377,200.0,True,,https://kith.com/products/nwbu18906m2
8286760992896,New Balance 1890A - Beige / Black,nwbu18906m2,New Balance,Low Top Sneakers,45144342757504,11.5,98296378,200.0,True,,https://kith.com/products/nwbu18906m2
8286760992896,New Balance 1890A - Beige / Black,nwbu18906m2,New Balance,Low Top Sneakers,45144342790272,12,98296379,200.0,True,,https://kith.com/products/nwbu18906m2
8286760992896,New Balance 1890A - Beige / Black,nwbu18906m2,New Balance,Low Top Sneakers,45144342823040,12.5,98296380,200.0,False,,https://kith.com/products/nwbu18906m2
8286760992896,New Balance 1890A - Beige / Black,nwbu18906m2,New Balance,Low Top Sneakers,45144342855808,13,98296381,200.0,True,,https://kith.com/products/nwbu18906m2
8286760992896,New Balance 1890A - Beige / Black,nwbu18906m2,New Balance,Low Top Sneakers,45144342888576,13.5,98296382,200.0,False,,https://kith.com/products/nwbu18906m2
8286760992896,New Balance 1890A - Beige / Black,nwbu18906m2,New Balance,Low Top Sneakers,45144342921344,14,98296383,200.0,False,,https://kith.com/products/nwbu18906m2
8286760992896,New Balance 1890A - Beige / Black,nwbu18906m2,New Balance,Low Top Sneakers,45144342954112,14.5,98296384,200.0,False,,https://kith.com/products/nwbu18906m2
8286760992896,New Balance 1890A - Beige / Black,nwbu18906m2,New Balance,Low Top Sneakers,45144342986880,15,98296385,200.0,False,,https://kith.com/products/nwbu18906m2
8286760992896,New Balance 1890A - Beige / Black,nwbu18906m2,New Balance,Low Top Sneakers,45144343019648,15.5,98296386,200.0,False,,https://kith.com/products/nwbu18906m2
8286760992896,New Balance 1890A - Beige / Black,nwbu18906m2,New Balance,Low Top Sneakers,45144343052416,16,98296387,200.0,False,,https://kith.com/products/nwbu18906m2
8286760992896,New Balance 1890A - Beige / Black,nwbu18906m2,New Balance,Low Top Sneakers,45144343085184,16.5,98296388,200.0,False,,https://kith.com/products/nwbu18906m2
8286760992896,New Balance 1890A - Beige / Black,nwbu18906m2,New Balance,Low Top Sneakers,45144343117952,17,98296389,200.0,False,,https://kith.com/products/nwbu18906m2
8286760992896,New Balance 1890A - Beige / Black,nwbu18906m2,New Balance,Low Top Sneakers,45144343150720,18,98296390,200.0,False,,https://kith.com/products/nwbu18906m2
8286760960128,Salomon XT-6 GTX - White Pepper / Silver Sage / Dark Gull,sall49215100,Salomon,Low Top Sneakers,45144341217408,3,98294076,200.0,False,,https://kith.com/products/sall49215100
8286760960128,Salomon XT-6 GTX - White Pepper / Silver Sage / Dark Gull,sall49215100,Salomon,Low Top Sneakers,45144341250176,3.5,98294077,200.0,False,,https://kith.com/products/sall49215100
8286760960128,Salomon XT-6 GTX - White Pepper / Silver Sage / Dark Gull,sall49215100,Salomon,Low Top Sneakers,45144341282944,4,98294078,200.0,False,,https://kith.com/products/sall49215100
8286760960128,Salomon XT-6 GTX - White Pepper / Silver Sage / Dark Gull,sall49215100,Salomon,Low Top Sneakers,45144341315712,4.5,98294079,200.0,False,,https://kith.com/products/sall49215100
8286760960128,Salomon XT-6 GTX - White Pepper / Silver Sage / Dark Gull,sall49215100,Salomon,Low Top Sneakers,45144341348480,5,98294080,200.0,False,,https://kith.com/products/sall49215100
8286760960128,Salomon XT-6 GTX - White Pepper / Silver Sage / Dark Gull,sall49215100,Salomon,Low Top Sneakers,45144341381248,5.5,98294081,200.0,False,,https://kith.com/products/sall49215100
8286760960128,Salomon XT-6 GTX - White Pepper / Silver Sage / Dark Gull,sall49215100,Salomon,Low Top Sneakers,45144341414016,6,98294082,200.0,False,,https://kith.com/products/sall49215100
8286760960128,Salomon XT-6 GTX - White Pepper / Silver Sage / Dark Gull,sall49215100,Salomon,Low Top Sneakers,45144341446784,6.5,98293343,200.0,False,,https://kith.com/products/sall49215100
8286760960128,Salomon XT-6 GTX - White Pepper / Silver Sage / Dark Gull,sall49215100,Salomon,Low Top Sneakers,45144341479552,7,98293344,200.0,True,,https://kith.com/products/sall49215100
8286760960128,Salomon XT-6 GTX - White Pepper / Silver Sage / Dark Gull,sall49215100,Salomon,Low Top Sneakers,45144341512320,7.5,98293345,200.0,True,,https://kith.com/products/sall49215100
8286760960128,Salomon XT-6 GTX - White Pepper / Silver Sage / Dark Gull,sall49215100,Salomon,Low Top Sneakers,45144341545088,8,98293346,200.0,True,,https://kith.com/products/sall49215100
8286760960128,Salomon XT-6 GTX - White Pepper / Silver Sage / Dark Gull,sall49215100,Salomon,Low Top Sneakers,45144341577856,8.5,98293347,200.0,True,,https://kith.com/products/sall49215100
8286760960128,Salomon XT-6 GTX - White Pepper / Silver Sage / Dark Gull,sall49215100,Salomon,Low Top Sneakers,45144341610624,9,98293348,200.0,True,,https://kith.com/products/sall49215100
8286760960128,Salomon XT-6 GTX - White Pepper / Silver Sage / Dark Gull,sall49215100,Salomon,Low Top Sneakers,45144341643392,9.5,98293349,200.0,True,,https://kith.com/products/sall49215100
8286760960128,Salomon XT-6 GTX - White Pepper / Silver Sage / Dark Gull,sall49215100,Salomon,Low Top Sneakers,45144341676160,10,98293336,200.0,True,,https://kith.com/products/sall49215100
8286760960128,Salomon XT-6 GTX - White Pepper / Silver Sage / Dark Gull,sall49215100,Salomon,Low Top Sneakers,45144341708928,10.5,98293337,200.0,True,,https://kith.com/products/sall49215100
8286760960128,Salomon XT-6 GTX - White Pepper / Silver Sage / Dark Gull,sall49215100,Salomon,Low Top Sneakers,45144341741696,11,98293338,200.0,True,,https://kith.com/products/sall49215100
8286760960128,Salomon XT-6 GTX - White Pepper / Silver Sage / Dark Gull,sall49215100,Salomon,Low Top Sneakers,45144341774464,11.5,98293339,200.0,True,,https://kith.com/products/sall49215100
8286760960128,Salomon XT-6 GTX - White Pepper / Silver Sage / Dark Gull,sall49215100,Salomon,Low Top Sneakers,45144341807232,12,98293340,200.0,True,,https://kith.com/products/sall49215100
8286760960128,Salomon XT-6 GTX - White Pepper / Silver Sage / Dark Gull,sall49215100,Salomon,Low Top Sneakers,45144341840000,12.5,98293341,200.0,False,,https://kith.com/products/sall49215100
8286760960128,Salomon XT-6 GTX - White Pepper / Silver Sage / Dark Gull,sall49215100,Salomon,Low Top Sneakers,45144341872768,13,98293342,200.0,True,,https://kith.com/products/sall49215100
8286760960128,Salomon XT-6 GTX - White Pepper / Silver Sage / Dark Gull,sall49215100,Salomon,Low Top Sneakers,45144341905536,13.5,98294083,200.0,False,,https://kith.com/products/sall49215100
8286760960128,Salomon XT-6 GTX - White Pepper / Silver Sage / Dark Gull,sall49215100,Salomon,Low Top Sneakers,45144341938304,14,98294084,200.0,False,,https://kith.com/products/sall49215100
8286760960128,Salomon XT-6 GTX - White Pepper / Silver Sage / Dark Gull,sall49215100,Salomon,Low Top Sneakers,45144341971072,14.5,98294085,200.0,False,,https://kith.com/products/sall49215100
8286760960128,Salomon XT-6 GTX - White Pepper / Silver Sage / Dark Gull,sall49215100,Salomon,Low Top Sneakers,45144342003840,15,98294086,200.0,False,,https://kith.com/products/sall49215100
8286760960128,Salomon XT-6 GTX - White Pepper / Silver Sage / Dark Gull,sall49215100,Salomon,Low Top Sneakers,45144342036608,15.5,98294087,200.0,False,,https://kith.com/products/sall49215100
8286760960128,Salomon XT-6 GTX - White Pepper / Silver Sage / Dark Gull,sall49215100,Salomon,Low Top Sneakers,45144342069376,16,98294088,200.0,False,,https://kith.com/products/sall49215100
8286760960128,Salomon XT-6 GTX - White Pepper / Silver Sage / Dark Gull,sall49215100,Salomon,Low Top Sneakers,45144342102144,16.5,98294089,200.0,False,,https://kith.com/products/sall49215100
8286760960128,Salomon XT-6 GTX - White Pepper / Silver Sage / Dark Gull,sall49215100,Salomon,Low Top Sneakers,45144342134912,17,98294090,200.0,False,,https://kith.com/products/sall49215100
8286760960128,Salomon XT-6 GTX - White Pepper / Silver Sage / Dark Gull,sall49215100,Salomon,Low Top Sneakers,45144342167680,18,98294091,200.0,False,,https://kith.com/products/sall49215100
8286760927360,Salomon XT-6 GTX - Sea Foam / Green Milieu / Black,sall49306800,Salomon,Low Top Sneakers,45144339251328,3,98294311,200.0,False,,https://kith.com/products/sall49306800
8286760927360,Salomon XT-6 GTX - Sea Foam / Green Milieu / Black,sall49306800,Salomon,Low Top Sneakers,45144339284096,3.5,98294312,200.0,False,,https://kith.com/products/sall49306800
8286760927360,Salomon XT-6 GTX - Sea Foam / Green Milieu / Black,sall49306800,Salomon,Low Top Sneakers,45144339316864,4,98294313,200.0,False,,https://kith.com/products/sall49306800
8286760927360,Salomon XT-6 GTX - Sea Foam / Green Milieu / Black,sall49306800,Salomon,Low Top Sneakers,45144339349632,4.5,98294314,200.0,False,,https://kith.com/products/sall49306800
8286760927360,Salomon XT-6 GTX - Sea Foam / Green Milieu / Black,sall49306800,Salomon,Low Top Sneakers,45144339382400,5,98294315,200.0,False,,https://kith.com/products/sall49306800
8286760927360,Salomon XT-6 GTX - Sea Foam / Green Milieu / Black,sall49306800,Salomon,Low Top Sneakers,45144339415168,5.5,98294316,200.0,False,,https://kith.com/products/sall49306800
8286760927360,Salomon XT-6 GTX - Sea Foam / Green Milieu / Black,sall49306800,Salomon,Low Top Sneakers,45144339447936,6,98294317,200.0,False,,https://kith.com/products/sall49306800
8286760927360,Salomon XT-6 GTX - Sea Foam / Green Milieu / Black,sall49306800,Salomon,Low Top Sneakers,45144339480704,6.5,98294318,200.0,False,,https://kith.com/products/sall49306800
8286760927360,Salomon XT-6 GTX - Sea Foam / Green Milieu / Black,sall49306800,Salomon,Low Top Sneakers,45144339513472,7,98293527,200.0,True,,https://kith.com/products/sall49306800
8286760927360,Salomon XT-6 GTX - Sea Foam / Green Milieu / Black,sall49306800,Salomon,Low Top Sneakers,45144339546240,7.5,98293528,200.0,True,,https://kith.com/products/sall49306800
8286760927360,Salomon XT-6 GTX - Sea Foam / Green Milieu / Black,sall49306800,Salomon,Low Top Sneakers,45144339579008,8,98293529,200.0,True,,https://kith.com/products/sall49306800
8286760927360,Salomon XT-6 GTX - Sea Foam / Green Milieu / Black,sall49306800,Salomon,Low Top Sneakers,45144339611776,8.5,98293530,200.0,True,,https://kith.com/products/sall49306800
8286760927360,Salomon XT-6 GTX - Sea Foam / Green Milieu / Black,sall49306800,Salomon,Low Top Sneakers,45144339644544,9,98293531,200.0,True,,https://kith.com/products/sall49306800
8286760927360,Salomon XT-6 GTX - Sea Foam / Green Milieu / Black,sall49306800,Salomon,Low Top Sneakers,45144339677312,9.5,98293532,200.0,True,,https://kith.com/products/sall49306800
8286760927360,Salomon XT-6 GTX - Sea Foam / Green Milieu / Black,sall49306800,Salomon,Low Top Sneakers,45144339710080,10,98293521,200.0,True,,https://kith.com/products/sall49306800
8286760927360,Salomon XT-6 GTX - Sea Foam / Green Milieu / Black,sall49306800,Salomon,Low Top Sneakers,45144339742848,10.5,98293522,200.0,True,,https://kith.com/products/sall49306800
8286760927360,Salomon XT-6 GTX - Sea Foam / Green Milieu / Black,sall49306800,Salomon,Low Top Sneakers,45144339775616,11,98293523,200.0,True,,https://kith.com/products/sall49306800
8286760927360,Salomon XT-6 GTX - Sea Foam / Green Milieu / Black,sall49306800,Salomon,Low Top Sneakers,45144339808384,11.5,98293524,200.0,True,,https://kith.com/products/sall49306800
8286760927360,Salomon XT-6 GTX - Sea Foam / Green Milieu / Black,sall49306800,Salomon,Low Top Sneakers,45144339841152,12,98293525,200.0,True,,https://kith.com/products/sall49306800
8286760927360,Salomon XT-6 GTX - Sea Foam / Green Milieu / Black,sall49306800,Salomon,Low Top Sneakers,45144339873920,12.5,98294319,200.0,False,,https://kith.com/products/sall49306800
8286760927360,Salomon XT-6 GTX - Sea Foam / Green Milieu / Black,sall49306800,Salomon,Low Top Sneakers,45144339906688,13,98293526,200.0,True,,https://kith.com/products/sall49306800
8286760927360,Salomon XT-6 GTX - Sea Foam / Green Milieu / Black,sall49306800,Salomon,Low Top Sneakers,45144339939456,13.5,98294320,200.0,False,,https://kith.com/products/sall49306800
8286760927360,Salomon XT-6 GTX - Sea Foam / Green Milieu / Black,sall49306800,Salomon,Low Top Sneakers,45144339972224,14,98294321,200.0,False,,https://kith.com/products/sall49306800
8286760927360,Salomon XT-6 GTX - Sea Foam / Green Milieu / Black,sall49306800,Salomon,Low Top Sneakers,45144340004992,14.5,98294322,200.0,False,,https://kith.com/products/sall49306800
8286760927360,Salomon XT-6 GTX - Sea Foam / Green Milieu / Black,sall49306800,Salomon,Low Top Sneakers,45144340037760,15,98294323,200.0,False,,https://kith.com/products/sall49306800
8286760927360,Salomon XT-6 GTX - Sea Foam / Green Milieu / Black,sall49306800,Salomon,Low Top Sneakers,45144340070528,15.5,98294324,200.0,False,,https://kith.com/products/sall49306800
8286760927360,Salomon XT-6 GTX - Sea Foam / Green Milieu / Black,sall49306800,Salomon,Low Top Sneakers,45144340103296,16,98294325,200.0,False,,https://kith.com/products/sall49306800
8286760927360,Salomon XT-6 GTX - Sea Foam / Green Milieu / Black,sall49306800,Salomon,Low Top Sneakers,45144340136064,16.5,98294326,200.0,False,,https://kith.com/products/sall49306800
8286760927360,Salomon XT-6 GTX - Sea Foam / Green Milieu / Black,sall49306800,Salomon,Low Top Sneakers,45144340168832,17,98294327,200.0,False,,https://kith.com/products/sall49306800
8286760927360,Salomon XT-6 GTX - Sea Foam / Green Milieu / Black,sall49306800,Salomon,Low Top Sneakers,45144340201600,18,98294328,200.0,False,,https://kith.com/products/sall49306800
8286760894592,Saucony ProGrid Omni 9 - Mint / Multi,sas101245-1091,Saucony,Low Top Sneakers,45144340234368,3,14319325,155.0,False,,https://kith.com/products/sas101245-1091
8286760894592,Saucony ProGrid Omni 9 - Mint / Multi,sas101245-1091,Saucony,Low Top Sneakers,45144340267136,3.5,14319326,155.0,False,,https://kith.com/products/sas101245-1091
8286760894592,Saucony ProGrid Omni 9 - Mint / Multi,sas101245-1091,Saucony,Low Top Sneakers,45144340299904,4,14319327,155.0,False,,https://kith.com/products/sas101245-1091
8286760894592,Saucony ProGrid Omni 9 - Mint / Multi,sas101245-1091,Saucony,Low Top Sneakers,45144340332672,4.5,14319328,155.0,False,,https://kith.com/products/sas101245-1091
8286760894592,Saucony ProGrid Omni 9 - Mint / Multi,sas101245-1091,Saucony,Low Top Sneakers,45144340365440,5,14319329,155.0,False,,https://kith.com/products/sas101245-1091
8286760894592,Saucony ProGrid Omni 9 - Mint / Multi,sas101245-1091,Saucony,Low Top Sneakers,45144340398208,5.5,14319330,155.0,False,,https://kith.com/products/sas101245-1091
8286760894592,Saucony ProGrid Omni 9 - Mint / Multi,sas101245-1091,Saucony,Low Top Sneakers,45144340430976,6,14319331,155.0,False,,https://kith.com/products/sas101245-1091
8286760894592,Saucony ProGrid Omni 9 - Mint / Multi,sas101245-1091,Saucony,Low Top Sneakers,45144340463744,6.5,14319332,155.0,False,,https://kith.com/products/sas101245-1091
8286760894592,Saucony ProGrid Omni 9 - Mint / Multi,sas101245-1091,Saucony,Low Top Sneakers,45144340496512,7,14319333,155.0,True,,https://kith.com/products/sas101245-1091
8286760894592,Saucony ProGrid Omni 9 - Mint / Multi,sas101245-1091,Saucony,Low Top Sneakers,45144340529280,7.5,14319334,155.0,True,,https://kith.com/products/sas101245-1091
8286760894592,Saucony ProGrid Omni 9 - Mint / Multi,sas101245-1091,Saucony,Low Top Sneakers,45144340562048,8,14319335,155.0,True,,https://kith.com/products/sas101245-1091
8286760894592,Saucony ProGrid Omni 9 - Mint / Multi,sas101245-1091,Saucony,Low Top Sneakers,45144340594816,8.5,14319336,155.0,True,,https://kith.com/products/sas101245-1091
8286760894592,Saucony ProGrid Omni 9 - Mint / Multi,sas101245-1091,Saucony,Low Top Sneakers,45144340627584,9,14319337,155.0,True,,https://kith.com/products/sas101245-1091
8286760894592,Saucony ProGrid Omni 9 - Mint / Multi,sas101245-1091,Saucony,Low Top Sneakers,45144340660352,9.5,14319338,155.0,True,,https://kith.com/products/sas101245-1091
8286760894592,Saucony ProGrid Omni 9 - Mint / Multi,sas101245-1091,Saucony,Low Top Sneakers,45144340693120,10,14319339,155.0,True,,https://kith.com/products/sas101245-1091
8286760894592,Saucony ProGrid Omni 9 - Mint / Multi,sas101245-1091,Saucony,Low Top Sneakers,45144340725888,10.5,14319340,155.0,True,,https://kith.com/products/sas101245-1091
8286760894592,Saucony ProGrid Omni 9 - Mint / Multi,sas101245-1091,Saucony,Low Top Sneakers,45144340758656,11,14319341,155.0,True,,https://kith.com/products/sas101245-1091
8286760894592,Saucony ProGrid Omni 9 - Mint / Multi,sas101245-1091,Saucony,Low Top Sneakers,45144340791424,11.5,14319342,155.0,True,,https://kith.com/products/sas101245-1091
8286760894592,Saucony ProGrid Omni 9 - Mint / Multi,sas101245-1091,Saucony,Low Top Sneakers,45144340824192,12,14319343,155.0,True,,https://kith.com/products/sas101245-1091
8286760894592,Saucony ProGrid Omni 9 - Mint / Multi,sas101245-1091,Saucony,Low Top Sneakers,45144340856960,12.5,14319344,155.0,False,,https://kith.com/products/sas101245-1091
8286760894592,Saucony ProGrid Omni 9 - Mint / Multi,sas101245-1091,Saucony,Low Top Sneakers,45144340889728,13,14319345,155.0,True,,https://kith.com/products/sas101245-1091
8286760894592,Saucony ProGrid Omni 9 - Mint / Multi,sas101245-1091,Saucony,Low Top Sneakers,45144340922496,13.5,14319346,155.0,False,,https://kith.com/products/sas101245-1091
8286760894592,Saucony ProGrid Omni 9 - Mint / Multi,sas101245-1091,Saucony,Low Top Sneakers,45144340955264,14,14319347,155.0,False,,https://kith.com/products/sas101245-1091
8286760894592,Saucony ProGrid Omni 9 - Mint / Multi,sas101245-1091,Saucony,Low Top Sneakers,45144340988032,14.5,14319348,155.0,False,,https://kith.com/products/sas101245-1091
8286760894592,Saucony ProGrid Omni 9 - Mint / Multi,sas101245-1091,Saucony,Low Top Sneakers,45144341020800,15,14319349,155.0,False,,https://kith.com/products/sas101245-1091
8286760894592,Saucony ProGrid Omni 9 - Mint / Multi,sas101245-1091,Saucony,Low Top Sneakers,45144341053568,15.5,14319350,155.0,False,,https://kith.com/products/sas101245-1091
8286760894592,Saucony ProGrid Omni 9 - Mint / Multi,sas101245-1091,Saucony,Low Top Sneakers,45144341086336,16,14319351,155.0,False,,https://kith.com/products/sas101245-1091
8286760894592,Saucony ProGrid Omni 9 - Mint / Multi,sas101245-1091,Saucony,Low Top Sneakers,45144341119104,16.5,14319352,155.0,False,,https://kith.com/products/sas101245-1091
8286760894592,Saucony ProGrid Omni 9 - Mint / Multi,sas101245-1091,Saucony,Low Top Sneakers,45144341151872,17,14319353,155.0,False,,https://kith.com/products/sas101245-1091
8286760894592,Saucony ProGrid Omni 9 - Mint / Multi,sas101245-1091,Saucony,Low Top Sneakers,45144341184640,18,14319354,155.0,False,,https://kith.com/products/sas101245-1091
8286760861824,Birkenstock WMNS Amsterdam Wrapped Suede - Taupe,bir1032550,Birkenstock,Mules & Clogs,45144339054720,36,98289390,134.95,True,,https://kith.com/products/bir1032550
8286760861824,Birkenstock WMNS Amsterdam Wrapped Suede - Taupe,bir1032550,Birkenstock,Mules & Clogs,45144339087488,37,98289391,134.95,True,,https://kith.com/products/bir1032550
8286760861824,Birkenstock WMNS Amsterdam Wrapped Suede - Taupe,bir1032550,Birkenstock,Mules & Clogs,45144339120256,38,98289392,134.95,True,,https://kith.com/products/bir1032550
8286760861824,Birkenstock WMNS Amsterdam Wrapped Suede - Taupe,bir1032550,Birkenstock,Mules & Clogs,45144339153024,39,98289393,134.95,True,,https://kith.com/products/bir1032550
8286760861824,Birkenstock WMNS Amsterdam Wrapped Suede - Taupe,bir1032550,Birkenstock,Mules & Clogs,45144339185792,40,98289394,134.95,True,,https://kith.com/products/bir1032550
8286760861824,Birkenstock WMNS Amsterdam Wrapped Suede - Taupe,bir1032550,Birkenstock,Mules & Clogs,45144339218560,41,98289395,134.95,True,,https://kith.com/products/bir1032550
8286760829056,On Running Cloudvista 3 - Fog / Pearl,onr3mg30041344,On Running,Low Top Sneakers,45144337711232,7,98282884,160.0,False,,https://kith.com/products/onr3mg30041344
8286760829056,On Running Cloudvista 3 - Fog / Pearl,onr3mg30041344,On Running,Low Top Sneakers,45144337744000,7.5,98282885,160.0,False,,https://kith.com/products/onr3mg30041344
8286760829056,On Running Cloudvista 3 - Fog / Pearl,onr3mg30041344,On Running,Low Top Sneakers,45144337776768,8,98282886,160.0,True,,https://kith.com/products/onr3mg30041344
8286760829056,On Running Cloudvista 3 - Fog / Pearl,onr3mg30041344,On Running,Low Top Sneakers,45144337809536,8.5,98282887,160.0,True,,https://kith.com/products/onr3mg30041344
8286760829056,On Running Cloudvista 3 - Fog / Pearl,onr3mg30041344,On Running,Low Top Sneakers,45144337842304,9,98282888,160.0,True,,https://kith.com/products/onr3mg30041344
8286760829056,On Running Cloudvista 3 - Fog / Pearl,onr3mg30041344,On Running,Low Top Sneakers,45144337875072,9.5,98282889,160.0,True,,https://kith.com/products/onr3mg30041344
8286760829056,On Running Cloudvista 3 - Fog / Pearl,onr3mg30041344,On Running,Low Top Sneakers,45144337907840,10,98282879,160.0,True,,https://kith.com/products/onr3mg30041344
8286760829056,On Running Cloudvista 3 - Fog / Pearl,onr3mg30041344,On Running,Low Top Sneakers,45144337940608,10.5,98282880,160.0,True,,https://kith.com/products/onr3mg30041344
8286760829056,On Running Cloudvista 3 - Fog / Pearl,onr3mg30041344,On Running,Low Top Sneakers,45144337973376,11,98282881,160.0,True,,https://kith.com/products/onr3mg30041344
8286760829056,On Running Cloudvista 3 - Fog / Pearl,onr3mg30041344,On Running,Low Top Sneakers,45144338006144,11.5,98282882,160.0,True,,https://kith.com/products/onr3mg30041344
8286760829056,On Running Cloudvista 3 - Fog / Pearl,onr3mg30041344,On Running,Low Top Sneakers,45144338038912,12,98282883,160.0,True,,https://kith.com/products/onr3mg30041344
8286760796288,Salomon XT-4 OG GTX - Black,sall45419000,Salomon,Low Top Sneakers,45144338071680,3,98293787,220.0,False,,https://kith.com/products/sall45419000
8286760796288,Salomon XT-4 OG GTX - Black,sall45419000,Salomon,Low Top Sneakers,45144338104448,3.5,98293788,220.0,False,,https://kith.com/products/sall45419000
8286760796288,Salomon XT-4 OG GTX - Black,sall45419000,Salomon,Low Top Sneakers,45144338137216,4,98293789,220.0,False,,https://kith.com/products/sall45419000
8286760796288,Salomon XT-4 OG GTX - Black,sall45419000,Salomon,Low Top Sneakers,45144338169984,4.5,98293790,220.0,False,,https://kith.com/products/sall45419000
8286760796288,Salomon XT-4 OG GTX - Black,sall45419000,Salomon,Low Top Sneakers,45144338202752,5,98293791,220.0,False,,https://kith.com/products/sall45419000
8286760796288,Salomon XT-4 OG GTX - Black,sall45419000,Salomon,Low Top Sneakers,45144338235520,5.5,98293792,220.0,False,,https://kith.com/products/sall45419000
8286760796288,Salomon XT-4 OG GTX - Black,sall45419000,Salomon,Low Top Sneakers,45144338268288,6,98293793,220.0,False,,https://kith.com/products/sall45419000
8286760796288,Salomon XT-4 OG GTX - Black,sall45419000,Salomon,Low Top Sneakers,45144338301056,6.5,98293091,220.0,False,,https://kith.com/products/sall45419000
8286760796288,Salomon XT-4 OG GTX - Black,sall45419000,Salomon,Low Top Sneakers,45144338333824,7,98293092,220.0,True,,https://kith.com/products/sall45419000
8286760796288,Salomon XT-4 OG GTX - Black,sall45419000,Salomon,Low Top Sneakers,45144338366592,7.5,98293093,220.0,True,,https://kith.com/products/sall45419000
8286760796288,Salomon XT-4 OG GTX - Black,sall45419000,Salomon,Low Top Sneakers,45144338399360,8,98293094,220.0,True,,https://kith.com/products/sall45419000
8286760796288,Salomon XT-4 OG GTX - Black,sall45419000,Salomon,Low Top Sneakers,45144338432128,8.5,98293095,220.0,True,,https://kith.com/products/sall45419000
8286760796288,Salomon XT-4 OG GTX - Black,sall45419000,Salomon,Low Top Sneakers,45144338464896,9,98293096,220.0,True,,https://kith.com/products/sall45419000
8286760796288,Salomon XT-4 OG GTX - Black,sall45419000,Salomon,Low Top Sneakers,45144338497664,9.5,98293097,220.0,True,,https://kith.com/products/sall45419000
8286760796288,Salomon XT-4 OG GTX - Black,sall45419000,Salomon,Low Top Sneakers,45144338530432,10,98293085,220.0,True,,https://kith.com/products/sall45419000
8286760796288,Salomon XT-4 OG GTX - Black,sall45419000,Salomon,Low Top Sneakers,45144338563200,10.5,98293086,220.0,True,,https://kith.com/products/sall45419000
8286760796288,Salomon XT-4 OG GTX - Black,sall45419000,Salomon,Low Top Sneakers,45144338595968,11,98293087,220.0,True,,https://kith.com/products/sall45419000
8286760796288,Salomon XT-4 OG GTX - Black,sall45419000,Salomon,Low Top Sneakers,45144338628736,11.5,98293088,220.0,True,,https://kith.com/products/sall45419000
8286760796288,Salomon XT-4 OG GTX - Black,sall45419000,Salomon,Low Top Sneakers,45144338661504,12,98293089,220.0,True,,https://kith.com/products/sall45419000
8286760796288,Salomon XT-4 OG GTX - Black,sall45419000,Salomon,Low Top Sneakers,45144338694272,12.5,98293794,220.0,False,,https://kith.com/products/sall45419000
8286760796288,Salomon XT-4 OG GTX - Black,sall45419000,Salomon,Low Top Sneakers,45144338727040,13,98293090,220.0,True,,https://kith.com/products/sall45419000
8286760796288,Salomon XT-4 OG GTX - Black,sall45419000,Salomon,Low Top Sneakers,45144338759808,13.5,98293795,220.0,False,,https://kith.com/products/sall45419000
8286760796288,Salomon XT-4 OG GTX - Black,sall45419000,Salomon,Low Top Sneakers,45144338792576,14,98293796,220.0,False,,https://kith.com/products/sall45419000
8286760796288,Salomon XT-4 OG GTX - Black,sall45419000,Salomon,Low Top Sneakers,45144338825344,14.5,98293797,220.0,False,,https://kith.com/products/sall45419000
8286760796288,Salomon XT-4 OG GTX - Black,sall45419000,Salomon,Low Top Sneakers,45144338858112,15,98293798,220.0,False,,https://kith.com/products/sall45419000
8286760796288,Salomon XT-4 OG GTX - Black,sall45419000,Salomon,Low Top Sneakers,45144338890880,15.5,98293799,220.0,False,,https://kith.com/products/sall45419000
8286760796288,Salomon XT-4 OG GTX - Black,sall45419000,Salomon,Low Top Sneakers,45144338923648,16,98293800,220.0,False,,https://kith.com/products/sall45419000
8286760796288,Salomon XT-4 OG GTX - Black,sall45419000,Salomon,Low Top Sneakers,45144338956416,16.5,98293801,220.0,False,,https://kith.com/products/sall45419000
8286760796288,Salomon XT-4 OG GTX - Black,sall45419000,Salomon,Low Top Sneakers,45144338989184,17,98293802,220.0,False,,https://kith.com/products/sall45419000
8286760796288,Salomon XT-4 OG GTX - Black,sall45419000,Salomon,Low Top Sneakers,45144339021952,18,98293803,220.0,False,,https://kith.com/products/sall45419000
8286760763520,Birkenstock Amsterdam Wrapped Suede - Taupe,bir1032516,Birkenstock,Mules & Clogs,45144337350784,36,98289371,134.95,False,,https://kith.com/products/bir1032516
8286760763520,Birkenstock Amsterdam Wrapped Suede - Taupe,bir1032516,Birkenstock,Mules & Clogs,45144337383552,37,98289372,134.95,False,,https://kith.com/products/bir1032516
8286760763520,Birkenstock Amsterdam Wrapped Suede - Taupe,bir1032516,Birkenstock,Mules & Clogs,45144337416320,38,98289373,134.95,False,,https://kith.com/products/bir1032516
8286760763520,Birkenstock Amsterdam Wrapped Suede - Taupe,bir1032516,Birkenstock,Mules & Clogs,45144337449088,39,98289374,134.95,False,,https://kith.com/products/bir1032516
8286760763520,Birkenstock Amsterdam Wrapped Suede - Taupe,bir1032516,Birkenstock,Mules & Clogs,45144337481856,40,98289375,134.95,False,,https://kith.com/products/bir1032516
8286760763520,Birkenstock Amsterdam Wrapped Suede - Taupe,bir1032516,Birkenstock,Mules & Clogs,45144337514624,41,98289376,134.95,True,,https://kith.com/products/bir1032516
8286760763520,Birkenstock Amsterdam Wrapped Suede - Taupe,bir1032516,Birkenstock,Mules & Clogs,45144337547392,42,98289377,134.95,True,,https://kith.com/products/bir1032516
8286760763520,Birkenstock Amsterdam Wrapped Suede - Taupe,bir1032516,Birkenstock,Mules & Clogs,45144337580160,43,98289378,134.95,True,,https://kith.com/products/bir1032516
8286760763520,Birkenstock Amsterdam Wrapped Suede - Taupe,bir1032516,Birkenstock,Mules & Clogs,45144337612928,44,98289379,134.95,True,,https://kith.com/products/bir1032516
8286760763520,Birkenstock Amsterdam Wrapped Suede - Taupe,bir1032516,Birkenstock,Mules & Clogs,45144337645696,45,98289380,134.95,True,,https://kith.com/products/bir1032516
8286760763520,Birkenstock Amsterdam Wrapped Suede - Taupe,bir1032516,Birkenstock,Mules & Clogs,45144337678464,46,98289381,134.95,True,,https://kith.com/products/bir1032516
8286760730752,Nike Zoom Skylon 11 - University Red / Metallic Silver / White / Black,nkiu1869-600,Nike,Low Top Sneakers,45144336367744,3,14301327,135.0,False,,https://kith.com/products/nkiu1869-600
8286760730752,Nike Zoom Skylon 11 - University Red / Metallic Silver / White / Black,nkiu1869-600,Nike,Low Top Sneakers,45144336400512,3.5,14301328,135.0,False,,https://kith.com/products/nkiu1869-600
8286760730752,Nike Zoom Skylon 11 - University Red / Metallic Silver / White / Black,nkiu1869-600,Nike,Low Top Sneakers,45144336433280,4,14301329,135.0,False,,https://kith.com/products/nkiu1869-600
8286760730752,Nike Zoom Skylon 11 - University Red / Metallic Silver / White / Black,nkiu1869-600,Nike,Low Top Sneakers,45144336466048,4.5,14301330,135.0,False,,https://kith.com/products/nkiu1869-600
8286760730752,Nike Zoom Skylon 11 - University Red / Metallic Silver / White / Black,nkiu1869-600,Nike,Low Top Sneakers,45144336498816,5,14301331,135.0,False,,https://kith.com/products/nkiu1869-600
8286760730752,Nike Zoom Skylon 11 - University Red / Metallic Silver / White / Black,nkiu1869-600,Nike,Low Top Sneakers,45144336531584,5.5,14301332,135.0,False,,https://kith.com/products/nkiu1869-600
8286760730752,Nike Zoom Skylon 11 - University Red / Metallic Silver / White / Black,nkiu1869-600,Nike,Low Top Sneakers,45144336564352,6,14301333,135.0,False,,https://kith.com/products/nkiu1869-600
8286760730752,Nike Zoom Skylon 11 - University Red / Metallic Silver / White / Black,nkiu1869-600,Nike,Low Top Sneakers,45144336597120,6.5,14301334,135.0,False,,https://kith.com/products/nkiu1869-600
8286760730752,Nike Zoom Skylon 11 - University Red / Metallic Silver / White / Black,nkiu1869-600,Nike,Low Top Sneakers,45144336629888,7,14301335,135.0,True,,https://kith.com/products/nkiu1869-600
8286760730752,Nike Zoom Skylon 11 - University Red / Metallic Silver / White / Black,nkiu1869-600,Nike,Low Top Sneakers,45144336662656,7.5,14301336,135.0,True,,https://kith.com/products/nkiu1869-600
8286760730752,Nike Zoom Skylon 11 - University Red / Metallic Silver / White / Black,nkiu1869-600,Nike,Low Top Sneakers,45144336695424,8,14301337,135.0,True,,https://kith.com/products/nkiu1869-600
8286760730752,Nike Zoom Skylon 11 - University Red / Metallic Silver / White / Black,nkiu1869-600,Nike,Low Top Sneakers,45144336728192,8.5,14301338,135.0,True,,https://kith.com/products/nkiu1869-600
8286760730752,Nike Zoom Skylon 11 - University Red / Metallic Silver / White / Black,nkiu1869-600,Nike,Low Top Sneakers,45144336760960,9,14301339,135.0,True,,https://kith.com/products/nkiu1869-600
8286760730752,Nike Zoom Skylon 11 - University Red / Metallic Silver / White / Black,nkiu1869-600,Nike,Low Top Sneakers,45144336793728,9.5,14301340,135.0,True,,https://kith.com/products/nkiu1869-600
8286760730752,Nike Zoom Skylon 11 - University Red / Metallic Silver / White / Black,nkiu1869-600,Nike,Low Top Sneakers,45144336826496,10,14301341,135.0,True,,https://kith.com/products/nkiu1869-600
8286760730752,Nike Zoom Skylon 11 - University Red / Metallic Silver / White / Black,nkiu1869-600,Nike,Low Top Sneakers,45144336859264,10.5,14301342,135.0,True,,https://kith.com/products/nkiu1869-600
8286760730752,Nike Zoom Skylon 11 - University Red / Metallic Silver / White / Black,nkiu1869-600,Nike,Low Top Sneakers,45144336892032,11,14301343,135.0,True,,https://kith.com/products/nkiu1869-600
8286760730752,Nike Zoom Skylon 11 - University Red / Metallic Silver / White / Black,nkiu1869-600,Nike,Low Top Sneakers,45144336924800,11.5,14301344,135.0,True,,https://kith.com/products/nkiu1869-600
8286760730752,Nike Zoom Skylon 11 - University Red / Metallic Silver / White / Black,nkiu1869-600,Nike,Low Top Sneakers,45144336957568,12,14301345,135.0,True,,https://kith.com/products/nkiu1869-600
8286760730752,Nike Zoom Skylon 11 - University Red / Metallic Silver / White / Black,nkiu1869-600,Nike,Low Top Sneakers,45144336990336,12.5,14301346,135.0,False,,https://kith.com/products/nkiu1869-600
8286760730752,Nike Zoom Skylon 11 - University Red / Metallic Silver / White / Black,nkiu1869-600,Nike,Low Top Sneakers,45144337023104,13,14301347,135.0,True,,https://kith.com/products/nkiu1869-600
8286760730752,Nike Zoom Skylon 11 - University Red / Metallic Silver / White / Black,nkiu1869-600,Nike,Low Top Sneakers,45144337055872,13.5,14301348,135.0,False,,https://kith.com/products/nkiu1869-600
8286760730752,Nike Zoom Skylon 11 - University Red / Metallic Silver / White / Black,nkiu1869-600,Nike,Low Top Sneakers,45144337088640,14,14301349,135.0,False,,https://kith.com/products/nkiu1869-600
8286760730752,Nike Zoom Skylon 11 - University Red / Metallic Silver / White / Black,nkiu1869-600,Nike,Low Top Sneakers,45144337121408,14.5,14301350,135.0,False,,https://kith.com/products/nkiu1869-600
8286760730752,Nike Zoom Skylon 11 - University Red / Metallic Silver / White / Black,nkiu1869-600,Nike,Low Top Sneakers,45144337154176,15,14301351,135.0,False,,https://kith.com/products/nkiu1869-600
8286760730752,Nike Zoom Skylon 11 - University Red / Metallic Silver / White / Black,nkiu1869-600,Nike,Low Top Sneakers,45144337186944,15.5,14301352,135.0,False,,https://kith.com/products/nkiu1869-600
8286760730752,Nike Zoom Skylon 11 - University Red / Metallic Silver / White / Black,nkiu1869-600,Nike,Low Top Sneakers,45144337219712,16,14301353,135.0,False,,https://kith.com/products/nkiu1869-600
8286760730752,Nike Zoom Skylon 11 - University Red / Metallic Silver / White / Black,nkiu1869-600,Nike,Low Top Sneakers,45144337252480,16.5,14301354,135.0,False,,https://kith.com/products/nkiu1869-600
8286760730752,Nike Zoom Skylon 11 - University Red / Metallic Silver / White / Black,nkiu1869-600,Nike,Low Top Sneakers,45144337285248,17,14301355,135.0,False,,https://kith.com/products/nkiu1869-600
8286760730752,Nike Zoom Skylon 11 - University Red / Metallic Silver / White / Black,nkiu1869-600,Nike,Low Top Sneakers,45144337318016,18,14301356,135.0,False,,https://kith.com/products/nkiu1869-600
8286760697984,Birkenstock Amsterdam Wrapped Suede - Charcoal,bir1032542,Birkenstock,Mules & Clogs,45144336105600,39,98289382,134.95,False,,https://kith.com/products/bir1032542
8286760697984,Birkenstock Amsterdam Wrapped Suede - Charcoal,bir1032542,Birkenstock,Mules & Clogs,45144336138368,40,98289383,134.95,False,,https://kith.com/products/bir1032542
8286760697984,Birkenstock Amsterdam Wrapped Suede - Charcoal,bir1032542,Birkenstock,Mules & Clogs,45144336171136,41,98289384,134.95,True,,https://kith.com/products/bir1032542
8286760697984,Birkenstock Amsterdam Wrapped Suede - Charcoal,bir1032542,Birkenstock,Mules & Clogs,45144336203904,42,98289385,134.95,True,,https://kith.com/products/bir1032542
8286760697984,Birkenstock Amsterdam Wrapped Suede - Charcoal,bir1032542,Birkenstock,Mules & Clogs,45144336236672,43,98289386,134.95,True,,https://kith.com/products/bir1032542
8286760697984,Birkenstock Amsterdam Wrapped Suede - Charcoal,bir1032542,Birkenstock,Mules & Clogs,45144336269440,44,98289387,134.95,True,,https://kith.com/products/bir1032542
8286760697984,Birkenstock Amsterdam Wrapped Suede - Charcoal,bir1032542,Birkenstock,Mules & Clogs,45144336302208,45,98289388,134.95,True,,https://kith.com/products/bir1032542
8286760697984,Birkenstock Amsterdam Wrapped Suede - Charcoal,bir1032542,Birkenstock,Mules & Clogs,45144336334976,46,98289389,134.95,True,,https://kith.com/products/bir1032542
8286747361408,New Balance Abzorb 1890 - Black / Silver Metallic / Black Cement,nwbu189093h,New Balance,Low Top Sneakers,45144109351040,3,98296091,180.0,False,,https://kith.com/products/nwbu189093h
8286747361408,New Balance Abzorb 1890 - Black / Silver Metallic / Black Cement,nwbu189093h,New Balance,Low Top Sneakers,45144109383808,3.5,98296092,180.0,False,,https://kith.com/products/nwbu189093h
8286747361408,New Balance Abzorb 1890 - Black / Silver Metallic / Black Cement,nwbu189093h,New Balance,Low Top Sneakers,45144109416576,4,98296093,180.0,False,,https://kith.com/products/nwbu189093h
8286747361408,New Balance Abzorb 1890 - Black / Silver Metallic / Black Cement,nwbu189093h,New Balance,Low Top Sneakers,45144109449344,4.5,98296094,180.0,False,,https://kith.com/products/nwbu189093h
8286747361408,New Balance Abzorb 1890 - Black / Silver Metallic / Black Cement,nwbu189093h,New Balance,Low Top Sneakers,45144109482112,5,98296095,180.0,False,,https://kith.com/products/nwbu189093h
8286747361408,New Balance Abzorb 1890 - Black / Silver Metallic / Black Cement,nwbu189093h,New Balance,Low Top Sneakers,45144109514880,5.5,98296096,180.0,False,,https://kith.com/products/nwbu189093h
8286747361408,New Balance Abzorb 1890 - Black / Silver Metallic / Black Cement,nwbu189093h,New Balance,Low Top Sneakers,45144109547648,6,98296097,180.0,False,,https://kith.com/products/nwbu189093h
8286747361408,New Balance Abzorb 1890 - Black / Silver Metallic / Black Cement,nwbu189093h,New Balance,Low Top Sneakers,45144109580416,6.5,98296098,180.0,False,,https://kith.com/products/nwbu189093h
8286747361408,New Balance Abzorb 1890 - Black / Silver Metallic / Black Cement,nwbu189093h,New Balance,Low Top Sneakers,45144109613184,7,98296099,180.0,True,,https://kith.com/products/nwbu189093h
8286747361408,New Balance Abzorb 1890 - Black / Silver Metallic / Black Cement,nwbu189093h,New Balance,Low Top Sneakers,45144109645952,7.5,98296100,180.0,True,,https://kith.com/products/nwbu189093h
8286747361408,New Balance Abzorb 1890 - Black / Silver Metallic / Black Cement,nwbu189093h,New Balance,Low Top Sneakers,45144109678720,8,98296101,180.0,True,,https://kith.com/products/nwbu189093h
8286747361408,New Balance Abzorb 1890 - Black / Silver Metallic / Black Cement,nwbu189093h,New Balance,Low Top Sneakers,45144109711488,8.5,98296102,180.0,True,,https://kith.com/products/nwbu189093h
8286747361408,New Balance Abzorb 1890 - Black / Silver Metallic / Black Cement,nwbu189093h,New Balance,Low Top Sneakers,45144109744256,9,98296103,180.0,True,,https://kith.com/products/nwbu189093h
8286747361408,New Balance Abzorb 1890 - Black / Silver Metallic / Black Cement,nwbu189093h,New Balance,Low Top Sneakers,45144109777024,9.5,98296104,180.0,True,,https://kith.com/products/nwbu189093h
8286747361408,New Balance Abzorb 1890 - Black / Silver Metallic / Black Cement,nwbu189093h,New Balance,Low Top Sneakers,45144109809792,10,98296105,180.0,True,,https://kith.com/products/nwbu189093h
8286747361408,New Balance Abzorb 1890 - Black / Silver Metallic / Black Cement,nwbu189093h,New Balance,Low Top Sneakers,45144109842560,10.5,98296106,180.0,True,,https://kith.com/products/nwbu189093h
8286747361408,New Balance Abzorb 1890 - Black / Silver Metallic / Black Cement,nwbu189093h,New Balance,Low Top Sneakers,45144109875328,11,98296107,180.0,True,,https://kith.com/products/nwbu189093h
8286747361408,New Balance Abzorb 1890 - Black / Silver Metallic / Black Cement,nwbu189093h,New Balance,Low Top Sneakers,45144109908096,11.5,98296108,180.0,True,,https://kith.com/products/nwbu189093h
8286747361408,New Balance Abzorb 1890 - Black / Silver Metallic / Black Cement,nwbu189093h,New Balance,Low Top Sneakers,45144109940864,12,98296109,180.0,True,,https://kith.com/products/nwbu189093h
8286747361408,New Balance Abzorb 1890 - Black / Silver Metallic / Black Cement,nwbu189093h,New Balance,Low Top Sneakers,45144109973632,12.5,98296110,180.0,False,,https://kith.com/products/nwbu189093h
8286747361408,New Balance Abzorb 1890 - Black / Silver Metallic / Black Cement,nwbu189093h,New Balance,Low Top Sneakers,45144110006400,13,98296111,180.0,True,,https://kith.com/products/nwbu189093h
8286747361408,New Balance Abzorb 1890 - Black / Silver Metallic / Black Cement,nwbu189093h,New Balance,Low Top Sneakers,45144110039168,13.5,98296112,180.0,False,,https://kith.com/products/nwbu189093h
8286747361408,New Balance Abzorb 1890 - Black / Silver Metallic / Black Cement,nwbu189093h,New Balance,Low Top Sneakers,45144110071936,14,98296113,180.0,False,,https://kith.com/products/nwbu189093h
8286747361408,New Balance Abzorb 1890 - Black / Silver Metallic / Black Cement,nwbu189093h,New Balance,Low Top Sneakers,45144110104704,14.5,98296114,180.0,False,,https://kith.com/products/nwbu189093h
8286747361408,New Balance Abzorb 1890 - Black / Silver Metallic / Black Cement,nwbu189093h,New Balance,Low Top Sneakers,45144110137472,15,98296115,180.0,False,,https://kith.com/products/nwbu189093h
8286747361408,New Balance Abzorb 1890 - Black / Silver Metallic / Black Cement,nwbu189093h,New Balance,Low Top Sneakers,45144110170240,15.5,98296116,180.0,False,,https://kith.com/products/nwbu189093h
8286747361408,New Balance Abzorb 1890 - Black / Silver Metallic / Black Cement,nwbu189093h,New Balance,Low Top Sneakers,45144110203008,16,98296117,180.0,False,,https://kith.com/products/nwbu189093h
8286747361408,New Balance Abzorb 1890 - Black / Silver Metallic / Black Cement,nwbu189093h,New Balance,Low Top Sneakers,45144110235776,16.5,98296118,180.0,False,,https://kith.com/products/nwbu189093h
8286747361408,New Balance Abzorb 1890 - Black / Silver Metallic / Black Cement,nwbu189093h,New Balance,Low Top Sneakers,45144110268544,17,98296119,180.0,False,,https://kith.com/products/nwbu189093h
8286747361408,New Balance Abzorb 1890 - Black / Silver Metallic / Black Cement,nwbu189093h,New Balance,Low Top Sneakers,45144110301312,18,98296120,180.0,False,,https://kith.com/products/nwbu189093h
8286756962432,St. Agni Wool Strapless Top - Iron Melange,agnw26-21383inm,St. Agni,Tank Tops,45144303140992,XXS,10871598,239.0,False,,https://kith.com/products/agnw26-21383inm
8286756962432,St. Agni Wool Strapless Top - Iron Melange,agnw26-21383inm,St. Agni,Tank Tops,45144303173760,XS,9354283172451,239.0,True,,https://kith.com/products/agnw26-21383inm
8286756962432,St. Agni Wool Strapless Top - Iron Melange,agnw26-21383inm,St. Agni,Tank Tops,45144303206528,S,9354283172468,239.0,True,,https://kith.com/products/agnw26-21383inm
8286756962432,St. Agni Wool Strapless Top - Iron Melange,agnw26-21383inm,St. Agni,Tank Tops,45144303239296,M,9354283172475,239.0,True,,https://kith.com/products/agnw26-21383inm
8286756962432,St. Agni Wool Strapless Top - Iron Melange,agnw26-21383inm,St. Agni,Tank Tops,45144303272064,L,10871602,239.0,False,,https://kith.com/products/agnw26-21383inm
8286756962432,St. Agni Wool Strapless Top - Iron Melange,agnw26-21383inm,St. Agni,Tank Tops,45144303304832,XL,10871603,239.0,False,,https://kith.com/products/agnw26-21383inm
8286756962432,St. Agni Wool Strapless Top - Iron Melange,agnw26-21383inm,St. Agni,Tank Tops,45144303337600,XXL,10871604,239.0,False,,https://kith.com/products/agnw26-21383inm
8286756962432,St. Agni Wool Strapless Top - Iron Melange,agnw26-21383inm,St. Agni,Tank Tops,45144303370368,XXXL,10871605,239.0,False,,https://kith.com/products/agnw26-21383inm
8286756962432,St. Agni Wool Strapless Top - Iron Melange,agnw26-21383inm,St. Agni,Tank Tops,45144303403136,4XL,10871606,239.0,False,,https://kith.com/products/agnw26-21383inm
8286757355648,St. Agni Silk Halter Wrap Top - Soft Ash,agnw26-21374sah,St. Agni,Tank Tops,45144306679936,XXS,10871580,349.0,False,,https://kith.com/products/agnw26-21374sah
8286757355648,St. Agni Silk Halter Wrap Top - Soft Ash,agnw26-21374sah,St. Agni,Tank Tops,45144306712704,XS,9354283168676,349.0,False,,https://kith.com/products/agnw26-21374sah
8286757355648,St. Agni Silk Halter Wrap Top - Soft Ash,agnw26-21374sah,St. Agni,Tank Tops,45144306745472,S,9354283168683,349.0,False,,https://kith.com/products/agnw26-21374sah
8286757355648,St. Agni Silk Halter Wrap Top - Soft Ash,agnw26-21374sah,St. Agni,Tank Tops,45144306778240,M,9354283168690,349.0,True,,https://kith.com/products/agnw26-21374sah
8286757355648,St. Agni Silk Halter Wrap Top - Soft Ash,agnw26-21374sah,St. Agni,Tank Tops,45144306811008,L,10871584,349.0,False,,https://kith.com/products/agnw26-21374sah
8286757355648,St. Agni Silk Halter Wrap Top - Soft Ash,agnw26-21374sah,St. Agni,Tank Tops,45144306843776,XL,10871585,349.0,False,,https://kith.com/products/agnw26-21374sah
8286757355648,St. Agni Silk Halter Wrap Top - Soft Ash,agnw26-21374sah,St. Agni,Tank Tops,45144306876544,XXL,10871586,349.0,False,,https://kith.com/products/agnw26-21374sah
8286757355648,St. Agni Silk Halter Wrap Top - Soft Ash,agnw26-21374sah,St. Agni,Tank Tops,45144306909312,XXXL,10871587,349.0,False,,https://kith.com/products/agnw26-21374sah
8286757355648,St. Agni Silk Halter Wrap Top - Soft Ash,agnw26-21374sah,St. Agni,Tank Tops,45144306942080,4XL,10871588,349.0,False,,https://kith.com/products/agnw26-21374sah
8286756896896,St. Agni Silk Adjustable Balloon Pant - Soft Ash,agnw26-27373sah,St. Agni,Pants,45144302846080,XXS,10871589,579.0,False,,https://kith.com/products/agnw26-27373sah
8286756896896,St. Agni Silk Adjustable Balloon Pant - Soft Ash,agnw26-27373sah,St. Agni,Pants,45144302878848,XS,9354283168553,579.0,False,,https://kith.com/products/agnw26-27373sah
8286756896896,St. Agni Silk Adjustable Balloon Pant - Soft Ash,agnw26-27373sah,St. Agni,Pants,45144302911616,S,9354283168560,579.0,False,,https://kith.com/products/agnw26-27373sah
8286756896896,St. Agni Silk Adjustable Balloon Pant - Soft Ash,agnw26-27373sah,St. Agni,Pants,45144302944384,M,9354283168577,579.0,True,,https://kith.com/products/agnw26-27373sah
8286756896896,St. Agni Silk Adjustable Balloon Pant - Soft Ash,agnw26-27373sah,St. Agni,Pants,45144302977152,L,10871593,579.0,False,,https://kith.com/products/agnw26-27373sah
8286756896896,St. Agni Silk Adjustable Balloon Pant - Soft Ash,agnw26-27373sah,St. Agni,Pants,45144303009920,XL,10871594,579.0,False,,https://kith.com/products/agnw26-27373sah
8286756896896,St. Agni Silk Adjustable Balloon Pant - Soft Ash,agnw26-27373sah,St. Agni,Pants,45144303042688,XXL,10871595,579.0,False,,https://kith.com/products/agnw26-27373sah
8286756896896,St. Agni Silk Adjustable Balloon Pant - Soft Ash,agnw26-27373sah,St. Agni,Pants,45144303075456,XXXL,10871596,579.0,False,,https://kith.com/products/agnw26-27373sah
8286756896896,St. Agni Silk Adjustable Balloon Pant - Soft Ash,agnw26-27373sah,St. Agni,Pants,45144303108224,4XL,10871597,579.0,False,,https://kith.com/products/agnw26-27373sah
8286757453952,St. Agni Relaxed Pleat Pant - Iron Glaze,agns26-27170igl,St. Agni,Pants,45144308154496,XXS,10871607,419.0,False,,https://kith.com/products/agns26-27170igl
8286757453952,St. Agni Relaxed Pleat Pant - Iron Glaze,agns26-27170igl,St. Agni,Pants,45144308187264,XS,9354283180135,419.0,True,,https://kith.com/products/agns26-27170igl
8286757453952,St. Agni Relaxed Pleat Pant - Iron Glaze,agns26-27170igl,St. Agni,Pants,45144308220032,S,9354283180142,419.0,True,,https://kith.com/products/agns26-27170igl
8286757453952,St. Agni Relaxed Pleat Pant - Iron Glaze,agns26-27170igl,St. Agni,Pants,45144308252800,M,9354283180159,419.0,True,,https://kith.com/products/agns26-27170igl
8286757453952,St. Agni Relaxed Pleat Pant - Iron Glaze,agns26-27170igl,St. Agni,Pants,45144308285568,L,10871611,419.0,False,,https://kith.com/products/agns26-27170igl
8286757453952,St. Agni Relaxed Pleat Pant - Iron Glaze,agns26-27170igl,St. Agni,Pants,45144308318336,XL,10871612,419.0,False,,https://kith.com/products/agns26-27170igl
8286757453952,St. Agni Relaxed Pleat Pant - Iron Glaze,agns26-27170igl,St. Agni,Pants,45144308351104,XXL,10871613,419.0,False,,https://kith.com/products/agns26-27170igl
8286757453952,St. Agni Relaxed Pleat Pant - Iron Glaze,agns26-27170igl,St. Agni,Pants,45144308383872,XXXL,10871614,419.0,False,,https://kith.com/products/agns26-27170igl
8286757453952,St. Agni Relaxed Pleat Pant - Iron Glaze,agns26-27170igl,St. Agni,Pants,45144308416640,4XL,10871615,419.0,False,,https://kith.com/products/agns26-27170igl
8286757683328,St. Agni Fine Jersey Off Shoulder Dress - Charcoal,agnw26-28237crl,St. Agni,Maxi Dresses,45144309923968,XXS,10871616,249.0,False,,https://kith.com/products/agnw26-28237crl
8286757683328,St. Agni Fine Jersey Off Shoulder Dress - Charcoal,agnw26-28237crl,St. Agni,Maxi Dresses,45144309956736,XS,9354283174578,249.0,True,,https://kith.com/products/agnw26-28237crl
8286757683328,St. Agni Fine Jersey Off Shoulder Dress - Charcoal,agnw26-28237crl,St. Agni,Maxi Dresses,45144309989504,S,9354283174585,249.0,True,,https://kith.com/products/agnw26-28237crl
8286757683328,St. Agni Fine Jersey Off Shoulder Dress - Charcoal,agnw26-28237crl,St. Agni,Maxi Dresses,45144310022272,M,9354283174592,249.0,True,,https://kith.com/products/agnw26-28237crl
8286757683328,St. Agni Fine Jersey Off Shoulder Dress - Charcoal,agnw26-28237crl,St. Agni,Maxi Dresses,45144310055040,L,10871620,249.0,False,,https://kith.com/products/agnw26-28237crl
8286757683328,St. Agni Fine Jersey Off Shoulder Dress - Charcoal,agnw26-28237crl,St. Agni,Maxi Dresses,45144310087808,XL,10871621,249.0,False,,https://kith.com/products/agnw26-28237crl
8286757683328,St. Agni Fine Jersey Off Shoulder Dress - Charcoal,agnw26-28237crl,St. Agni,Maxi Dresses,45144310120576,XXL,10871622,249.0,False,,https://kith.com/products/agnw26-28237crl
8286757683328,St. Agni Fine Jersey Off Shoulder Dress - Charcoal,agnw26-28237crl,St. Agni,Maxi Dresses,45144310153344,XXXL,10871623,249.0,False,,https://kith.com/products/agnw26-28237crl
8286757683328,St. Agni Fine Jersey Off Shoulder Dress - Charcoal,agnw26-28237crl,St. Agni,Maxi Dresses,45144310186112,4XL,10871624,249.0,False,,https://kith.com/products/agnw26-28237crl
8286756405376,Shashi Diamond Station Necklace - Gold,sh-n935,Shashi,Necklaces,45144298389632,OS,15140791,225.0,True,,https://kith.com/products/sh-n935
8286760534144,R13 Shredded Seam Drop Neck Shirt - Brown Pink Plaid,r13wr075-r936b,R13,Button Up Shirts,45144334434432,XXS,12861334,695.0,False,,https://kith.com/products/r13wr075-r936b
8286760534144,R13 Shredded Seam Drop Neck Shirt - Brown Pink Plaid,r13wr075-r936b,R13,Button Up Shirts,45144334467200,XS,197075406414,695.0,True,,https://kith.com/products/r13wr075-r936b
8286760534144,R13 Shredded Seam Drop Neck Shirt - Brown Pink Plaid,r13wr075-r936b,R13,Button Up Shirts,45144334499968,S,197075406391,695.0,True,,https://kith.com/products/r13wr075-r936b
8286760534144,R13 Shredded Seam Drop Neck Shirt - Brown Pink Plaid,r13wr075-r936b,R13,Button Up Shirts,45144334532736,M,197075406384,695.0,False,,https://kith.com/products/r13wr075-r936b
8286760534144,R13 Shredded Seam Drop Neck Shirt - Brown Pink Plaid,r13wr075-r936b,R13,Button Up Shirts,45144334565504,L,12861338,695.0,False,,https://kith.com/products/r13wr075-r936b
8286760534144,R13 Shredded Seam Drop Neck Shirt - Brown Pink Plaid,r13wr075-r936b,R13,Button Up Shirts,45144334598272,XL,12861339,695.0,False,,https://kith.com/products/r13wr075-r936b
8286760534144,R13 Shredded Seam Drop Neck Shirt - Brown Pink Plaid,r13wr075-r936b,R13,Button Up Shirts,45144334631040,XXL,12861340,695.0,False,,https://kith.com/products/r13wr075-r936b
8286760534144,R13 Shredded Seam Drop Neck Shirt - Brown Pink Plaid,r13wr075-r936b,R13,Button Up Shirts,45144334663808,XXXL,12861341,695.0,False,,https://kith.com/products/r13wr075-r936b
8286760534144,R13 Shredded Seam Drop Neck Shirt - Brown Pink Plaid,r13wr075-r936b,R13,Button Up Shirts,45144334696576,4XL,12861342,695.0,False,,https://kith.com/products/r13wr075-r936b
8286760599680,R13 Printed Baby Crewneck - Red / Grey / Black Butterfly,r13wy042-y346b,R13,Crewnecks,45144335089792,XXS,12861361,795.0,False,,https://kith.com/products/r13wy042-y346b
8286760599680,R13 Printed Baby Crewneck - Red / Grey / Black Butterfly,r13wy042-y346b,R13,Crewnecks,45144335122560,XS,197075403550,795.0,True,,https://kith.com/products/r13wy042-y346b
8286760599680,R13 Printed Baby Crewneck - Red / Grey / Black Butterfly,r13wy042-y346b,R13,Crewnecks,45144335155328,S,197075403536,795.0,True,,https://kith.com/products/r13wy042-y346b
8286760599680,R13 Printed Baby Crewneck - Red / Grey / Black Butterfly,r13wy042-y346b,R13,Crewnecks,45144335188096,M,197075403529,795.0,True,,https://kith.com/products/r13wy042-y346b
8286760599680,R13 Printed Baby Crewneck - Red / Grey / Black Butterfly,r13wy042-y346b,R13,Crewnecks,45144335220864,L,12861365,795.0,False,,https://kith.com/products/r13wy042-y346b
8286760599680,R13 Printed Baby Crewneck - Red / Grey / Black Butterfly,r13wy042-y346b,R13,Crewnecks,45144335253632,XL,12861366,795.0,False,,https://kith.com/products/r13wy042-y346b
8286760599680,R13 Printed Baby Crewneck - Red / Grey / Black Butterfly,r13wy042-y346b,R13,Crewnecks,45144335286400,XXL,12861367,795.0,False,,https://kith.com/products/r13wy042-y346b
8286760599680,R13 Printed Baby Crewneck - Red / Grey / Black Butterfly,r13wy042-y346b,R13,Crewnecks,45144335319168,XXXL,12861368,795.0,False,,https://kith.com/products/r13wy042-y346b
8286760599680,R13 Printed Baby Crewneck - Red / Grey / Black Butterfly,r13wy042-y346b,R13,Crewnecks,45144335351936,4XL,12861369,795.0,False,,https://kith.com/products/r13wy042-y346b
8286760566912,R13 Foldover Jean - Dawson Blue,r13wd269-d207a,R13,Jeans,45144334729344,23,12861370,695.0,False,,https://kith.com/products/r13wd269-d207a
8286760566912,R13 Foldover Jean - Dawson Blue,r13wd269-d207a,R13,Jeans,45144334762112,24,12861371,695.0,True,,https://kith.com/products/r13wd269-d207a
8286760566912,R13 Foldover Jean - Dawson Blue,r13wd269-d207a,R13,Jeans,45144334794880,25,12861372,695.0,True,,https://kith.com/products/r13wd269-d207a
8286760566912,R13 Foldover Jean - Dawson Blue,r13wd269-d207a,R13,Jeans,45144334827648,26,12861373,695.0,False,,https://kith.com/products/r13wd269-d207a
8286760566912,R13 Foldover Jean - Dawson Blue,r13wd269-d207a,R13,Jeans,45144334860416,27,12861374,695.0,True,,https://kith.com/products/r13wd269-d207a
8286760566912,R13 Foldover Jean - Dawson Blue,r13wd269-d207a,R13,Jeans,45144334893184,28,12861375,695.0,False,,https://kith.com/products/r13wd269-d207a
8286760566912,R13 Foldover Jean - Dawson Blue,r13wd269-d207a,R13,Jeans,45144334925952,29,12861376,695.0,False,,https://kith.com/products/r13wd269-d207a
8286760566912,R13 Foldover Jean - Dawson Blue,r13wd269-d207a,R13,Jeans,45144334958720,30,12861377,695.0,False,,https://kith.com/products/r13wd269-d207a
8286760566912,R13 Foldover Jean - Dawson Blue,r13wd269-d207a,R13,Jeans,45144334991488,31,12861378,695.0,False,,https://kith.com/products/r13wd269-d207a
8286760566912,R13 Foldover Jean - Dawson Blue,r13wd269-d207a,R13,Jeans,45144335024256,32,12861379,695.0,False,,https://kith.com/products/r13wd269-d207a
8286760566912,R13 Foldover Jean - Dawson Blue,r13wd269-d207a,R13,Jeans,45144335057024,33,12861380,695.0,False,,https://kith.com/products/r13wd269-d207a
8286760501376,R13 Collarless Zip-Up Trucker Jacket - Brown Snake Jacquard,r13wd283-d462c,R13,Jackets,45144334139520,XXS,12861392,1295.0,False,,https://kith.com/products/r13wd283-d462c
8286760501376,R13 Collarless Zip-Up Trucker Jacket - Brown Snake Jacquard,r13wd283-d462c,R13,Jackets,45144334172288,XS,12861393,1295.0,True,,https://kith.com/products/r13wd283-d462c
8286760501376,R13 Collarless Zip-Up Trucker Jacket - Brown Snake Jacquard,r13wd283-d462c,R13,Jackets,45144334205056,S,12861394,1295.0,True,,https://kith.com/products/r13wd283-d462c
8286760501376,R13 Collarless Zip-Up Trucker Jacket - Brown Snake Jacquard,r13wd283-d462c,R13,Jackets,45144334237824,M,12861395,1295.0,False,,https://kith.com/products/r13wd283-d462c
8286760501376,R13 Collarless Zip-Up Trucker Jacket - Brown Snake Jacquard,r13wd283-d462c,R13,Jackets,45144334270592,L,12861396,1295.0,False,,https://kith.com/products/r13wd283-d462c
8286760501376,R13 Collarless Zip-Up Trucker Jacket - Brown Snake Jacquard,r13wd283-d462c,R13,Jackets,45144334303360,XL,12861397,1295.0,False,,https://kith.com/products/r13wd283-d462c
8286760501376,R13 Collarless Zip-Up Trucker Jacket - Brown Snake Jacquard,r13wd283-d462c,R13,Jackets,45144334336128,XXL,12861398,1295.0,False,,https://kith.com/products/r13wd283-d462c
8286760501376,R13 Collarless Zip-Up Trucker Jacket - Brown Snake Jacquard,r13wd283-d462c,R13,Jackets,45144334368896,XXXL,12861399,1295.0,False,,https://kith.com/products/r13wd283-d462c
8286760501376,R13 Collarless Zip-Up Trucker Jacket - Brown Snake Jacquard,r13wd283-d462c,R13,Jackets,45144334401664,4XL,12861400,1295.0,False,,https://kith.com/products/r13wd283-d462c
8286760370304,Norma Kamali Turtle Capelet - Black,nkst3264lvv31001,Norma Kamali,Tank Tops,45144332664960,XXS,12874473,190.0,False,,https://kith.com/products/nkst3264lvv31001
8286760370304,Norma Kamali Turtle Capelet - Black,nkst3264lvv31001,Norma Kamali,Tank Tops,45144332697728,XS,889047993304,190.0,True,,https://kith.com/products/nkst3264lvv31001
8286760370304,Norma Kamali Turtle Capelet - Black,nkst3264lvv31001,Norma Kamali,Tank Tops,45144332730496,S,889047993311,190.0,True,,https://kith.com/products/nkst3264lvv31001
8286760370304,Norma Kamali Turtle Capelet - Black,nkst3264lvv31001,Norma Kamali,Tank Tops,45144332763264,M,889047993328,190.0,True,,https://kith.com/products/nkst3264lvv31001
8286760370304,Norma Kamali Turtle Capelet - Black,nkst3264lvv31001,Norma Kamali,Tank Tops,45144332796032,L,12874477,190.0,False,,https://kith.com/products/nkst3264lvv31001
8286760370304,Norma Kamali Turtle Capelet - Black,nkst3264lvv31001,Norma Kamali,Tank Tops,45144332828800,XL,12874478,190.0,False,,https://kith.com/products/nkst3264lvv31001
8286760370304,Norma Kamali Turtle Capelet - Black,nkst3264lvv31001,Norma Kamali,Tank Tops,45144332861568,XXL,12874479,190.0,False,,https://kith.com/products/nkst3264lvv31001
8286760370304,Norma Kamali Turtle Capelet - Black,nkst3264lvv31001,Norma Kamali,Tank Tops,45144332894336,XXXL,12874480,190.0,False,,https://kith.com/products/nkst3264lvv31001
8286760370304,Norma Kamali Turtle Capelet - Black,nkst3264lvv31001,Norma Kamali,Tank Tops,45144332927104,4XL,12874481,190.0,False,,https://kith.com/products/nkst3264lvv31001
8286760337536,Norma Kamali Boyfriend Puff Jog Pant - Black,nkst3267lvv08001,Norma Kamali,Sweatpants,45144332959872,XXS,12874491,335.0,False,,https://kith.com/products/nkst3267lvv08001
8286760337536,Norma Kamali Boyfriend Puff Jog Pant - Black,nkst3267lvv08001,Norma Kamali,Sweatpants,45144332992640,XS,889047993540,335.0,True,,https://kith.com/products/nkst3267lvv08001
8286760337536,Norma Kamali Boyfriend Puff Jog Pant - Black,nkst3267lvv08001,Norma Kamali,Sweatpants,45144333025408,S,889047993557,335.0,True,,https://kith.com/products/nkst3267lvv08001
8286760337536,Norma Kamali Boyfriend Puff Jog Pant - Black,nkst3267lvv08001,Norma Kamali,Sweatpants,45144333058176,M,889047993564,335.0,True,,https://kith.com/products/nkst3267lvv08001
8286760337536,Norma Kamali Boyfriend Puff Jog Pant - Black,nkst3267lvv08001,Norma Kamali,Sweatpants,45144333090944,L,12874495,335.0,False,,https://kith.com/products/nkst3267lvv08001
8286760337536,Norma Kamali Boyfriend Puff Jog Pant - Black,nkst3267lvv08001,Norma Kamali,Sweatpants,45144333123712,XL,12874496,335.0,False,,https://kith.com/products/nkst3267lvv08001
8286760337536,Norma Kamali Boyfriend Puff Jog Pant - Black,nkst3267lvv08001,Norma Kamali,Sweatpants,45144333156480,XXL,12874497,335.0,False,,https://kith.com/products/nkst3267lvv08001
8286760337536,Norma Kamali Boyfriend Puff Jog Pant - Black,nkst3267lvv08001,Norma Kamali,Sweatpants,45144333189248,XXXL,12874498,335.0,False,,https://kith.com/products/nkst3267lvv08001
8286760337536,Norma Kamali Boyfriend Puff Jog Pant - Black,nkst3267lvv08001,Norma Kamali,Sweatpants,45144333222016,4XL,12874499,335.0,False,,https://kith.com/products/nkst3267lvv08001
8286754373760,Maximum Henry Suede Eyelet Very Slim Standard Belt - Dark Brown,max-sevss-75-db,Maximum Henry,Belts,45144280596608,28,10886642,150.0,False,,https://kith.com/products/max-sevss-75-db
8286754373760,Maximum Henry Suede Eyelet Very Slim Standard Belt - Dark Brown,max-sevss-75-db,Maximum Henry,Belts,45144280629376,29,10886643,150.0,False,,https://kith.com/products/max-sevss-75-db
8286754373760,Maximum Henry Suede Eyelet Very Slim Standard Belt - Dark Brown,max-sevss-75-db,Maximum Henry,Belts,45144280662144,30,10886644,150.0,False,,https://kith.com/products/max-sevss-75-db
8286754373760,Maximum Henry Suede Eyelet Very Slim Standard Belt - Dark Brown,max-sevss-75-db,Maximum Henry,Belts,45144280694912,31,10886645,150.0,False,,https://kith.com/products/max-sevss-75-db
8286754373760,Maximum Henry Suede Eyelet Very Slim Standard Belt - Dark Brown,max-sevss-75-db,Maximum Henry,Belts,45144280727680,32,10886646,150.0,True,,https://kith.com/products/max-sevss-75-db
8286754373760,Maximum Henry Suede Eyelet Very Slim Standard Belt - Dark Brown,max-sevss-75-db,Maximum Henry,Belts,45144280760448,33,10886647,150.0,False,,https://kith.com/products/max-sevss-75-db
8286754373760,Maximum Henry Suede Eyelet Very Slim Standard Belt - Dark Brown,max-sevss-75-db,Maximum Henry,Belts,45144280793216,34,10886648,150.0,True,,https://kith.com/products/max-sevss-75-db
8286754373760,Maximum Henry Suede Eyelet Very Slim Standard Belt - Dark Brown,max-sevss-75-db,Maximum Henry,Belts,45144280825984,35,10886649,150.0,False,,https://kith.com/products/max-sevss-75-db
8286754373760,Maximum Henry Suede Eyelet Very Slim Standard Belt - Dark Brown,max-sevss-75-db,Maximum Henry,Belts,45144280858752,36,10886650,150.0,True,,https://kith.com/products/max-sevss-75-db
8286754373760,Maximum Henry Suede Eyelet Very Slim Standard Belt - Dark Brown,max-sevss-75-db,Maximum Henry,Belts,45144280891520,38,10886651,150.0,False,,https://kith.com/products/max-sevss-75-db
8286754373760,Maximum Henry Suede Eyelet Very Slim Standard Belt - Dark Brown,max-sevss-75-db,Maximum Henry,Belts,45144280924288,40,10886652,150.0,False,,https://kith.com/products/max-sevss-75-db
8286754373760,Maximum Henry Suede Eyelet Very Slim Standard Belt - Dark Brown,max-sevss-75-db,Maximum Henry,Belts,45144280957056,42,10886653,150.0,False,,https://kith.com/products/max-sevss-75-db
8286754373760,Maximum Henry Suede Eyelet Very Slim Standard Belt - Dark Brown,max-sevss-75-db,Maximum Henry,Belts,45144280989824,44,10886654,150.0,False,,https://kith.com/products/max-sevss-75-db
8286754537600,Maximum Henry Suede Eyelet Very Slim Standard Belt - Charcoal,max-sevss-75-ch,Maximum Henry,Belts,45144281383040,28,10886655,150.0,False,,https://kith.com/products/max-sevss-75-ch
8286754537600,Maximum Henry Suede Eyelet Very Slim Standard Belt - Charcoal,max-sevss-75-ch,Maximum Henry,Belts,45144281415808,29,10886656,150.0,False,,https://kith.com/products/max-sevss-75-ch
8286754537600,Maximum Henry Suede Eyelet Very Slim Standard Belt - Charcoal,max-sevss-75-ch,Maximum Henry,Belts,45144281448576,30,10886657,150.0,False,,https://kith.com/products/max-sevss-75-ch
8286754537600,Maximum Henry Suede Eyelet Very Slim Standard Belt - Charcoal,max-sevss-75-ch,Maximum Henry,Belts,45144281481344,31,10886658,150.0,False,,https://kith.com/products/max-sevss-75-ch
8286754537600,Maximum Henry Suede Eyelet Very Slim Standard Belt - Charcoal,max-sevss-75-ch,Maximum Henry,Belts,45144281514112,32,10886659,150.0,True,,https://kith.com/products/max-sevss-75-ch
8286754537600,Maximum Henry Suede Eyelet Very Slim Standard Belt - Charcoal,max-sevss-75-ch,Maximum Henry,Belts,45144281546880,33,10886660,150.0,False,,https://kith.com/products/max-sevss-75-ch
8286754537600,Maximum Henry Suede Eyelet Very Slim Standard Belt - Charcoal,max-sevss-75-ch,Maximum Henry,Belts,45144281579648,34,10886661,150.0,True,,https://kith.com/products/max-sevss-75-ch
8286754537600,Maximum Henry Suede Eyelet Very Slim Standard Belt - Charcoal,max-sevss-75-ch,Maximum Henry,Belts,45144281612416,35,10886662,150.0,False,,https://kith.com/products/max-sevss-75-ch
8286754537600,Maximum Henry Suede Eyelet Very Slim Standard Belt - Charcoal,max-sevss-75-ch,Maximum Henry,Belts,45144281645184,36,10886663,150.0,True,,https://kith.com/products/max-sevss-75-ch
8286754537600,Maximum Henry Suede Eyelet Very Slim Standard Belt - Charcoal,max-sevss-75-ch,Maximum Henry,Belts,45144281677952,38,10886664,150.0,False,,https://kith.com/products/max-sevss-75-ch
8286754537600,Maximum Henry Suede Eyelet Very Slim Standard Belt - Charcoal,max-sevss-75-ch,Maximum Henry,Belts,45144281710720,40,10886665,150.0,False,,https://kith.com/products/max-sevss-75-ch
8286754537600,Maximum Henry Suede Eyelet Very Slim Standard Belt - Charcoal,max-sevss-75-ch,Maximum Henry,Belts,45144281743488,42,10886666,150.0,False,,https://kith.com/products/max-sevss-75-ch
8286754537600,Maximum Henry Suede Eyelet Very Slim Standard Belt - Charcoal,max-sevss-75-ch,Maximum Henry,Belts,45144281776256,44,10886667,150.0,False,,https://kith.com/products/max-sevss-75-ch
8286756339840,Maximum Henry Studded Slim Standard Belt - Black,max-studslim-1-bk,Maximum Henry,Belts,45144297668736,28,10886603,200.0,False,,https://kith.com/products/max-studslim-1-bk
8286756339840,Maximum Henry Studded Slim Standard Belt - Black,max-studslim-1-bk,Maximum Henry,Belts,45144297701504,29,10886604,200.0,False,,https://kith.com/products/max-studslim-1-bk
8286756339840,Maximum Henry Studded Slim Standard Belt - Black,max-studslim-1-bk,Maximum Henry,Belts,45144297734272,30,10886605,200.0,True,,https://kith.com/products/max-studslim-1-bk
8286756339840,Maximum Henry Studded Slim Standard Belt - Black,max-studslim-1-bk,Maximum Henry,Belts,45144297767040,31,10886606,200.0,False,,https://kith.com/products/max-studslim-1-bk
8286756339840,Maximum Henry Studded Slim Standard Belt - Black,max-studslim-1-bk,Maximum Henry,Belts,45144297799808,32,10886607,200.0,True,,https://kith.com/products/max-studslim-1-bk
8286756339840,Maximum Henry Studded Slim Standard Belt - Black,max-studslim-1-bk,Maximum Henry,Belts,45144297832576,33,10886608,200.0,False,,https://kith.com/products/max-studslim-1-bk
8286756339840,Maximum Henry Studded Slim Standard Belt - Black,max-studslim-1-bk,Maximum Henry,Belts,45144297865344,34,10886609,200.0,True,,https://kith.com/products/max-studslim-1-bk
8286756339840,Maximum Henry Studded Slim Standard Belt - Black,max-studslim-1-bk,Maximum Henry,Belts,45144297898112,35,10886610,200.0,False,,https://kith.com/products/max-studslim-1-bk
8286756339840,Maximum Henry Studded Slim Standard Belt - Black,max-studslim-1-bk,Maximum Henry,Belts,45144297930880,36,10886611,200.0,True,,https://kith.com/products/max-studslim-1-bk
8286756339840,Maximum Henry Studded Slim Standard Belt - Black,max-studslim-1-bk,Maximum Henry,Belts,45144297963648,38,10886612,200.0,True,,https://kith.com/products/max-studslim-1-bk
8286756339840,Maximum Henry Studded Slim Standard Belt - Black,max-studslim-1-bk,Maximum Henry,Belts,45144297996416,40,10886613,200.0,False,,https://kith.com/products/max-studslim-1-bk
8286756339840,Maximum Henry Studded Slim Standard Belt - Black,max-studslim-1-bk,Maximum Henry,Belts,45144298029184,42,10886614,200.0,False,,https://kith.com/products/max-studslim-1-bk
8286756339840,Maximum Henry Studded Slim Standard Belt - Black,max-studslim-1-bk,Maximum Henry,Belts,45144298061952,44,10886615,200.0,False,,https://kith.com/products/max-studslim-1-bk
8286754340992,Maximum Henry Double Studded Slim Standard Belt - Dark Brown,max-studslim-1-br,Maximum Henry,Belts,45144280170624,28,10886590,200.0,False,,https://kith.com/products/max-studslim-1-br
8286754340992,Maximum Henry Double Studded Slim Standard Belt - Dark Brown,max-studslim-1-br,Maximum Henry,Belts,45144280203392,29,10886591,200.0,False,,https://kith.com/products/max-studslim-1-br
8286754340992,Maximum Henry Double Studded Slim Standard Belt - Dark Brown,max-studslim-1-br,Maximum Henry,Belts,45144280236160,30,10886592,200.0,False,,https://kith.com/products/max-studslim-1-br
8286754340992,Maximum Henry Double Studded Slim Standard Belt - Dark Brown,max-studslim-1-br,Maximum Henry,Belts,45144280268928,31,10886593,200.0,False,,https://kith.com/products/max-studslim-1-br
8286754340992,Maximum Henry Double Studded Slim Standard Belt - Dark Brown,max-studslim-1-br,Maximum Henry,Belts,45144280301696,32,10886594,200.0,True,,https://kith.com/products/max-studslim-1-br
8286754340992,Maximum Henry Double Studded Slim Standard Belt - Dark Brown,max-studslim-1-br,Maximum Henry,Belts,45144280334464,33,10886595,200.0,False,,https://kith.com/products/max-studslim-1-br
8286754340992,Maximum Henry Double Studded Slim Standard Belt - Dark Brown,max-studslim-1-br,Maximum Henry,Belts,45144280367232,34,10886596,200.0,True,,https://kith.com/products/max-studslim-1-br
8286754340992,Maximum Henry Double Studded Slim Standard Belt - Dark Brown,max-studslim-1-br,Maximum Henry,Belts,45144280400000,35,10886597,200.0,False,,https://kith.com/products/max-studslim-1-br
8286754340992,Maximum Henry Double Studded Slim Standard Belt - Dark Brown,max-studslim-1-br,Maximum Henry,Belts,45144280432768,36,10886598,200.0,True,,https://kith.com/products/max-studslim-1-br
8286754340992,Maximum Henry Double Studded Slim Standard Belt - Dark Brown,max-studslim-1-br,Maximum Henry,Belts,45144280465536,38,10886599,200.0,True,,https://kith.com/products/max-studslim-1-br
8286754340992,Maximum Henry Double Studded Slim Standard Belt - Dark Brown,max-studslim-1-br,Maximum Henry,Belts,45144280498304,40,10886600,200.0,False,,https://kith.com/products/max-studslim-1-br
8286754340992,Maximum Henry Double Studded Slim Standard Belt - Dark Brown,max-studslim-1-br,Maximum Henry,Belts,45144280531072,42,10886601,200.0,False,,https://kith.com/products/max-studslim-1-br
8286754340992,Maximum Henry Double Studded Slim Standard Belt - Dark Brown,max-studslim-1-br,Maximum Henry,Belts,45144280563840,44,10886602,200.0,False,,https://kith.com/products/max-studslim-1-br
8286754570368,Maximum Henry Double Eyelet Belt - Dark Brown,max-dbel-15-db,Maximum Henry,Belts,45144282235008,28,10886616,190.0,False,,https://kith.com/products/max-dbel-15-db
8286754570368,Maximum Henry Double Eyelet Belt - Dark Brown,max-dbel-15-db,Maximum Henry,Belts,45144282267776,29,10886617,190.0,False,,https://kith.com/products/max-dbel-15-db
8286754570368,Maximum Henry Double Eyelet Belt - Dark Brown,max-dbel-15-db,Maximum Henry,Belts,45144282300544,30,10886618,190.0,True,,https://kith.com/products/max-dbel-15-db
8286754570368,Maximum Henry Double Eyelet Belt - Dark Brown,max-dbel-15-db,Maximum Henry,Belts,45144282333312,31,10886619,190.0,False,,https://kith.com/products/max-dbel-15-db
8286754570368,Maximum Henry Double Eyelet Belt - Dark Brown,max-dbel-15-db,Maximum Henry,Belts,45144282366080,32,10886620,190.0,True,,https://kith.com/products/max-dbel-15-db
8286754570368,Maximum Henry Double Eyelet Belt - Dark Brown,max-dbel-15-db,Maximum Henry,Belts,45144282398848,33,10886621,190.0,False,,https://kith.com/products/max-dbel-15-db
8286754570368,Maximum Henry Double Eyelet Belt - Dark Brown,max-dbel-15-db,Maximum Henry,Belts,45144282431616,34,10886622,190.0,True,,https://kith.com/products/max-dbel-15-db
8286754570368,Maximum Henry Double Eyelet Belt - Dark Brown,max-dbel-15-db,Maximum Henry,Belts,45144282464384,35,10886623,190.0,False,,https://kith.com/products/max-dbel-15-db
8286754570368,Maximum Henry Double Eyelet Belt - Dark Brown,max-dbel-15-db,Maximum Henry,Belts,45144282497152,36,10886624,190.0,True,,https://kith.com/products/max-dbel-15-db
8286754570368,Maximum Henry Double Eyelet Belt - Dark Brown,max-dbel-15-db,Maximum Henry,Belts,45144282529920,38,10886625,190.0,True,,https://kith.com/products/max-dbel-15-db
8286754570368,Maximum Henry Double Eyelet Belt - Dark Brown,max-dbel-15-db,Maximum Henry,Belts,45144282562688,40,10886626,190.0,False,,https://kith.com/products/max-dbel-15-db
8286754570368,Maximum Henry Double Eyelet Belt - Dark Brown,max-dbel-15-db,Maximum Henry,Belts,45144282595456,42,10886627,190.0,False,,https://kith.com/products/max-dbel-15-db
8286754570368,Maximum Henry Double Eyelet Belt - Dark Brown,max-dbel-15-db,Maximum Henry,Belts,45144282628224,44,10886628,190.0,False,,https://kith.com/products/max-dbel-15-db
8286754504832,Maximum Henry Double Eyelet Belt - Belt,max-dbel-15-bl,Maximum Henry,Belts,45144281809024,28,10886629,190.0,False,,https://kith.com/products/max-dbel-15-bl
8286754504832,Maximum Henry Double Eyelet Belt - Belt,max-dbel-15-bl,Maximum Henry,Belts,45144281841792,29,10886630,190.0,False,,https://kith.com/products/max-dbel-15-bl
8286754504832,Maximum Henry Double Eyelet Belt - Belt,max-dbel-15-bl,Maximum Henry,Belts,45144281874560,30,10886631,190.0,True,,https://kith.com/products/max-dbel-15-bl
8286754504832,Maximum Henry Double Eyelet Belt - Belt,max-dbel-15-bl,Maximum Henry,Belts,45144281907328,31,10886632,190.0,False,,https://kith.com/products/max-dbel-15-bl
8286754504832,Maximum Henry Double Eyelet Belt - Belt,max-dbel-15-bl,Maximum Henry,Belts,45144281940096,32,10886633,190.0,True,,https://kith.com/products/max-dbel-15-bl
8286754504832,Maximum Henry Double Eyelet Belt - Belt,max-dbel-15-bl,Maximum Henry,Belts,45144281972864,33,10886634,190.0,False,,https://kith.com/products/max-dbel-15-bl
8286754504832,Maximum Henry Double Eyelet Belt - Belt,max-dbel-15-bl,Maximum Henry,Belts,45144282005632,34,10886635,190.0,True,,https://kith.com/products/max-dbel-15-bl
8286754504832,Maximum Henry Double Eyelet Belt - Belt,max-dbel-15-bl,Maximum Henry,Belts,45144282038400,35,10886636,190.0,False,,https://kith.com/products/max-dbel-15-bl
8286754504832,Maximum Henry Double Eyelet Belt - Belt,max-dbel-15-bl,Maximum Henry,Belts,45144282071168,36,10886637,190.0,True,,https://kith.com/products/max-dbel-15-bl
8286754504832,Maximum Henry Double Eyelet Belt - Belt,max-dbel-15-bl,Maximum Henry,Belts,45144282103936,38,10886638,190.0,True,,https://kith.com/products/max-dbel-15-bl
8286754504832,Maximum Henry Double Eyelet Belt - Belt,max-dbel-15-bl,Maximum Henry,Belts,45144282136704,40,10886639,190.0,False,,https://kith.com/products/max-dbel-15-bl
8286754504832,Maximum Henry Double Eyelet Belt - Belt,max-dbel-15-bl,Maximum Henry,Belts,45144282169472,42,10886640,190.0,False,,https://kith.com/products/max-dbel-15-bl
8286754504832,Maximum Henry Double Eyelet Belt - Belt,max-dbel-15-bl,Maximum Henry,Belts,45144282202240,44,10886641,190.0,False,,https://kith.com/products/max-dbel-15-bl
8286756176000,Ksubi Sott Layered Long Sleeve Top - Brown,kswex26te001,Ksubi,Long Sleeve Tops,45144296489088,XXS,10886814,160.0,False,,https://kith.com/products/kswex26te001
8286756176000,Ksubi Sott Layered Long Sleeve Top - Brown,kswex26te001,Ksubi,Long Sleeve Tops,45144296521856,XS,9358214474409,160.0,True,,https://kith.com/products/kswex26te001
8286756176000,Ksubi Sott Layered Long Sleeve Top - Brown,kswex26te001,Ksubi,Long Sleeve Tops,45144296554624,S,9358214474416,160.0,True,,https://kith.com/products/kswex26te001
8286756176000,Ksubi Sott Layered Long Sleeve Top - Brown,kswex26te001,Ksubi,Long Sleeve Tops,45144296587392,M,9358214474423,160.0,True,,https://kith.com/products/kswex26te001
8286756176000,Ksubi Sott Layered Long Sleeve Top - Brown,kswex26te001,Ksubi,Long Sleeve Tops,45144296620160,L,9358214474430,160.0,True,,https://kith.com/products/kswex26te001
8286756176000,Ksubi Sott Layered Long Sleeve Top - Brown,kswex26te001,Ksubi,Long Sleeve Tops,45144296652928,XL,10886819,160.0,False,,https://kith.com/products/kswex26te001
8286756176000,Ksubi Sott Layered Long Sleeve Top - Brown,kswex26te001,Ksubi,Long Sleeve Tops,45144296685696,XXL,10886820,160.0,False,,https://kith.com/products/kswex26te001
8286756176000,Ksubi Sott Layered Long Sleeve Top - Brown,kswex26te001,Ksubi,Long Sleeve Tops,45144296718464,XXXL,10886821,160.0,False,,https://kith.com/products/kswex26te001
8286756176000,Ksubi Sott Layered Long Sleeve Top - Brown,kswex26te001,Ksubi,Long Sleeve Tops,45144296751232,4XL,10886822,160.0,False,,https://kith.com/products/kswex26te001
8286755324032,Ksubi Sott Layered Midi Skirt - Brown,kswex26sk001,Ksubi,Mini Skirts,45144288526464,XXS,10886823,160.0,False,,https://kith.com/products/kswex26sk001
8286755324032,Ksubi Sott Layered Midi Skirt - Brown,kswex26sk001,Ksubi,Mini Skirts,45144288559232,XS,9358214474263,160.0,True,,https://kith.com/products/kswex26sk001
8286755324032,Ksubi Sott Layered Midi Skirt - Brown,kswex26sk001,Ksubi,Mini Skirts,45144288592000,S,9358214474270,160.0,True,,https://kith.com/products/kswex26sk001
8286755324032,Ksubi Sott Layered Midi Skirt - Brown,kswex26sk001,Ksubi,Mini Skirts,45144288624768,M,9358214474287,160.0,True,,https://kith.com/products/kswex26sk001
8286755324032,Ksubi Sott Layered Midi Skirt - Brown,kswex26sk001,Ksubi,Mini Skirts,45144288657536,L,9358214474294,160.0,True,,https://kith.com/products/kswex26sk001
8286755324032,Ksubi Sott Layered Midi Skirt - Brown,kswex26sk001,Ksubi,Mini Skirts,45144288690304,XL,10886828,160.0,False,,https://kith.com/products/kswex26sk001
8286755324032,Ksubi Sott Layered Midi Skirt - Brown,kswex26sk001,Ksubi,Mini Skirts,45144288723072,XXL,10886829,160.0,False,,https://kith.com/products/kswex26sk001
8286755324032,Ksubi Sott Layered Midi Skirt - Brown,kswex26sk001,Ksubi,Mini Skirts,45144288755840,XXXL,10886830,160.0,False,,https://kith.com/products/kswex26sk001
8286755324032,Ksubi Sott Layered Midi Skirt - Brown,kswex26sk001,Ksubi,Mini Skirts,45144288788608,4XL,10886831,160.0,False,,https://kith.com/products/kswex26sk001
8286757585024,Ksubi Sott Layered Chloe Tank Top - Brown,kswex26ta001,Ksubi,Tank Tops,45144309039232,XXS,10886832,140.0,False,,https://kith.com/products/kswex26ta001
8286757585024,Ksubi Sott Layered Chloe Tank Top - Brown,kswex26ta001,Ksubi,Tank Tops,45144309072000,XS,10886833,140.0,True,,https://kith.com/products/kswex26ta001
8286757585024,Ksubi Sott Layered Chloe Tank Top - Brown,kswex26ta001,Ksubi,Tank Tops,45144309104768,S,10886834,140.0,True,,https://kith.com/products/kswex26ta001
8286757585024,Ksubi Sott Layered Chloe Tank Top - Brown,kswex26ta001,Ksubi,Tank Tops,45144309137536,M,10886835,140.0,True,,https://kith.com/products/kswex26ta001
8286757585024,Ksubi Sott Layered Chloe Tank Top - Brown,kswex26ta001,Ksubi,Tank Tops,45144309170304,L,10886836,140.0,False,,https://kith.com/products/kswex26ta001
8286757585024,Ksubi Sott Layered Chloe Tank Top - Brown,kswex26ta001,Ksubi,Tank Tops,45144309203072,XL,10886837,140.0,False,,https://kith.com/products/kswex26ta001
8286757585024,Ksubi Sott Layered Chloe Tank Top - Brown,kswex26ta001,Ksubi,Tank Tops,45144309235840,XXL,10886838,140.0,False,,https://kith.com/products/kswex26ta001
8286757585024,Ksubi Sott Layered Chloe Tank Top - Brown,kswex26ta001,Ksubi,Tank Tops,45144309268608,XXXL,10886839,140.0,False,,https://kith.com/products/kswex26ta001
8286757585024,Ksubi Sott Layered Chloe Tank Top - Brown,kswex26ta001,Ksubi,Tank Tops,45144309301376,4XL,10886840,140.0,False,,https://kith.com/products/kswex26ta001
8286754766976,Ksubi Micro Mini Skirt - Destiny Trashed,kswfa26sk004,Ksubi,Mini Skirts,45144283611264,23,10886730,240.0,False,,https://kith.com/products/kswfa26sk004
8286754766976,Ksubi Micro Mini Skirt - Destiny Trashed,kswfa26sk004,Ksubi,Mini Skirts,45144283644032,24,10886731,240.0,True,,https://kith.com/products/kswfa26sk004
8286754766976,Ksubi Micro Mini Skirt - Destiny Trashed,kswfa26sk004,Ksubi,Mini Skirts,45144283676800,25,10886732,240.0,True,,https://kith.com/products/kswfa26sk004
8286754766976,Ksubi Micro Mini Skirt - Destiny Trashed,kswfa26sk004,Ksubi,Mini Skirts,45144283709568,26,10886733,240.0,True,,https://kith.com/products/kswfa26sk004
8286754766976,Ksubi Micro Mini Skirt - Destiny Trashed,kswfa26sk004,Ksubi,Mini Skirts,45144283742336,27,10886734,240.0,True,,https://kith.com/products/kswfa26sk004
8286754766976,Ksubi Micro Mini Skirt - Destiny Trashed,kswfa26sk004,Ksubi,Mini Skirts,45144283775104,28,10886735,240.0,True,,https://kith.com/products/kswfa26sk004
8286754766976,Ksubi Micro Mini Skirt - Destiny Trashed,kswfa26sk004,Ksubi,Mini Skirts,45144283807872,29,10886736,240.0,True,,https://kith.com/products/kswfa26sk004
8286754766976,Ksubi Micro Mini Skirt - Destiny Trashed,kswfa26sk004,Ksubi,Mini Skirts,45144283840640,30,10886737,240.0,True,,https://kith.com/products/kswfa26sk004
8286754766976,Ksubi Micro Mini Skirt - Destiny Trashed,kswfa26sk004,Ksubi,Mini Skirts,45144283873408,31,10886738,240.0,False,,https://kith.com/products/kswfa26sk004
8286754766976,Ksubi Micro Mini Skirt - Destiny Trashed,kswfa26sk004,Ksubi,Mini Skirts,45144283906176,32,10886739,240.0,False,,https://kith.com/products/kswfa26sk004
8286754766976,Ksubi Micro Mini Skirt - Destiny Trashed,kswfa26sk004,Ksubi,Mini Skirts,45144283938944,33,10886740,240.0,False,,https://kith.com/products/kswfa26sk004
8286729011328,KOZABURO Short Track Jacket - Black,0519-o-002b,KOZABURO,Track Jackets,45143955013760,0,10882252,790.0,False,,https://kith.com/products/0519-o-002b
8286729011328,KOZABURO Short Track Jacket - Black,0519-o-002b,KOZABURO,Track Jackets,45143955046528,1,10882253,790.0,False,,https://kith.com/products/0519-o-002b
8286729011328,KOZABURO Short Track Jacket - Black,0519-o-002b,KOZABURO,Track Jackets,45143955079296,2,10882254,790.0,True,,https://kith.com/products/0519-o-002b
8286729011328,KOZABURO Short Track Jacket - Black,0519-o-002b,KOZABURO,Track Jackets,45143955112064,3,10882255,790.0,False,,https://kith.com/products/0519-o-002b
8286729011328,KOZABURO Short Track Jacket - Black,0519-o-002b,KOZABURO,Track Jackets,45143955144832,4,10882256,790.0,False,,https://kith.com/products/0519-o-002b
8286729011328,KOZABURO Short Track Jacket - Black,0519-o-002b,KOZABURO,Track Jackets,45143955177600,5,10882257,790.0,False,,https://kith.com/products/0519-o-002b
8286729011328,KOZABURO Short Track Jacket - Black,0519-o-002b,KOZABURO,Track Jackets,45143955210368,6,10882258,790.0,False,,https://kith.com/products/0519-o-002b
8286729011328,KOZABURO Short Track Jacket - Black,0519-o-002b,KOZABURO,Track Jackets,45143955243136,7,10882259,790.0,False,,https://kith.com/products/0519-o-002b
8286729011328,KOZABURO Short Track Jacket - Black,0519-o-002b,KOZABURO,Track Jackets,45143955275904,8,10882260,790.0,False,,https://kith.com/products/0519-o-002b
8286729011328,KOZABURO Short Track Jacket - Black,0519-o-002b,KOZABURO,Track Jackets,45143955308672,9,10882261,790.0,False,,https://kith.com/products/0519-o-002b
8286729011328,KOZABURO Short Track Jacket - Black,0519-o-002b,KOZABURO,Track Jackets,45143955341440,10,10882262,790.0,False,,https://kith.com/products/0519-o-002b
8286729011328,KOZABURO Short Track Jacket - Black,0519-o-002b,KOZABURO,Track Jackets,45143955374208,11,10882263,790.0,False,,https://kith.com/products/0519-o-002b
8286729011328,KOZABURO Short Track Jacket - Black,0519-o-002b,KOZABURO,Track Jackets,45143955406976,12,10882264,790.0,False,,https://kith.com/products/0519-o-002b
8286729011328,KOZABURO Short Track Jacket - Black,0519-o-002b,KOZABURO,Track Jackets,45143955439744,13,10882265,790.0,False,,https://kith.com/products/0519-o-002b
8286729011328,KOZABURO Short Track Jacket - Black,0519-o-002b,KOZABURO,Track Jackets,45143955472512,16,10882266,790.0,False,,https://kith.com/products/0519-o-002b
8286729011328,KOZABURO Short Track Jacket - Black,0519-o-002b,KOZABURO,Track Jackets,45143955505280,14,10882267,790.0,False,,https://kith.com/products/0519-o-002b
8286760632448,GUIZIO Leila Top - Navy,dgp26103w085-nvy,GUIZIO,Tank Tops,45144335384704,XXS,12873083,128.0,False,,https://kith.com/products/dgp26103w085-nvy
8286760632448,GUIZIO Leila Top - Navy,dgp26103w085-nvy,GUIZIO,Tank Tops,45144335417472,XS,197346190592,128.0,True,,https://kith.com/products/dgp26103w085-nvy
8286760632448,GUIZIO Leila Top - Navy,dgp26103w085-nvy,GUIZIO,Tank Tops,45144335450240,S,197346190608,128.0,True,,https://kith.com/products/dgp26103w085-nvy
8286760632448,GUIZIO Leila Top - Navy,dgp26103w085-nvy,GUIZIO,Tank Tops,45144335483008,M,197346190615,128.0,True,,https://kith.com/products/dgp26103w085-nvy
8286760632448,GUIZIO Leila Top - Navy,dgp26103w085-nvy,GUIZIO,Tank Tops,45144335515776,L,197346190622,128.0,True,,https://kith.com/products/dgp26103w085-nvy
8286760632448,GUIZIO Leila Top - Navy,dgp26103w085-nvy,GUIZIO,Tank Tops,45144335548544,XL,12873088,128.0,False,,https://kith.com/products/dgp26103w085-nvy
8286760632448,GUIZIO Leila Top - Navy,dgp26103w085-nvy,GUIZIO,Tank Tops,45144335581312,XXL,12873089,128.0,False,,https://kith.com/products/dgp26103w085-nvy
8286760632448,GUIZIO Leila Top - Navy,dgp26103w085-nvy,GUIZIO,Tank Tops,45144335614080,XXXL,12873090,128.0,False,,https://kith.com/products/dgp26103w085-nvy
8286760632448,GUIZIO Leila Top - Navy,dgp26103w085-nvy,GUIZIO,Tank Tops,45144335646848,4XL,12873091,128.0,False,,https://kith.com/products/dgp26103w085-nvy
8286760435840,GUIZIO Leila Top - Honey Butter Yellow,dgp26103w085-yell,GUIZIO,Tank Tops,45144333549696,XXS,12873074,128.0,False,,https://kith.com/products/dgp26103w085-yell
8286760435840,GUIZIO Leila Top - Honey Butter Yellow,dgp26103w085-yell,GUIZIO,Tank Tops,45144333582464,XS,197346190660,128.0,True,,https://kith.com/products/dgp26103w085-yell
8286760435840,GUIZIO Leila Top - Honey Butter Yellow,dgp26103w085-yell,GUIZIO,Tank Tops,45144333615232,S,197346190677,128.0,True,,https://kith.com/products/dgp26103w085-yell
8286760435840,GUIZIO Leila Top - Honey Butter Yellow,dgp26103w085-yell,GUIZIO,Tank Tops,45144333648000,M,197346190684,128.0,True,,https://kith.com/products/dgp26103w085-yell
8286760435840,GUIZIO Leila Top - Honey Butter Yellow,dgp26103w085-yell,GUIZIO,Tank Tops,45144333680768,L,197346190691,128.0,True,,https://kith.com/products/dgp26103w085-yell
8286760435840,GUIZIO Leila Top - Honey Butter Yellow,dgp26103w085-yell,GUIZIO,Tank Tops,45144333713536,XL,12873079,128.0,False,,https://kith.com/products/dgp26103w085-yell
8286760435840,GUIZIO Leila Top - Honey Butter Yellow,dgp26103w085-yell,GUIZIO,Tank Tops,45144333746304,XXL,12873080,128.0,False,,https://kith.com/products/dgp26103w085-yell
8286760435840,GUIZIO Leila Top - Honey Butter Yellow,dgp26103w085-yell,GUIZIO,Tank Tops,45144333779072,XXXL,12873081,128.0,False,,https://kith.com/products/dgp26103w085-yell
8286760435840,GUIZIO Leila Top - Honey Butter Yellow,dgp26103w085-yell,GUIZIO,Tank Tops,45144333811840,4XL,12873082,128.0,False,,https://kith.com/products/dgp26103w085-yell
8286760468608,GUIZIO Leila Mini Skirt - Navy,dgp26309w085-nvy,GUIZIO,Mini Skirts,45144333844608,XXS,12873101,118.0,False,,https://kith.com/products/dgp26309w085-nvy
8286760468608,GUIZIO Leila Mini Skirt - Navy,dgp26309w085-nvy,GUIZIO,Mini Skirts,45144333877376,XS,197346190738,118.0,True,,https://kith.com/products/dgp26309w085-nvy
8286760468608,GUIZIO Leila Mini Skirt - Navy,dgp26309w085-nvy,GUIZIO,Mini Skirts,45144333910144,S,197346190745,118.0,True,,https://kith.com/products/dgp26309w085-nvy
8286760468608,GUIZIO Leila Mini Skirt - Navy,dgp26309w085-nvy,GUIZIO,Mini Skirts,45144333942912,M,197346190752,118.0,True,,https://kith.com/products/dgp26309w085-nvy
8286760468608,GUIZIO Leila Mini Skirt - Navy,dgp26309w085-nvy,GUIZIO,Mini Skirts,45144333975680,L,197346190769,118.0,True,,https://kith.com/products/dgp26309w085-nvy
8286760468608,GUIZIO Leila Mini Skirt - Navy,dgp26309w085-nvy,GUIZIO,Mini Skirts,45144334008448,XL,12873106,118.0,False,,https://kith.com/products/dgp26309w085-nvy
8286760468608,GUIZIO Leila Mini Skirt - Navy,dgp26309w085-nvy,GUIZIO,Mini Skirts,45144334041216,XXL,12873107,118.0,False,,https://kith.com/products/dgp26309w085-nvy
8286760468608,GUIZIO Leila Mini Skirt - Navy,dgp26309w085-nvy,GUIZIO,Mini Skirts,45144334073984,XXXL,12873108,118.0,False,,https://kith.com/products/dgp26309w085-nvy
8286760468608,GUIZIO Leila Mini Skirt - Navy,dgp26309w085-nvy,GUIZIO,Mini Skirts,45144334106752,4XL,12873109,118.0,False,,https://kith.com/products/dgp26309w085-nvy
8286760403072,GUIZIO Leila Mini Skirt - Honey Butter Yellow,dgp26309w085-yell,GUIZIO,Mini Skirts,45144333254784,XXS,12873092,118.0,False,,https://kith.com/products/dgp26309w085-yell
8286760403072,GUIZIO Leila Mini Skirt - Honey Butter Yellow,dgp26309w085-yell,GUIZIO,Mini Skirts,45144333287552,XS,197346190806,118.0,True,,https://kith.com/products/dgp26309w085-yell
8286760403072,GUIZIO Leila Mini Skirt - Honey Butter Yellow,dgp26309w085-yell,GUIZIO,Mini Skirts,45144333320320,S,197346190813,118.0,True,,https://kith.com/products/dgp26309w085-yell
8286760403072,GUIZIO Leila Mini Skirt - Honey Butter Yellow,dgp26309w085-yell,GUIZIO,Mini Skirts,45144333353088,M,197346190820,118.0,True,,https://kith.com/products/dgp26309w085-yell
8286760403072,GUIZIO Leila Mini Skirt - Honey Butter Yellow,dgp26309w085-yell,GUIZIO,Mini Skirts,45144333385856,L,197346190837,118.0,True,,https://kith.com/products/dgp26309w085-yell
8286760403072,GUIZIO Leila Mini Skirt - Honey Butter Yellow,dgp26309w085-yell,GUIZIO,Mini Skirts,45144333418624,XL,12873097,118.0,False,,https://kith.com/products/dgp26309w085-yell
8286760403072,GUIZIO Leila Mini Skirt - Honey Butter Yellow,dgp26309w085-yell,GUIZIO,Mini Skirts,45144333451392,XXL,12873098,118.0,False,,https://kith.com/products/dgp26309w085-yell
8286760403072,GUIZIO Leila Mini Skirt - Honey Butter Yellow,dgp26309w085-yell,GUIZIO,Mini Skirts,45144333484160,XXXL,12873099,118.0,False,,https://kith.com/products/dgp26309w085-yell
8286760403072,GUIZIO Leila Mini Skirt - Honey Butter Yellow,dgp26309w085-yell,GUIZIO,Mini Skirts,45144333516928,4XL,12873100,118.0,False,,https://kith.com/products/dgp26309w085-yell
8286754799744,Frankies Bikinis x Devon Lee Carlson Pinky Promise Crochet Short - Noir,fb41191cn-noir,Frankies Bikinis,Shorts,45144283971712,XXS,14317300,125.0,False,,https://kith.com/products/fb41191cn-noir
8286754799744,Frankies Bikinis x Devon Lee Carlson Pinky Promise Crochet Short - Noir,fb41191cn-noir,Frankies Bikinis,Shorts,45144284004480,XS,197240377198,125.0,True,,https://kith.com/products/fb41191cn-noir
8286754799744,Frankies Bikinis x Devon Lee Carlson Pinky Promise Crochet Short - Noir,fb41191cn-noir,Frankies Bikinis,Shorts,45144284037248,S,197240377204,125.0,True,,https://kith.com/products/fb41191cn-noir
8286754799744,Frankies Bikinis x Devon Lee Carlson Pinky Promise Crochet Short - Noir,fb41191cn-noir,Frankies Bikinis,Shorts,45144284070016,M,197240377211,125.0,True,,https://kith.com/products/fb41191cn-noir
8286754799744,Frankies Bikinis x Devon Lee Carlson Pinky Promise Crochet Short - Noir,fb41191cn-noir,Frankies Bikinis,Shorts,45144284102784,L,197240377228,125.0,True,,https://kith.com/products/fb41191cn-noir
8286754799744,Frankies Bikinis x Devon Lee Carlson Pinky Promise Crochet Short - Noir,fb41191cn-noir,Frankies Bikinis,Shorts,45144284135552,XL,14317305,125.0,False,,https://kith.com/products/fb41191cn-noir
8286754799744,Frankies Bikinis x Devon Lee Carlson Pinky Promise Crochet Short - Noir,fb41191cn-noir,Frankies Bikinis,Shorts,45144284168320,XXL,14317306,125.0,False,,https://kith.com/products/fb41191cn-noir
8286754799744,Frankies Bikinis x Devon Lee Carlson Pinky Promise Crochet Short - Noir,fb41191cn-noir,Frankies Bikinis,Shorts,45144284201088,XXXL,14317307,125.0,False,,https://kith.com/products/fb41191cn-noir
8286754799744,Frankies Bikinis x Devon Lee Carlson Pinky Promise Crochet Short - Noir,fb41191cn-noir,Frankies Bikinis,Shorts,45144284233856,4XL,14317308,125.0,False,,https://kith.com/products/fb41191cn-noir
8286755913856,Frankies Bikinis x Devon Lee Carlson Pinky Promise Crochet Bolero Top - Noir,fb33339cn-noir,Frankies Bikinis,Short Sleeve Tops,45144294129792,XXS,14317291,140.0,False,,https://kith.com/products/fb33339cn-noir
8286755913856,Frankies Bikinis x Devon Lee Carlson Pinky Promise Crochet Bolero Top - Noir,fb33339cn-noir,Frankies Bikinis,Short Sleeve Tops,45144294162560,XS,197240377136,140.0,False,,https://kith.com/products/fb33339cn-noir
8286755913856,Frankies Bikinis x Devon Lee Carlson Pinky Promise Crochet Bolero Top - Noir,fb33339cn-noir,Frankies Bikinis,Short Sleeve Tops,45144294195328,S,197240377143,140.0,False,,https://kith.com/products/fb33339cn-noir
8286755913856,Frankies Bikinis x Devon Lee Carlson Pinky Promise Crochet Bolero Top - Noir,fb33339cn-noir,Frankies Bikinis,Short Sleeve Tops,45144294228096,M,197240377150,140.0,True,,https://kith.com/products/fb33339cn-noir
8286755913856,Frankies Bikinis x Devon Lee Carlson Pinky Promise Crochet Bolero Top - Noir,fb33339cn-noir,Frankies Bikinis,Short Sleeve Tops,45144294260864,L,14317295,140.0,False,,https://kith.com/products/fb33339cn-noir
8286755913856,Frankies Bikinis x Devon Lee Carlson Pinky Promise Crochet Bolero Top - Noir,fb33339cn-noir,Frankies Bikinis,Short Sleeve Tops,45144294293632,XL,14317296,140.0,False,,https://kith.com/products/fb33339cn-noir
8286755913856,Frankies Bikinis x Devon Lee Carlson Pinky Promise Crochet Bolero Top - Noir,fb33339cn-noir,Frankies Bikinis,Short Sleeve Tops,45144294326400,XXL,14317297,140.0,False,,https://kith.com/products/fb33339cn-noir
8286755913856,Frankies Bikinis x Devon Lee Carlson Pinky Promise Crochet Bolero Top - Noir,fb33339cn-noir,Frankies Bikinis,Short Sleeve Tops,45144294359168,XXXL,14317298,140.0,False,,https://kith.com/products/fb33339cn-noir
8286755913856,Frankies Bikinis x Devon Lee Carlson Pinky Promise Crochet Bolero Top - Noir,fb33339cn-noir,Frankies Bikinis,Short Sleeve Tops,45144294391936,4XL,14317299,140.0,False,,https://kith.com/products/fb33339cn-noir
8286755586176,Frankies Bikinis x Devon Lee Carlson Nick Triangle Bikini Top - West Coast,fb10168sa-wes,Frankies Bikinis,Bikini Tops,45144291475584,XXS,14317237,80.0,False,,https://kith.com/products/fb10168sa-wes
8286755586176,Frankies Bikinis x Devon Lee Carlson Nick Triangle Bikini Top - West Coast,fb10168sa-wes,Frankies Bikinis,Bikini Tops,45144291508352,XS,197240375415,80.0,True,,https://kith.com/products/fb10168sa-wes
8286755586176,Frankies Bikinis x Devon Lee Carlson Nick Triangle Bikini Top - West Coast,fb10168sa-wes,Frankies Bikinis,Bikini Tops,45144291541120,S,197240375422,80.0,True,,https://kith.com/products/fb10168sa-wes
8286755586176,Frankies Bikinis x Devon Lee Carlson Nick Triangle Bikini Top - West Coast,fb10168sa-wes,Frankies Bikinis,Bikini Tops,45144291573888,M,197240375439,80.0,True,,https://kith.com/products/fb10168sa-wes
8286755586176,Frankies Bikinis x Devon Lee Carlson Nick Triangle Bikini Top - West Coast,fb10168sa-wes,Frankies Bikinis,Bikini Tops,45144291606656,L,197240375446,80.0,True,,https://kith.com/products/fb10168sa-wes
8286755586176,Frankies Bikinis x Devon Lee Carlson Nick Triangle Bikini Top - West Coast,fb10168sa-wes,Frankies Bikinis,Bikini Tops,45144291639424,XL,14317242,80.0,False,,https://kith.com/products/fb10168sa-wes
8286755586176,Frankies Bikinis x Devon Lee Carlson Nick Triangle Bikini Top - West Coast,fb10168sa-wes,Frankies Bikinis,Bikini Tops,45144291672192,XXL,14317243,80.0,False,,https://kith.com/products/fb10168sa-wes
8286755586176,Frankies Bikinis x Devon Lee Carlson Nick Triangle Bikini Top - West Coast,fb10168sa-wes,Frankies Bikinis,Bikini Tops,45144291704960,XXXL,14317244,80.0,False,,https://kith.com/products/fb10168sa-wes
8286755586176,Frankies Bikinis x Devon Lee Carlson Nick Triangle Bikini Top - West Coast,fb10168sa-wes,Frankies Bikinis,Bikini Tops,45144291737728,4XL,14317245,80.0,False,,https://kith.com/products/fb10168sa-wes
8286756241536,Frankies Bikinis x Devon Lee Carlson Nick Triangle Bikini Top - Rawr,fb10168sa-raw,Frankies Bikinis,Bikini Tops,45144296784000,XXS,14317273,80.0,False,,https://kith.com/products/fb10168sa-raw
8286756241536,Frankies Bikinis x Devon Lee Carlson Nick Triangle Bikini Top - Rawr,fb10168sa-raw,Frankies Bikinis,Bikini Tops,45144296816768,XS,197240375460,80.0,True,,https://kith.com/products/fb10168sa-raw
8286756241536,Frankies Bikinis x Devon Lee Carlson Nick Triangle Bikini Top - Rawr,fb10168sa-raw,Frankies Bikinis,Bikini Tops,45144296849536,S,197240375477,80.0,True,,https://kith.com/products/fb10168sa-raw
8286756241536,Frankies Bikinis x Devon Lee Carlson Nick Triangle Bikini Top - Rawr,fb10168sa-raw,Frankies Bikinis,Bikini Tops,45144296882304,M,197240375484,80.0,True,,https://kith.com/products/fb10168sa-raw
8286756241536,Frankies Bikinis x Devon Lee Carlson Nick Triangle Bikini Top - Rawr,fb10168sa-raw,Frankies Bikinis,Bikini Tops,45144296915072,L,197240375491,80.0,True,,https://kith.com/products/fb10168sa-raw
8286756241536,Frankies Bikinis x Devon Lee Carlson Nick Triangle Bikini Top - Rawr,fb10168sa-raw,Frankies Bikinis,Bikini Tops,45144296947840,XL,14317278,80.0,False,,https://kith.com/products/fb10168sa-raw
8286756241536,Frankies Bikinis x Devon Lee Carlson Nick Triangle Bikini Top - Rawr,fb10168sa-raw,Frankies Bikinis,Bikini Tops,45144296980608,XXL,14317279,80.0,False,,https://kith.com/products/fb10168sa-raw
8286756241536,Frankies Bikinis x Devon Lee Carlson Nick Triangle Bikini Top - Rawr,fb10168sa-raw,Frankies Bikinis,Bikini Tops,45144297013376,XXXL,14317280,80.0,False,,https://kith.com/products/fb10168sa-raw
8286756241536,Frankies Bikinis x Devon Lee Carlson Nick Triangle Bikini Top - Rawr,fb10168sa-raw,Frankies Bikinis,Bikini Tops,45144297046144,4XL,14317281,80.0,False,,https://kith.com/products/fb10168sa-raw
8286757388416,Frankies Bikinis x Devon Lee Carlson Mackenzie Cheeky Bikini Bottom - Rawr,fb11171sa-raw,Frankies Bikinis,Bikini Bottoms,45144307269760,XXS,14317282,85.0,False,,https://kith.com/products/fb11171sa-raw
8286757388416,Frankies Bikinis x Devon Lee Carlson Mackenzie Cheeky Bikini Bottom - Rawr,fb11171sa-raw,Frankies Bikinis,Bikini Bottoms,45144307302528,XS,197240375316,85.0,True,,https://kith.com/products/fb11171sa-raw
8286757388416,Frankies Bikinis x Devon Lee Carlson Mackenzie Cheeky Bikini Bottom - Rawr,fb11171sa-raw,Frankies Bikinis,Bikini Bottoms,45144307335296,S,197240375323,85.0,True,,https://kith.com/products/fb11171sa-raw
8286757388416,Frankies Bikinis x Devon Lee Carlson Mackenzie Cheeky Bikini Bottom - Rawr,fb11171sa-raw,Frankies Bikinis,Bikini Bottoms,45144307368064,M,197240375330,85.0,True,,https://kith.com/products/fb11171sa-raw
8286757388416,Frankies Bikinis x Devon Lee Carlson Mackenzie Cheeky Bikini Bottom - Rawr,fb11171sa-raw,Frankies Bikinis,Bikini Bottoms,45144307400832,L,197240375347,85.0,True,,https://kith.com/products/fb11171sa-raw
8286757388416,Frankies Bikinis x Devon Lee Carlson Mackenzie Cheeky Bikini Bottom - Rawr,fb11171sa-raw,Frankies Bikinis,Bikini Bottoms,45144307433600,XL,14317287,85.0,False,,https://kith.com/products/fb11171sa-raw
8286757388416,Frankies Bikinis x Devon Lee Carlson Mackenzie Cheeky Bikini Bottom - Rawr,fb11171sa-raw,Frankies Bikinis,Bikini Bottoms,45144307466368,XXL,14317288,85.0,False,,https://kith.com/products/fb11171sa-raw
8286757388416,Frankies Bikinis x Devon Lee Carlson Mackenzie Cheeky Bikini Bottom - Rawr,fb11171sa-raw,Frankies Bikinis,Bikini Bottoms,45144307499136,XXXL,14317289,85.0,False,,https://kith.com/products/fb11171sa-raw
8286757388416,Frankies Bikinis x Devon Lee Carlson Mackenzie Cheeky Bikini Bottom - Rawr,fb11171sa-raw,Frankies Bikinis,Bikini Bottoms,45144307531904,4XL,14317290,85.0,False,,https://kith.com/products/fb11171sa-raw
8286757126272,Frankies Bikinis x Devon Lee Carlson Lalala Jersey Mini Dress - Sweet,fb20365jy-swe,Frankies Bikinis,Mini Dresses,45144304910464,XXS,14317318,185.0,False,,https://kith.com/products/fb20365jy-swe
8286757126272,Frankies Bikinis x Devon Lee Carlson Lalala Jersey Mini Dress - Sweet,fb20365jy-swe,Frankies Bikinis,Mini Dresses,45144304943232,XS,197240376269,185.0,True,,https://kith.com/products/fb20365jy-swe
8286757126272,Frankies Bikinis x Devon Lee Carlson Lalala Jersey Mini Dress - Sweet,fb20365jy-swe,Frankies Bikinis,Mini Dresses,45144304976000,S,197240376276,185.0,True,,https://kith.com/products/fb20365jy-swe
8286757126272,Frankies Bikinis x Devon Lee Carlson Lalala Jersey Mini Dress - Sweet,fb20365jy-swe,Frankies Bikinis,Mini Dresses,45144305008768,M,197240376283,185.0,True,,https://kith.com/products/fb20365jy-swe
8286757126272,Frankies Bikinis x Devon Lee Carlson Lalala Jersey Mini Dress - Sweet,fb20365jy-swe,Frankies Bikinis,Mini Dresses,45144305041536,L,197240376290,185.0,True,,https://kith.com/products/fb20365jy-swe
8286757126272,Frankies Bikinis x Devon Lee Carlson Lalala Jersey Mini Dress - Sweet,fb20365jy-swe,Frankies Bikinis,Mini Dresses,45144305074304,XL,14317323,185.0,False,,https://kith.com/products/fb20365jy-swe
8286757126272,Frankies Bikinis x Devon Lee Carlson Lalala Jersey Mini Dress - Sweet,fb20365jy-swe,Frankies Bikinis,Mini Dresses,45144305107072,XXL,14317324,185.0,False,,https://kith.com/products/fb20365jy-swe
8286757126272,Frankies Bikinis x Devon Lee Carlson Lalala Jersey Mini Dress - Sweet,fb20365jy-swe,Frankies Bikinis,Mini Dresses,45144305139840,XXXL,14317325,185.0,False,,https://kith.com/products/fb20365jy-swe
8286757126272,Frankies Bikinis x Devon Lee Carlson Lalala Jersey Mini Dress - Sweet,fb20365jy-swe,Frankies Bikinis,Mini Dresses,45144305172608,4XL,14317326,185.0,False,,https://kith.com/products/fb20365jy-swe
8286754701440,Frankies Bikinis x Devon Lee Carlson Elena Skimpy Bikini Bottom - West Coast,fb11512sa-wes,Frankies Bikinis,Bikini Bottoms,45144283021440,XXS,14317246,85.0,False,,https://kith.com/products/fb11512sa-wes
8286754701440,Frankies Bikinis x Devon Lee Carlson Elena Skimpy Bikini Bottom - West Coast,fb11512sa-wes,Frankies Bikinis,Bikini Bottoms,45144283054208,XS,197240375163,85.0,True,,https://kith.com/products/fb11512sa-wes
8286754701440,Frankies Bikinis x Devon Lee Carlson Elena Skimpy Bikini Bottom - West Coast,fb11512sa-wes,Frankies Bikinis,Bikini Bottoms,45144283086976,S,197240375170,85.0,True,,https://kith.com/products/fb11512sa-wes
8286754701440,Frankies Bikinis x Devon Lee Carlson Elena Skimpy Bikini Bottom - West Coast,fb11512sa-wes,Frankies Bikinis,Bikini Bottoms,45144283119744,M,197240375187,85.0,True,,https://kith.com/products/fb11512sa-wes
8286754701440,Frankies Bikinis x Devon Lee Carlson Elena Skimpy Bikini Bottom - West Coast,fb11512sa-wes,Frankies Bikinis,Bikini Bottoms,45144283152512,L,197240375194,85.0,True,,https://kith.com/products/fb11512sa-wes
8286754701440,Frankies Bikinis x Devon Lee Carlson Elena Skimpy Bikini Bottom - West Coast,fb11512sa-wes,Frankies Bikinis,Bikini Bottoms,45144283185280,XL,14317251,85.0,False,,https://kith.com/products/fb11512sa-wes
8286754701440,Frankies Bikinis x Devon Lee Carlson Elena Skimpy Bikini Bottom - West Coast,fb11512sa-wes,Frankies Bikinis,Bikini Bottoms,45144283218048,XXL,14317252,85.0,False,,https://kith.com/products/fb11512sa-wes
8286754701440,Frankies Bikinis x Devon Lee Carlson Elena Skimpy Bikini Bottom - West Coast,fb11512sa-wes,Frankies Bikinis,Bikini Bottoms,45144283250816,XXXL,14317253,85.0,False,,https://kith.com/products/fb11512sa-wes
8286754701440,Frankies Bikinis x Devon Lee Carlson Elena Skimpy Bikini Bottom - West Coast,fb11512sa-wes,Frankies Bikinis,Bikini Bottoms,45144283283584,4XL,14317254,85.0,False,,https://kith.com/products/fb11512sa-wes
8286757617792,Frankies Bikinis x Devon Lee Carlson Elena Reversible Bikini Top - Shopoholic,fb10570sa-sho,Frankies Bikinis,Bikini Tops,45144309334144,XXS,14317255,100.0,False,,https://kith.com/products/fb10570sa-sho
8286757617792,Frankies Bikinis x Devon Lee Carlson Elena Reversible Bikini Top - Shopoholic,fb10570sa-sho,Frankies Bikinis,Bikini Tops,45144309366912,XS,197240375217,100.0,True,,https://kith.com/products/fb10570sa-sho
8286757617792,Frankies Bikinis x Devon Lee Carlson Elena Reversible Bikini Top - Shopoholic,fb10570sa-sho,Frankies Bikinis,Bikini Tops,45144309399680,S,197240375224,100.0,False,,https://kith.com/products/fb10570sa-sho
8286757617792,Frankies Bikinis x Devon Lee Carlson Elena Reversible Bikini Top - Shopoholic,fb10570sa-sho,Frankies Bikinis,Bikini Tops,45144309432448,M,197240375231,100.0,False,,https://kith.com/products/fb10570sa-sho
8286757617792,Frankies Bikinis x Devon Lee Carlson Elena Reversible Bikini Top - Shopoholic,fb10570sa-sho,Frankies Bikinis,Bikini Tops,45144309465216,L,197240375248,100.0,False,,https://kith.com/products/fb10570sa-sho
8286757617792,Frankies Bikinis x Devon Lee Carlson Elena Reversible Bikini Top - Shopoholic,fb10570sa-sho,Frankies Bikinis,Bikini Tops,45144309497984,XL,14317260,100.0,False,,https://kith.com/products/fb10570sa-sho
8286757617792,Frankies Bikinis x Devon Lee Carlson Elena Reversible Bikini Top - Shopoholic,fb10570sa-sho,Frankies Bikinis,Bikini Tops,45144309530752,XXL,14317261,100.0,False,,https://kith.com/products/fb10570sa-sho
8286757617792,Frankies Bikinis x Devon Lee Carlson Elena Reversible Bikini Top - Shopoholic,fb10570sa-sho,Frankies Bikinis,Bikini Tops,45144309563520,XXXL,14317262,100.0,False,,https://kith.com/products/fb10570sa-sho
8286757617792,Frankies Bikinis x Devon Lee Carlson Elena Reversible Bikini Top - Shopoholic,fb10570sa-sho,Frankies Bikinis,Bikini Tops,45144309596288,4XL,14317263,100.0,False,,https://kith.com/products/fb10570sa-sho
8286754898048,Frankies Bikinis x Devon Lee Carlson Divine Reversible Bikini Bottom - Shopoholic,fb11458sa-sho,Frankies Bikinis,Bikini Bottoms,45144284856448,XXS,14317264,90.0,False,,https://kith.com/products/fb11458sa-sho
8286754898048,Frankies Bikinis x Devon Lee Carlson Divine Reversible Bikini Bottom - Shopoholic,fb11458sa-sho,Frankies Bikinis,Bikini Bottoms,45144284889216,XS,197240375118,90.0,True,,https://kith.com/products/fb11458sa-sho
8286754898048,Frankies Bikinis x Devon Lee Carlson Divine Reversible Bikini Bottom - Shopoholic,fb11458sa-sho,Frankies Bikinis,Bikini Bottoms,45144284921984,S,197240375125,90.0,False,,https://kith.com/products/fb11458sa-sho
8286754898048,Frankies Bikinis x Devon Lee Carlson Divine Reversible Bikini Bottom - Shopoholic,fb11458sa-sho,Frankies Bikinis,Bikini Bottoms,45144284954752,M,197240375132,90.0,False,,https://kith.com/products/fb11458sa-sho
8286754898048,Frankies Bikinis x Devon Lee Carlson Divine Reversible Bikini Bottom - Shopoholic,fb11458sa-sho,Frankies Bikinis,Bikini Bottoms,45144284987520,L,197240375149,90.0,False,,https://kith.com/products/fb11458sa-sho
8286754898048,Frankies Bikinis x Devon Lee Carlson Divine Reversible Bikini Bottom - Shopoholic,fb11458sa-sho,Frankies Bikinis,Bikini Bottoms,45144285020288,XL,14317269,90.0,False,,https://kith.com/products/fb11458sa-sho
8286754898048,Frankies Bikinis x Devon Lee Carlson Divine Reversible Bikini Bottom - Shopoholic,fb11458sa-sho,Frankies Bikinis,Bikini Bottoms,45144285053056,XXL,14317270,90.0,False,,https://kith.com/products/fb11458sa-sho
8286754898048,Frankies Bikinis x Devon Lee Carlson Divine Reversible Bikini Bottom - Shopoholic,fb11458sa-sho,Frankies Bikinis,Bikini Bottoms,45144285085824,XXXL,14317271,90.0,False,,https://kith.com/products/fb11458sa-sho
8286754898048,Frankies Bikinis x Devon Lee Carlson Divine Reversible Bikini Bottom - Shopoholic,fb11458sa-sho,Frankies Bikinis,Bikini Bottoms,45144285118592,4XL,14317272,90.0,False,,https://kith.com/products/fb11458sa-sho
8286756503680,Frankies Bikinis Sky Cotton Gauze Babydoll Dress - Fluff,fb33344cg-flf,Frankies Bikinis,Mini Dresses,45144299307136,XXS,14317309,195.0,False,,https://kith.com/products/fb33344cg-flf
8286756503680,Frankies Bikinis Sky Cotton Gauze Babydoll Dress - Fluff,fb33344cg-flf,Frankies Bikinis,Mini Dresses,45144299339904,XS,197240377693,195.0,True,,https://kith.com/products/fb33344cg-flf
8286756503680,Frankies Bikinis Sky Cotton Gauze Babydoll Dress - Fluff,fb33344cg-flf,Frankies Bikinis,Mini Dresses,45144299372672,S,197240377709,195.0,True,,https://kith.com/products/fb33344cg-flf
8286756503680,Frankies Bikinis Sky Cotton Gauze Babydoll Dress - Fluff,fb33344cg-flf,Frankies Bikinis,Mini Dresses,45144299405440,M,197240377716,195.0,False,,https://kith.com/products/fb33344cg-flf
8286756503680,Frankies Bikinis Sky Cotton Gauze Babydoll Dress - Fluff,fb33344cg-flf,Frankies Bikinis,Mini Dresses,45144299438208,L,197240377723,195.0,True,,https://kith.com/products/fb33344cg-flf
8286756503680,Frankies Bikinis Sky Cotton Gauze Babydoll Dress - Fluff,fb33344cg-flf,Frankies Bikinis,Mini Dresses,45144299470976,XL,14317314,195.0,False,,https://kith.com/products/fb33344cg-flf
8286756503680,Frankies Bikinis Sky Cotton Gauze Babydoll Dress - Fluff,fb33344cg-flf,Frankies Bikinis,Mini Dresses,45144299503744,XXL,14317315,195.0,False,,https://kith.com/products/fb33344cg-flf
8286756503680,Frankies Bikinis Sky Cotton Gauze Babydoll Dress - Fluff,fb33344cg-flf,Frankies Bikinis,Mini Dresses,45144299536512,XXXL,14317316,195.0,False,,https://kith.com/products/fb33344cg-flf
8286756503680,Frankies Bikinis Sky Cotton Gauze Babydoll Dress - Fluff,fb33344cg-flf,Frankies Bikinis,Mini Dresses,45144299569280,4XL,14317317,195.0,False,,https://kith.com/products/fb33344cg-flf
8286754963584,Essentials Yankees Sport Hoodie - Oatmeal Heather / Dark Sapphire Pinstripes,essrw00200-0137,Essentials,Hoodies,45144285741184,XXS,10876695,175.0,False,,https://kith.com/products/essrw00200-0137
8286754963584,Essentials Yankees Sport Hoodie - Oatmeal Heather / Dark Sapphire Pinstripes,essrw00200-0137,Essentials,Hoodies,45144285773952,XS,197770196894,175.0,False,,https://kith.com/products/essrw00200-0137
8286754963584,Essentials Yankees Sport Hoodie - Oatmeal Heather / Dark Sapphire Pinstripes,essrw00200-0137,Essentials,Hoodies,45144285806720,S,197770196887,175.0,True,,https://kith.com/products/essrw00200-0137
8286754963584,Essentials Yankees Sport Hoodie - Oatmeal Heather / Dark Sapphire Pinstripes,essrw00200-0137,Essentials,Hoodies,45144285839488,M,197770196870,175.0,True,,https://kith.com/products/essrw00200-0137
8286754963584,Essentials Yankees Sport Hoodie - Oatmeal Heather / Dark Sapphire Pinstripes,essrw00200-0137,Essentials,Hoodies,45144285872256,L,197770196863,175.0,True,,https://kith.com/products/essrw00200-0137
8286754963584,Essentials Yankees Sport Hoodie - Oatmeal Heather / Dark Sapphire Pinstripes,essrw00200-0137,Essentials,Hoodies,45144285905024,XL,197770196849,175.0,True,,https://kith.com/products/essrw00200-0137
8286754963584,Essentials Yankees Sport Hoodie - Oatmeal Heather / Dark Sapphire Pinstripes,essrw00200-0137,Essentials,Hoodies,45144285937792,XXL,197770196832,175.0,True,,https://kith.com/products/essrw00200-0137
8286754963584,Essentials Yankees Sport Hoodie - Oatmeal Heather / Dark Sapphire Pinstripes,essrw00200-0137,Essentials,Hoodies,45144285970560,XXXL,10876702,175.0,False,,https://kith.com/products/essrw00200-0137
8286754963584,Essentials Yankees Sport Hoodie - Oatmeal Heather / Dark Sapphire Pinstripes,essrw00200-0137,Essentials,Hoodies,45144286003328,4XL,10876703,175.0,False,,https://kith.com/products/essrw00200-0137
8286755258496,Essentials Yankees Raglan Half Zip Sport Hoodie - Dark Sapphire / Overland,essrw00211-0067,Essentials,Hoodies,45144287936640,XXS,10876731,185.0,False,,https://kith.com/products/essrw00211-0067
8286755258496,Essentials Yankees Raglan Half Zip Sport Hoodie - Dark Sapphire / Overland,essrw00211-0067,Essentials,Hoodies,45144287969408,XS,197770195590,185.0,False,,https://kith.com/products/essrw00211-0067
8286755258496,Essentials Yankees Raglan Half Zip Sport Hoodie - Dark Sapphire / Overland,essrw00211-0067,Essentials,Hoodies,45144288002176,S,197770195583,185.0,True,,https://kith.com/products/essrw00211-0067
8286755258496,Essentials Yankees Raglan Half Zip Sport Hoodie - Dark Sapphire / Overland,essrw00211-0067,Essentials,Hoodies,45144288034944,M,197770195569,185.0,True,,https://kith.com/products/essrw00211-0067
8286755258496,Essentials Yankees Raglan Half Zip Sport Hoodie - Dark Sapphire / Overland,essrw00211-0067,Essentials,Hoodies,45144288067712,L,197770195576,185.0,True,,https://kith.com/products/essrw00211-0067
8286755258496,Essentials Yankees Raglan Half Zip Sport Hoodie - Dark Sapphire / Overland,essrw00211-0067,Essentials,Hoodies,45144288100480,XL,197770195545,185.0,True,,https://kith.com/products/essrw00211-0067
8286755258496,Essentials Yankees Raglan Half Zip Sport Hoodie - Dark Sapphire / Overland,essrw00211-0067,Essentials,Hoodies,45144288133248,XXL,197770195552,185.0,True,,https://kith.com/products/essrw00211-0067
8286755258496,Essentials Yankees Raglan Half Zip Sport Hoodie - Dark Sapphire / Overland,essrw00211-0067,Essentials,Hoodies,45144288166016,XXXL,10876738,185.0,False,,https://kith.com/products/essrw00211-0067
8286755258496,Essentials Yankees Raglan Half Zip Sport Hoodie - Dark Sapphire / Overland,essrw00211-0067,Essentials,Hoodies,45144288198784,4XL,10876739,185.0,False,,https://kith.com/products/essrw00211-0067
8286756307072,Essentials Yankees Merch Tee - Seal Heather,essrw00188-0135,Essentials,Short Sleeve Tees,45144297373824,XXS,10876632,90.0,False,,https://kith.com/products/essrw00188-0135
8286756307072,Essentials Yankees Merch Tee - Seal Heather,essrw00188-0135,Essentials,Short Sleeve Tees,45144297406592,XS,197770197877,90.0,False,,https://kith.com/products/essrw00188-0135
8286756307072,Essentials Yankees Merch Tee - Seal Heather,essrw00188-0135,Essentials,Short Sleeve Tees,45144297439360,S,197770197860,90.0,True,,https://kith.com/products/essrw00188-0135
8286756307072,Essentials Yankees Merch Tee - Seal Heather,essrw00188-0135,Essentials,Short Sleeve Tees,45144297472128,M,197770197853,90.0,True,,https://kith.com/products/essrw00188-0135
8286756307072,Essentials Yankees Merch Tee - Seal Heather,essrw00188-0135,Essentials,Short Sleeve Tees,45144297504896,L,197770197846,90.0,True,,https://kith.com/products/essrw00188-0135
8286756307072,Essentials Yankees Merch Tee - Seal Heather,essrw00188-0135,Essentials,Short Sleeve Tees,45144297537664,XL,197770197839,90.0,True,,https://kith.com/products/essrw00188-0135
8286756307072,Essentials Yankees Merch Tee - Seal Heather,essrw00188-0135,Essentials,Short Sleeve Tees,45144297570432,XXL,197770197815,90.0,True,,https://kith.com/products/essrw00188-0135
8286756307072,Essentials Yankees Merch Tee - Seal Heather,essrw00188-0135,Essentials,Short Sleeve Tees,45144297603200,XXXL,10876639,90.0,False,,https://kith.com/products/essrw00188-0135
8286756307072,Essentials Yankees Merch Tee - Seal Heather,essrw00188-0135,Essentials,Short Sleeve Tees,45144297635968,4XL,10876640,90.0,False,,https://kith.com/products/essrw00188-0135
8286755291264,Essentials Yankees Half Zip Pullover - Dark Sapphire / Overland Rib,essrw00231-0067,Essentials,Sweatshirts,45144288231552,XXS,10876794,250.0,False,,https://kith.com/products/essrw00231-0067
8286755291264,Essentials Yankees Half Zip Pullover - Dark Sapphire / Overland Rib,essrw00231-0067,Essentials,Sweatshirts,45144288264320,XS,197770128215,250.0,False,,https://kith.com/products/essrw00231-0067
8286755291264,Essentials Yankees Half Zip Pullover - Dark Sapphire / Overland Rib,essrw00231-0067,Essentials,Sweatshirts,45144288297088,S,197770128208,250.0,False,,https://kith.com/products/essrw00231-0067
8286755291264,Essentials Yankees Half Zip Pullover - Dark Sapphire / Overland Rib,essrw00231-0067,Essentials,Sweatshirts,45144288329856,M,197770128192,250.0,True,,https://kith.com/products/essrw00231-0067
8286755291264,Essentials Yankees Half Zip Pullover - Dark Sapphire / Overland Rib,essrw00231-0067,Essentials,Sweatshirts,45144288362624,L,197770128185,250.0,True,,https://kith.com/products/essrw00231-0067
8286755291264,Essentials Yankees Half Zip Pullover - Dark Sapphire / Overland Rib,essrw00231-0067,Essentials,Sweatshirts,45144288395392,XL,197770128178,250.0,True,,https://kith.com/products/essrw00231-0067
8286755291264,Essentials Yankees Half Zip Pullover - Dark Sapphire / Overland Rib,essrw00231-0067,Essentials,Sweatshirts,45144288428160,XXL,197770128161,250.0,False,,https://kith.com/products/essrw00231-0067
8286755291264,Essentials Yankees Half Zip Pullover - Dark Sapphire / Overland Rib,essrw00231-0067,Essentials,Sweatshirts,45144288460928,XXXL,10876801,250.0,False,,https://kith.com/products/essrw00231-0067
8286755291264,Essentials Yankees Half Zip Pullover - Dark Sapphire / Overland Rib,essrw00231-0067,Essentials,Sweatshirts,45144288493696,4XL,10876802,250.0,False,,https://kith.com/products/essrw00231-0067
8286755553408,Essentials Yankees Gym Short - Dark Sapphire,essrw00261-0131,Essentials,Shorts,45144290885760,XXS,10876839,150.0,False,,https://kith.com/products/essrw00261-0131
8286755553408,Essentials Yankees Gym Short - Dark Sapphire,essrw00261-0131,Essentials,Shorts,45144290918528,XS,10876840,150.0,False,,https://kith.com/products/essrw00261-0131
8286755553408,Essentials Yankees Gym Short - Dark Sapphire,essrw00261-0131,Essentials,Shorts,45144290951296,S,197770125634,150.0,False,,https://kith.com/products/essrw00261-0131
8286755553408,Essentials Yankees Gym Short - Dark Sapphire,essrw00261-0131,Essentials,Shorts,45144290984064,M,197770125627,150.0,True,,https://kith.com/products/essrw00261-0131
8286755553408,Essentials Yankees Gym Short - Dark Sapphire,essrw00261-0131,Essentials,Shorts,45144291016832,L,197770125597,150.0,True,,https://kith.com/products/essrw00261-0131
8286755553408,Essentials Yankees Gym Short - Dark Sapphire,essrw00261-0131,Essentials,Shorts,45144291049600,XL,197770125603,150.0,True,,https://kith.com/products/essrw00261-0131
8286755553408,Essentials Yankees Gym Short - Dark Sapphire,essrw00261-0131,Essentials,Shorts,45144291082368,XXL,10876845,150.0,False,,https://kith.com/products/essrw00261-0131
8286755553408,Essentials Yankees Gym Short - Dark Sapphire,essrw00261-0131,Essentials,Shorts,45144291115136,XXXL,10876846,150.0,False,,https://kith.com/products/essrw00261-0131
8286755553408,Essentials Yankees Gym Short - Dark Sapphire,essrw00261-0131,Essentials,Shorts,45144291147904,4XL,10876847,150.0,False,,https://kith.com/products/essrw00261-0131
8286755487872,Essentials Yankees American League Merch Tee - Homestead Heather,essrw00240-0072,Essentials,Short Sleeve Tees,45144290001024,XXS,10876812,90.0,False,,https://kith.com/products/essrw00240-0072
8286755487872,Essentials Yankees American League Merch Tee - Homestead Heather,essrw00240-0072,Essentials,Short Sleeve Tees,45144290033792,XS,197770193930,90.0,False,,https://kith.com/products/essrw00240-0072
8286755487872,Essentials Yankees American League Merch Tee - Homestead Heather,essrw00240-0072,Essentials,Short Sleeve Tees,45144290066560,S,197770193909,90.0,True,,https://kith.com/products/essrw00240-0072
8286755487872,Essentials Yankees American League Merch Tee - Homestead Heather,essrw00240-0072,Essentials,Short Sleeve Tees,45144290099328,M,197770193893,90.0,True,,https://kith.com/products/essrw00240-0072
8286755487872,Essentials Yankees American League Merch Tee - Homestead Heather,essrw00240-0072,Essentials,Short Sleeve Tees,45144290132096,L,197770193879,90.0,True,,https://kith.com/products/essrw00240-0072
8286755487872,Essentials Yankees American League Merch Tee - Homestead Heather,essrw00240-0072,Essentials,Short Sleeve Tees,45144290164864,XL,197770193886,90.0,True,,https://kith.com/products/essrw00240-0072
8286755487872,Essentials Yankees American League Merch Tee - Homestead Heather,essrw00240-0072,Essentials,Short Sleeve Tees,45144290197632,XXL,197770193862,90.0,False,,https://kith.com/products/essrw00240-0072
8286755487872,Essentials Yankees American League Merch Tee - Homestead Heather,essrw00240-0072,Essentials,Short Sleeve Tees,45144290230400,XXXL,10876819,90.0,False,,https://kith.com/products/essrw00240-0072
8286755487872,Essentials Yankees American League Merch Tee - Homestead Heather,essrw00240-0072,Essentials,Short Sleeve Tees,45144290263168,4XL,10876820,90.0,False,,https://kith.com/products/essrw00240-0072
8286756733056,Essentials Yankees 90's Cut Off Tee - Seal,essrw00237-0055,Essentials,Short Sleeve Tees,45144301371520,XXS,10876803,80.0,False,,https://kith.com/products/essrw00237-0055
8286756733056,Essentials Yankees 90's Cut Off Tee - Seal,essrw00237-0055,Essentials,Short Sleeve Tees,45144301404288,XS,197770194135,80.0,False,,https://kith.com/products/essrw00237-0055
8286756733056,Essentials Yankees 90's Cut Off Tee - Seal,essrw00237-0055,Essentials,Short Sleeve Tees,45144301437056,S,197770194104,80.0,True,,https://kith.com/products/essrw00237-0055
8286756733056,Essentials Yankees 90's Cut Off Tee - Seal,essrw00237-0055,Essentials,Short Sleeve Tees,45144301469824,M,197770194111,80.0,True,,https://kith.com/products/essrw00237-0055
8286756733056,Essentials Yankees 90's Cut Off Tee - Seal,essrw00237-0055,Essentials,Short Sleeve Tees,45144301502592,L,197770194098,80.0,True,,https://kith.com/products/essrw00237-0055
8286756733056,Essentials Yankees 90's Cut Off Tee - Seal,essrw00237-0055,Essentials,Short Sleeve Tees,45144301535360,XL,197770194074,80.0,True,,https://kith.com/products/essrw00237-0055
8286756733056,Essentials Yankees 90's Cut Off Tee - Seal,essrw00237-0055,Essentials,Short Sleeve Tees,45144301568128,XXL,197770194081,80.0,False,,https://kith.com/products/essrw00237-0055
8286756733056,Essentials Yankees 90's Cut Off Tee - Seal,essrw00237-0055,Essentials,Short Sleeve Tees,45144301600896,XXXL,10876810,80.0,False,,https://kith.com/products/essrw00237-0055
8286756733056,Essentials Yankees 90's Cut Off Tee - Seal,essrw00237-0055,Essentials,Short Sleeve Tees,45144301633664,4XL,10876811,80.0,False,,https://kith.com/products/essrw00237-0055
8286754865280,Essentials Yankees 90's Sweatshort - Oatmeal Heather / Dark Sapphire Pinstripes,essrw00222-0137,Essentials,Shorts,45144284561536,XXS,10876767,110.0,False,,https://kith.com/products/essrw00222-0137
8286754865280,Essentials Yankees 90's Sweatshort - Oatmeal Heather / Dark Sapphire Pinstripes,essrw00222-0137,Essentials,Shorts,45144284594304,XS,197770194838,110.0,False,,https://kith.com/products/essrw00222-0137
8286754865280,Essentials Yankees 90's Sweatshort - Oatmeal Heather / Dark Sapphire Pinstripes,essrw00222-0137,Essentials,Shorts,45144284627072,S,197770194807,110.0,False,,https://kith.com/products/essrw00222-0137
8286754865280,Essentials Yankees 90's Sweatshort - Oatmeal Heather / Dark Sapphire Pinstripes,essrw00222-0137,Essentials,Shorts,45144284659840,M,197770194814,110.0,False,,https://kith.com/products/essrw00222-0137
8286754865280,Essentials Yankees 90's Sweatshort - Oatmeal Heather / Dark Sapphire Pinstripes,essrw00222-0137,Essentials,Shorts,45144284692608,L,197770194784,110.0,True,,https://kith.com/products/essrw00222-0137
8286754865280,Essentials Yankees 90's Sweatshort - Oatmeal Heather / Dark Sapphire Pinstripes,essrw00222-0137,Essentials,Shorts,45144284725376,XL,197770194791,110.0,True,,https://kith.com/products/essrw00222-0137
8286754865280,Essentials Yankees 90's Sweatshort - Oatmeal Heather / Dark Sapphire Pinstripes,essrw00222-0137,Essentials,Shorts,45144284758144,XXL,197770194777,110.0,False,,https://kith.com/products/essrw00222-0137
8286754865280,Essentials Yankees 90's Sweatshort - Oatmeal Heather / Dark Sapphire Pinstripes,essrw00222-0137,Essentials,Shorts,45144284790912,XXXL,10876774,110.0,False,,https://kith.com/products/essrw00222-0137
8286754865280,Essentials Yankees 90's Sweatshort - Oatmeal Heather / Dark Sapphire Pinstripes,essrw00222-0137,Essentials,Shorts,45144284823680,4XL,10876775,110.0,False,,https://kith.com/products/essrw00222-0137
8286754832512,Essentials Yankees 3/4 Sleeve Pullover - Dark Sapphire,essrw00259-0131,Essentials,Pullovers,45144284266624,XXS,10876830,185.0,False,,https://kith.com/products/essrw00259-0131
8286754832512,Essentials Yankees 3/4 Sleeve Pullover - Dark Sapphire,essrw00259-0131,Essentials,Pullovers,45144284299392,XS,10876831,185.0,False,,https://kith.com/products/essrw00259-0131
8286754832512,Essentials Yankees 3/4 Sleeve Pullover - Dark Sapphire,essrw00259-0131,Essentials,Pullovers,45144284332160,S,197770125696,185.0,False,,https://kith.com/products/essrw00259-0131
8286754832512,Essentials Yankees 3/4 Sleeve Pullover - Dark Sapphire,essrw00259-0131,Essentials,Pullovers,45144284364928,M,197770125689,185.0,True,,https://kith.com/products/essrw00259-0131
8286754832512,Essentials Yankees 3/4 Sleeve Pullover - Dark Sapphire,essrw00259-0131,Essentials,Pullovers,45144284397696,L,197770125658,185.0,True,,https://kith.com/products/essrw00259-0131
8286754832512,Essentials Yankees 3/4 Sleeve Pullover - Dark Sapphire,essrw00259-0131,Essentials,Pullovers,45144284430464,XL,197770125672,185.0,True,,https://kith.com/products/essrw00259-0131
8286754832512,Essentials Yankees 3/4 Sleeve Pullover - Dark Sapphire,essrw00259-0131,Essentials,Pullovers,45144284463232,XXL,10876836,185.0,False,,https://kith.com/products/essrw00259-0131
8286754832512,Essentials Yankees 3/4 Sleeve Pullover - Dark Sapphire,essrw00259-0131,Essentials,Pullovers,45144284496000,XXXL,10876837,185.0,False,,https://kith.com/products/essrw00259-0131
8286754832512,Essentials Yankees 3/4 Sleeve Pullover - Dark Sapphire,essrw00259-0131,Essentials,Pullovers,45144284528768,4XL,10876838,185.0,False,,https://kith.com/products/essrw00259-0131
8286756667520,Essentials Tri-Blend Tee Slim Fit - Black,essrw00263-0031,Essentials,Short Sleeve Tees,45144300486784,XXS,10874157,65.0,False,,https://kith.com/products/essrw00263-0031
8286756667520,Essentials Tri-Blend Tee Slim Fit - Black,essrw00263-0031,Essentials,Short Sleeve Tees,45144300519552,XS,10874158,65.0,False,,https://kith.com/products/essrw00263-0031
8286756667520,Essentials Tri-Blend Tee Slim Fit - Black,essrw00263-0031,Essentials,Short Sleeve Tees,45144300552320,S,10874159,65.0,True,,https://kith.com/products/essrw00263-0031
8286756667520,Essentials Tri-Blend Tee Slim Fit - Black,essrw00263-0031,Essentials,Short Sleeve Tees,45144300585088,M,10874160,65.0,True,,https://kith.com/products/essrw00263-0031
8286756667520,Essentials Tri-Blend Tee Slim Fit - Black,essrw00263-0031,Essentials,Short Sleeve Tees,45144300617856,L,10874161,65.0,True,,https://kith.com/products/essrw00263-0031
8286756667520,Essentials Tri-Blend Tee Slim Fit - Black,essrw00263-0031,Essentials,Short Sleeve Tees,45144300650624,XL,10874162,65.0,True,,https://kith.com/products/essrw00263-0031
8286756667520,Essentials Tri-Blend Tee Slim Fit - Black,essrw00263-0031,Essentials,Short Sleeve Tees,45144300683392,XXL,10874163,65.0,True,,https://kith.com/products/essrw00263-0031
8286756667520,Essentials Tri-Blend Tee Slim Fit - Black,essrw00263-0031,Essentials,Short Sleeve Tees,45144300716160,XXXL,10874164,65.0,False,,https://kith.com/products/essrw00263-0031
8286756667520,Essentials Tri-Blend Tee Slim Fit - Black,essrw00263-0031,Essentials,Short Sleeve Tees,45144300748928,4XL,10874165,65.0,False,,https://kith.com/products/essrw00263-0031
8286754996352,Essentials Track Jacket - Vintage Black,essrw00370-0031,Essentials,Track Jackets,45144285446272,XXS,10874449,185.0,False,,https://kith.com/products/essrw00370-0031
8286754996352,Essentials Track Jacket - Vintage Black,essrw00370-0031,Essentials,Track Jackets,45144285479040,XS,197770126952,185.0,False,,https://kith.com/products/essrw00370-0031
8286754996352,Essentials Track Jacket - Vintage Black,essrw00370-0031,Essentials,Track Jackets,45144285511808,S,197770126945,185.0,True,,https://kith.com/products/essrw00370-0031
8286754996352,Essentials Track Jacket - Vintage Black,essrw00370-0031,Essentials,Track Jackets,45144285544576,M,197770126921,185.0,True,,https://kith.com/products/essrw00370-0031
8286754996352,Essentials Track Jacket - Vintage Black,essrw00370-0031,Essentials,Track Jackets,45144285577344,L,197770126914,185.0,True,,https://kith.com/products/essrw00370-0031
8286754996352,Essentials Track Jacket - Vintage Black,essrw00370-0031,Essentials,Track Jackets,45144285610112,XL,197770126938,185.0,True,,https://kith.com/products/essrw00370-0031
8286754996352,Essentials Track Jacket - Vintage Black,essrw00370-0031,Essentials,Track Jackets,45144285642880,XXL,197770126907,185.0,True,,https://kith.com/products/essrw00370-0031
8286754996352,Essentials Track Jacket - Vintage Black,essrw00370-0031,Essentials,Track Jackets,45144285675648,XXXL,10874456,185.0,False,,https://kith.com/products/essrw00370-0031
8286754996352,Essentials Track Jacket - Vintage Black,essrw00370-0031,Essentials,Track Jackets,45144285708416,4XL,10874457,185.0,False,,https://kith.com/products/essrw00370-0031
8286755815552,Essentials Storm Pant - Vintage Black,essrw00299-0031,Essentials,Pants,45144292950144,XXS,10874328,180.0,False,,https://kith.com/products/essrw00299-0031
8286755815552,Essentials Storm Pant - Vintage Black,essrw00299-0031,Essentials,Pants,45144292982912,XS,197770179460,180.0,False,,https://kith.com/products/essrw00299-0031
8286755815552,Essentials Storm Pant - Vintage Black,essrw00299-0031,Essentials,Pants,45144293015680,S,197770179453,180.0,True,,https://kith.com/products/essrw00299-0031
8286755815552,Essentials Storm Pant - Vintage Black,essrw00299-0031,Essentials,Pants,45144293048448,M,197770179439,180.0,True,,https://kith.com/products/essrw00299-0031
8286755815552,Essentials Storm Pant - Vintage Black,essrw00299-0031,Essentials,Pants,45144293081216,L,197770179446,180.0,True,,https://kith.com/products/essrw00299-0031
8286755815552,Essentials Storm Pant - Vintage Black,essrw00299-0031,Essentials,Pants,45144293113984,XL,197770179422,180.0,True,,https://kith.com/products/essrw00299-0031
8286755815552,Essentials Storm Pant - Vintage Black,essrw00299-0031,Essentials,Pants,45144293146752,XXL,197770179415,180.0,True,,https://kith.com/products/essrw00299-0031
8286755815552,Essentials Storm Pant - Vintage Black,essrw00299-0031,Essentials,Pants,45144293179520,XXXL,10874335,180.0,False,,https://kith.com/products/essrw00299-0031
8286755815552,Essentials Storm Pant - Vintage Black,essrw00299-0031,Essentials,Pants,45144293212288,4XL,10874336,180.0,False,,https://kith.com/products/essrw00299-0031
8286757322880,Essentials Sport Mesh Merch Long Sleeve Tee - Moss,essrw00385-0121,Essentials,Long Sleeve Tees,45144306974848,XXS,10874184,95.0,False,,https://kith.com/products/essrw00385-0121
8286757322880,Essentials Sport Mesh Merch Long Sleeve Tee - Moss,essrw00385-0121,Essentials,Long Sleeve Tees,45144307007616,XS,197770128413,95.0,False,,https://kith.com/products/essrw00385-0121
8286757322880,Essentials Sport Mesh Merch Long Sleeve Tee - Moss,essrw00385-0121,Essentials,Long Sleeve Tees,45144307040384,S,197770128437,95.0,True,,https://kith.com/products/essrw00385-0121
8286757322880,Essentials Sport Mesh Merch Long Sleeve Tee - Moss,essrw00385-0121,Essentials,Long Sleeve Tees,45144307073152,M,197770128406,95.0,True,,https://kith.com/products/essrw00385-0121
8286757322880,Essentials Sport Mesh Merch Long Sleeve Tee - Moss,essrw00385-0121,Essentials,Long Sleeve Tees,45144307105920,L,197770128390,95.0,True,,https://kith.com/products/essrw00385-0121
8286757322880,Essentials Sport Mesh Merch Long Sleeve Tee - Moss,essrw00385-0121,Essentials,Long Sleeve Tees,45144307138688,XL,197770128383,95.0,True,,https://kith.com/products/essrw00385-0121
8286757322880,Essentials Sport Mesh Merch Long Sleeve Tee - Moss,essrw00385-0121,Essentials,Long Sleeve Tees,45144307171456,XXL,197770128352,95.0,True,,https://kith.com/products/essrw00385-0121
8286757322880,Essentials Sport Mesh Merch Long Sleeve Tee - Moss,essrw00385-0121,Essentials,Long Sleeve Tees,45144307204224,XXXL,10874191,95.0,False,,https://kith.com/products/essrw00385-0121
8286757322880,Essentials Sport Mesh Merch Long Sleeve Tee - Moss,essrw00385-0121,Essentials,Long Sleeve Tees,45144307236992,4XL,10874192,95.0,False,,https://kith.com/products/essrw00385-0121
8286756143232,Essentials Soft Knit Tee - Black,essrw00312-0031,Essentials,Short Sleeve Tees,45144296194176,XXS,10874139,125.0,False,,https://kith.com/products/essrw00312-0031
8286756143232,Essentials Soft Knit Tee - Black,essrw00312-0031,Essentials,Short Sleeve Tees,45144296226944,XS,197770141528,125.0,False,,https://kith.com/products/essrw00312-0031
8286756143232,Essentials Soft Knit Tee - Black,essrw00312-0031,Essentials,Short Sleeve Tees,45144296259712,S,197770141535,125.0,True,,https://kith.com/products/essrw00312-0031
8286756143232,Essentials Soft Knit Tee - Black,essrw00312-0031,Essentials,Short Sleeve Tees,45144296292480,M,197770141504,125.0,True,,https://kith.com/products/essrw00312-0031
8286756143232,Essentials Soft Knit Tee - Black,essrw00312-0031,Essentials,Short Sleeve Tees,45144296325248,L,197770141511,125.0,True,,https://kith.com/products/essrw00312-0031
8286756143232,Essentials Soft Knit Tee - Black,essrw00312-0031,Essentials,Short Sleeve Tees,45144296358016,XL,197770141498,125.0,True,,https://kith.com/products/essrw00312-0031
8286756143232,Essentials Soft Knit Tee - Black,essrw00312-0031,Essentials,Short Sleeve Tees,45144296390784,XXL,197770141481,125.0,False,,https://kith.com/products/essrw00312-0031
8286756143232,Essentials Soft Knit Tee - Black,essrw00312-0031,Essentials,Short Sleeve Tees,45144296423552,XXXL,10874146,125.0,False,,https://kith.com/products/essrw00312-0031
8286756143232,Essentials Soft Knit Tee - Black,essrw00312-0031,Essentials,Short Sleeve Tees,45144296456320,4XL,10874147,125.0,False,,https://kith.com/products/essrw00312-0031
8286756995200,Essentials Soft Knit Short Sleeve Henley - Iron Grey,essrw00314-0032,Essentials,Short Sleeve Tees,45144304320640,XXS,10874148,135.0,False,,https://kith.com/products/essrw00314-0032
8286756995200,Essentials Soft Knit Short Sleeve Henley - Iron Grey,essrw00314-0032,Essentials,Short Sleeve Tees,45144304353408,XS,197770141399,135.0,False,,https://kith.com/products/essrw00314-0032
8286756995200,Essentials Soft Knit Short Sleeve Henley - Iron Grey,essrw00314-0032,Essentials,Short Sleeve Tees,45144304386176,S,197770141405,135.0,True,,https://kith.com/products/essrw00314-0032
8286756995200,Essentials Soft Knit Short Sleeve Henley - Iron Grey,essrw00314-0032,Essentials,Short Sleeve Tees,45144304418944,M,197770141351,135.0,True,,https://kith.com/products/essrw00314-0032
8286756995200,Essentials Soft Knit Short Sleeve Henley - Iron Grey,essrw00314-0032,Essentials,Short Sleeve Tees,45144304451712,L,197770141368,135.0,True,,https://kith.com/products/essrw00314-0032
8286756995200,Essentials Soft Knit Short Sleeve Henley - Iron Grey,essrw00314-0032,Essentials,Short Sleeve Tees,45144304484480,XL,197770141375,135.0,True,,https://kith.com/products/essrw00314-0032
8286756995200,Essentials Soft Knit Short Sleeve Henley - Iron Grey,essrw00314-0032,Essentials,Short Sleeve Tees,45144304517248,XXL,197770141344,135.0,False,,https://kith.com/products/essrw00314-0032
8286756995200,Essentials Soft Knit Short Sleeve Henley - Iron Grey,essrw00314-0032,Essentials,Short Sleeve Tees,45144304550016,XXXL,10874155,135.0,False,,https://kith.com/products/essrw00314-0032
8286756995200,Essentials Soft Knit Short Sleeve Henley - Iron Grey,essrw00314-0032,Essentials,Short Sleeve Tees,45144304582784,4XL,10874156,135.0,False,,https://kith.com/products/essrw00314-0032
8286755356800,Essentials Silk Blend Pleat Front Drawstring Pant - Vintage Black,essrw00307-0031,Essentials,Pants,45144288821376,XXS,10874364,165.0,False,,https://kith.com/products/essrw00307-0031
8286755356800,Essentials Silk Blend Pleat Front Drawstring Pant - Vintage Black,essrw00307-0031,Essentials,Pants,45144288854144,XS,197770142518,165.0,False,,https://kith.com/products/essrw00307-0031
8286755356800,Essentials Silk Blend Pleat Front Drawstring Pant - Vintage Black,essrw00307-0031,Essentials,Pants,45144288886912,S,197770142501,165.0,True,,https://kith.com/products/essrw00307-0031
8286755356800,Essentials Silk Blend Pleat Front Drawstring Pant - Vintage Black,essrw00307-0031,Essentials,Pants,45144288919680,M,197770142488,165.0,True,,https://kith.com/products/essrw00307-0031
8286755356800,Essentials Silk Blend Pleat Front Drawstring Pant - Vintage Black,essrw00307-0031,Essentials,Pants,45144288952448,L,197770142495,165.0,True,,https://kith.com/products/essrw00307-0031
8286755356800,Essentials Silk Blend Pleat Front Drawstring Pant - Vintage Black,essrw00307-0031,Essentials,Pants,45144288985216,XL,197770142464,165.0,True,,https://kith.com/products/essrw00307-0031
8286755356800,Essentials Silk Blend Pleat Front Drawstring Pant - Vintage Black,essrw00307-0031,Essentials,Pants,45144289017984,XXL,197770142471,165.0,True,,https://kith.com/products/essrw00307-0031
8286755356800,Essentials Silk Blend Pleat Front Drawstring Pant - Vintage Black,essrw00307-0031,Essentials,Pants,45144289050752,XXXL,10874371,165.0,False,,https://kith.com/products/essrw00307-0031
8286755356800,Essentials Silk Blend Pleat Front Drawstring Pant - Vintage Black,essrw00307-0031,Essentials,Pants,45144289083520,4XL,10874372,165.0,False,,https://kith.com/products/essrw00307-0031
8286754472064,Essentials Silk Blend Pleat Front Drawstring Pant - Vintage Black,essrw00307-0225,Essentials,Pants,45144281088128,XXS,14003057,165.0,False,,https://kith.com/products/essrw00307-0225
8286754472064,Essentials Silk Blend Pleat Front Drawstring Pant - Vintage Black,essrw00307-0225,Essentials,Pants,45144281120896,XS,14003058,165.0,False,,https://kith.com/products/essrw00307-0225
8286754472064,Essentials Silk Blend Pleat Front Drawstring Pant - Vintage Black,essrw00307-0225,Essentials,Pants,45144281153664,S,197770119848,165.0,True,,https://kith.com/products/essrw00307-0225
8286754472064,Essentials Silk Blend Pleat Front Drawstring Pant - Vintage Black,essrw00307-0225,Essentials,Pants,45144281186432,M,197770119831,165.0,True,,https://kith.com/products/essrw00307-0225
8286754472064,Essentials Silk Blend Pleat Front Drawstring Pant - Vintage Black,essrw00307-0225,Essentials,Pants,45144281219200,L,197770119794,165.0,True,,https://kith.com/products/essrw00307-0225
8286754472064,Essentials Silk Blend Pleat Front Drawstring Pant - Vintage Black,essrw00307-0225,Essentials,Pants,45144281251968,XL,197770119817,165.0,True,,https://kith.com/products/essrw00307-0225
8286754472064,Essentials Silk Blend Pleat Front Drawstring Pant - Vintage Black,essrw00307-0225,Essentials,Pants,45144281284736,XXL,197770119824,165.0,True,,https://kith.com/products/essrw00307-0225
8286754472064,Essentials Silk Blend Pleat Front Drawstring Pant - Vintage Black,essrw00307-0225,Essentials,Pants,45144281317504,XXXL,14003064,165.0,False,,https://kith.com/products/essrw00307-0225
8286754472064,Essentials Silk Blend Pleat Front Drawstring Pant - Vintage Black,essrw00307-0225,Essentials,Pants,45144281350272,4XL,14003065,165.0,False,,https://kith.com/products/essrw00307-0225
8286755618944,Essentials Silk Blend 3/4 Sleeve Button Up Shirt - Vintage Black,essrw00306-0031,Essentials,Button Up Shirts,45144291180672,XXS,10874112,145.0,False,,https://kith.com/products/essrw00306-0031
8286755618944,Essentials Silk Blend 3/4 Sleeve Button Up Shirt - Vintage Black,essrw00306-0031,Essentials,Button Up Shirts,45144291213440,XS,197770142655,145.0,False,,https://kith.com/products/essrw00306-0031
8286755618944,Essentials Silk Blend 3/4 Sleeve Button Up Shirt - Vintage Black,essrw00306-0031,Essentials,Button Up Shirts,45144291246208,S,197770142648,145.0,True,,https://kith.com/products/essrw00306-0031
8286755618944,Essentials Silk Blend 3/4 Sleeve Button Up Shirt - Vintage Black,essrw00306-0031,Essentials,Button Up Shirts,45144291278976,M,197770142624,145.0,True,,https://kith.com/products/essrw00306-0031
8286755618944,Essentials Silk Blend 3/4 Sleeve Button Up Shirt - Vintage Black,essrw00306-0031,Essentials,Button Up Shirts,45144291311744,L,197770142631,145.0,True,,https://kith.com/products/essrw00306-0031
8286755618944,Essentials Silk Blend 3/4 Sleeve Button Up Shirt - Vintage Black,essrw00306-0031,Essentials,Button Up Shirts,45144291344512,XL,197770142600,145.0,True,,https://kith.com/products/essrw00306-0031
8286755618944,Essentials Silk Blend 3/4 Sleeve Button Up Shirt - Vintage Black,essrw00306-0031,Essentials,Button Up Shirts,45144291377280,XXL,197770142617,145.0,False,,https://kith.com/products/essrw00306-0031
8286755618944,Essentials Silk Blend 3/4 Sleeve Button Up Shirt - Vintage Black,essrw00306-0031,Essentials,Button Up Shirts,45144291410048,XXXL,10874119,145.0,False,,https://kith.com/products/essrw00306-0031
8286755618944,Essentials Silk Blend 3/4 Sleeve Button Up Shirt - Vintage Black,essrw00306-0031,Essentials,Button Up Shirts,45144291442816,4XL,10874120,145.0,False,,https://kith.com/products/essrw00306-0031
8286757224576,Essentials Ponte Relaxed Fit Modern Tee - Iron Grey,essrw00267-0032,Essentials,Short Sleeve Tees,45144305500288,XXS,10874175,120.0,False,,https://kith.com/products/essrw00267-0032
8286757224576,Essentials Ponte Relaxed Fit Modern Tee - Iron Grey,essrw00267-0032,Essentials,Short Sleeve Tees,45144305533056,XS,197770191394,120.0,False,,https://kith.com/products/essrw00267-0032
8286757224576,Essentials Ponte Relaxed Fit Modern Tee - Iron Grey,essrw00267-0032,Essentials,Short Sleeve Tees,45144305565824,S,197770191387,120.0,True,,https://kith.com/products/essrw00267-0032
8286757224576,Essentials Ponte Relaxed Fit Modern Tee - Iron Grey,essrw00267-0032,Essentials,Short Sleeve Tees,45144305598592,M,197770191363,120.0,True,,https://kith.com/products/essrw00267-0032
8286757224576,Essentials Ponte Relaxed Fit Modern Tee - Iron Grey,essrw00267-0032,Essentials,Short Sleeve Tees,45144305631360,L,197770191370,120.0,True,,https://kith.com/products/essrw00267-0032
8286757224576,Essentials Ponte Relaxed Fit Modern Tee - Iron Grey,essrw00267-0032,Essentials,Short Sleeve Tees,45144305664128,XL,197770191356,120.0,True,,https://kith.com/products/essrw00267-0032
8286757224576,Essentials Ponte Relaxed Fit Modern Tee - Iron Grey,essrw00267-0032,Essentials,Short Sleeve Tees,45144305696896,XXL,197770191332,120.0,True,,https://kith.com/products/essrw00267-0032
8286757224576,Essentials Ponte Relaxed Fit Modern Tee - Iron Grey,essrw00267-0032,Essentials,Short Sleeve Tees,45144305729664,XXXL,10874182,120.0,False,,https://kith.com/products/essrw00267-0032
8286757224576,Essentials Ponte Relaxed Fit Modern Tee - Iron Grey,essrw00267-0032,Essentials,Short Sleeve Tees,45144305762432,4XL,10874183,120.0,False,,https://kith.com/products/essrw00267-0032
8286755651712,Essentials Panelled Raw Cut Off Sweatpant - Seal Heather / Iron Grey,essrw00285-0135,Essentials,Sweatpants,45144291770496,XXS,10874238,135.0,False,,https://kith.com/products/essrw00285-0135
8286755651712,Essentials Panelled Raw Cut Off Sweatpant - Seal Heather / Iron Grey,essrw00285-0135,Essentials,Sweatpants,45144291803264,XS,197770181418,135.0,False,,https://kith.com/products/essrw00285-0135
8286755651712,Essentials Panelled Raw Cut Off Sweatpant - Seal Heather / Iron Grey,essrw00285-0135,Essentials,Sweatpants,45144291836032,S,197770181388,135.0,True,,https://kith.com/products/essrw00285-0135
8286755651712,Essentials Panelled Raw Cut Off Sweatpant - Seal Heather / Iron Grey,essrw00285-0135,Essentials,Sweatpants,45144291868800,M,197770181401,135.0,True,,https://kith.com/products/essrw00285-0135
8286755651712,Essentials Panelled Raw Cut Off Sweatpant - Seal Heather / Iron Grey,essrw00285-0135,Essentials,Sweatpants,45144291901568,L,197770181395,135.0,True,,https://kith.com/products/essrw00285-0135
8286755651712,Essentials Panelled Raw Cut Off Sweatpant - Seal Heather / Iron Grey,essrw00285-0135,Essentials,Sweatpants,45144291934336,XL,197770181371,135.0,True,,https://kith.com/products/essrw00285-0135
8286755651712,Essentials Panelled Raw Cut Off Sweatpant - Seal Heather / Iron Grey,essrw00285-0135,Essentials,Sweatpants,45144291967104,XXL,197770181364,135.0,True,,https://kith.com/products/essrw00285-0135
8286755651712,Essentials Panelled Raw Cut Off Sweatpant - Seal Heather / Iron Grey,essrw00285-0135,Essentials,Sweatpants,45144291999872,XXXL,10874245,135.0,False,,https://kith.com/products/essrw00285-0135
8286755651712,Essentials Panelled Raw Cut Off Sweatpant - Seal Heather / Iron Grey,essrw00285-0135,Essentials,Sweatpants,45144292032640,4XL,10874246,135.0,False,,https://kith.com/products/essrw00285-0135
8286755389568,Essentials Paneled Raw Cut Off Sweatpant - Vanilla Heather / Seal,essrw00285-0134,Essentials,Sweatpants,45144289116288,XXS,10874229,135.0,False,,https://kith.com/products/essrw00285-0134
8286755389568,Essentials Paneled Raw Cut Off Sweatpant - Vanilla Heather / Seal,essrw00285-0134,Essentials,Sweatpants,45144289149056,XS,197770181340,135.0,False,,https://kith.com/products/essrw00285-0134
8286755389568,Essentials Paneled Raw Cut Off Sweatpant - Vanilla Heather / Seal,essrw00285-0134,Essentials,Sweatpants,45144289181824,S,197770181333,135.0,True,,https://kith.com/products/essrw00285-0134
8286755389568,Essentials Paneled Raw Cut Off Sweatpant - Vanilla Heather / Seal,essrw00285-0134,Essentials,Sweatpants,45144289214592,M,197770181098,135.0,True,,https://kith.com/products/essrw00285-0134
8286755389568,Essentials Paneled Raw Cut Off Sweatpant - Vanilla Heather / Seal,essrw00285-0134,Essentials,Sweatpants,45144289247360,L,197770181074,135.0,True,,https://kith.com/products/essrw00285-0134
8286755389568,Essentials Paneled Raw Cut Off Sweatpant - Vanilla Heather / Seal,essrw00285-0134,Essentials,Sweatpants,45144289280128,XL,197770181081,135.0,True,,https://kith.com/products/essrw00285-0134
8286755389568,Essentials Paneled Raw Cut Off Sweatpant - Vanilla Heather / Seal,essrw00285-0134,Essentials,Sweatpants,45144289312896,XXL,197770181067,135.0,True,,https://kith.com/products/essrw00285-0134
8286755389568,Essentials Paneled Raw Cut Off Sweatpant - Vanilla Heather / Seal,essrw00285-0134,Essentials,Sweatpants,45144289345664,XXXL,10874236,135.0,False,,https://kith.com/products/essrw00285-0134
8286755389568,Essentials Paneled Raw Cut Off Sweatpant - Vanilla Heather / Seal,essrw00285-0134,Essentials,Sweatpants,45144289378432,4XL,10874237,135.0,False,,https://kith.com/products/essrw00285-0134
8286756700288,Essentials Paneled Lounge Pant - Seal Heather / Iron Grey,essrw00286-0135,Essentials,Pants,45144301076608,XXS,10874247,155.0,False,,https://kith.com/products/essrw00286-0135
8286756700288,Essentials Paneled Lounge Pant - Seal Heather / Iron Grey,essrw00286-0135,Essentials,Pants,45144301109376,XS,197770180992,155.0,False,,https://kith.com/products/essrw00286-0135
8286756700288,Essentials Paneled Lounge Pant - Seal Heather / Iron Grey,essrw00286-0135,Essentials,Pants,45144301142144,S,197770180961,155.0,True,,https://kith.com/products/essrw00286-0135
8286756700288,Essentials Paneled Lounge Pant - Seal Heather / Iron Grey,essrw00286-0135,Essentials,Pants,45144301174912,M,197770180954,155.0,True,,https://kith.com/products/essrw00286-0135
8286756700288,Essentials Paneled Lounge Pant - Seal Heather / Iron Grey,essrw00286-0135,Essentials,Pants,45144301207680,L,197770180947,155.0,True,,https://kith.com/products/essrw00286-0135
8286756700288,Essentials Paneled Lounge Pant - Seal Heather / Iron Grey,essrw00286-0135,Essentials,Pants,45144301240448,XL,197770180930,155.0,True,,https://kith.com/products/essrw00286-0135
8286756700288,Essentials Paneled Lounge Pant - Seal Heather / Iron Grey,essrw00286-0135,Essentials,Pants,45144301273216,XXL,197770180916,155.0,True,,https://kith.com/products/essrw00286-0135
8286756700288,Essentials Paneled Lounge Pant - Seal Heather / Iron Grey,essrw00286-0135,Essentials,Pants,45144301305984,XXXL,10874254,155.0,False,,https://kith.com/products/essrw00286-0135
8286756700288,Essentials Paneled Lounge Pant - Seal Heather / Iron Grey,essrw00286-0135,Essentials,Pants,45144301338752,4XL,10874255,155.0,False,,https://kith.com/products/essrw00286-0135
8286755782784,Essentials Paneled Lounge Pant - Iron Grey / Seal Heather,essrw00286-0032,Essentials,Pants,45144292655232,XXS,10874256,155.0,False,,https://kith.com/products/essrw00286-0032
8286755782784,Essentials Paneled Lounge Pant - Iron Grey / Seal Heather,essrw00286-0032,Essentials,Pants,45144292688000,XS,197770181043,155.0,False,,https://kith.com/products/essrw00286-0032
8286755782784,Essentials Paneled Lounge Pant - Iron Grey / Seal Heather,essrw00286-0032,Essentials,Pants,45144292720768,S,197770181036,155.0,True,,https://kith.com/products/essrw00286-0032
8286755782784,Essentials Paneled Lounge Pant - Iron Grey / Seal Heather,essrw00286-0032,Essentials,Pants,45144292753536,M,197770181029,155.0,True,,https://kith.com/products/essrw00286-0032
8286755782784,Essentials Paneled Lounge Pant - Iron Grey / Seal Heather,essrw00286-0032,Essentials,Pants,45144292786304,L,197770181012,155.0,True,,https://kith.com/products/essrw00286-0032
8286755782784,Essentials Paneled Lounge Pant - Iron Grey / Seal Heather,essrw00286-0032,Essentials,Pants,45144292819072,XL,197770181005,155.0,True,,https://kith.com/products/essrw00286-0032
8286755782784,Essentials Paneled Lounge Pant - Iron Grey / Seal Heather,essrw00286-0032,Essentials,Pants,45144292851840,XXL,197770180978,155.0,True,,https://kith.com/products/essrw00286-0032
8286755782784,Essentials Paneled Lounge Pant - Iron Grey / Seal Heather,essrw00286-0032,Essentials,Pants,45144292884608,XXXL,10874263,155.0,False,,https://kith.com/products/essrw00286-0032
8286755782784,Essentials Paneled Lounge Pant - Iron Grey / Seal Heather,essrw00286-0032,Essentials,Pants,45144292917376,4XL,10874264,155.0,False,,https://kith.com/products/essrw00286-0032
8286757027968,Essentials Nylon Swim Short - Vintage Black,essrw00302-0031,Essentials,Shorts,45144304025728,XXS,10874463,115.0,False,,https://kith.com/products/essrw00302-0031
8286757027968,Essentials Nylon Swim Short - Vintage Black,essrw00302-0031,Essentials,Shorts,45144304058496,XS,10874464,115.0,False,,https://kith.com/products/essrw00302-0031
8286757027968,Essentials Nylon Swim Short - Vintage Black,essrw00302-0031,Essentials,Shorts,45144304091264,S,10874465,115.0,True,,https://kith.com/products/essrw00302-0031
8286757027968,Essentials Nylon Swim Short - Vintage Black,essrw00302-0031,Essentials,Shorts,45144304124032,M,10874466,115.0,True,,https://kith.com/products/essrw00302-0031
8286757027968,Essentials Nylon Swim Short - Vintage Black,essrw00302-0031,Essentials,Shorts,45144304156800,L,10874467,115.0,True,,https://kith.com/products/essrw00302-0031
8286757027968,Essentials Nylon Swim Short - Vintage Black,essrw00302-0031,Essentials,Shorts,45144304189568,XL,10874468,115.0,True,,https://kith.com/products/essrw00302-0031
8286757027968,Essentials Nylon Swim Short - Vintage Black,essrw00302-0031,Essentials,Shorts,45144304222336,XXL,10874469,115.0,True,,https://kith.com/products/essrw00302-0031
8286757027968,Essentials Nylon Swim Short - Vintage Black,essrw00302-0031,Essentials,Shorts,45144304255104,XXXL,10874470,115.0,False,,https://kith.com/products/essrw00302-0031
8286757027968,Essentials Nylon Swim Short - Vintage Black,essrw00302-0031,Essentials,Shorts,45144304287872,4XL,10874471,115.0,False,,https://kith.com/products/essrw00302-0031
8286756765824,Essentials MLB Relaxed Track Pant - Black,essrw00339-0152,Essentials,Track Pants,45144301666432,XXS,10876785,195.0,False,,https://kith.com/products/essrw00339-0152
8286756765824,Essentials MLB Relaxed Track Pant - Black,essrw00339-0152,Essentials,Track Pants,45144301699200,XS,197770125771,195.0,False,,https://kith.com/products/essrw00339-0152
8286756765824,Essentials MLB Relaxed Track Pant - Black,essrw00339-0152,Essentials,Track Pants,45144301731968,S,197770125764,195.0,False,,https://kith.com/products/essrw00339-0152
8286756765824,Essentials MLB Relaxed Track Pant - Black,essrw00339-0152,Essentials,Track Pants,45144301764736,M,197770125740,195.0,True,,https://kith.com/products/essrw00339-0152
8286756765824,Essentials MLB Relaxed Track Pant - Black,essrw00339-0152,Essentials,Track Pants,45144301797504,L,197770125719,195.0,False,,https://kith.com/products/essrw00339-0152
8286756765824,Essentials MLB Relaxed Track Pant - Black,essrw00339-0152,Essentials,Track Pants,45144301830272,XL,197770125757,195.0,False,,https://kith.com/products/essrw00339-0152
8286756765824,Essentials MLB Relaxed Track Pant - Black,essrw00339-0152,Essentials,Track Pants,45144301863040,XXL,197770125726,195.0,False,,https://kith.com/products/essrw00339-0152
8286756765824,Essentials MLB Relaxed Track Pant - Black,essrw00339-0152,Essentials,Track Pants,45144301895808,XXXL,10876792,195.0,False,,https://kith.com/products/essrw00339-0152
8286756765824,Essentials MLB Relaxed Track Pant - Black,essrw00339-0152,Essentials,Track Pants,45144301928576,4XL,10876793,195.0,False,,https://kith.com/products/essrw00339-0152
8286755029120,Essentials MLB Lounge Sweatpant - Black,essrw00255-0152,Essentials,Sweatpants,45144286036096,XXS,10876749,160.0,False,,https://kith.com/products/essrw00255-0152
8286755029120,Essentials MLB Lounge Sweatpant - Black,essrw00255-0152,Essentials,Sweatpants,45144286068864,XS,197770125955,160.0,False,,https://kith.com/products/essrw00255-0152
8286755029120,Essentials MLB Lounge Sweatpant - Black,essrw00255-0152,Essentials,Sweatpants,45144286101632,S,197770125900,160.0,False,,https://kith.com/products/essrw00255-0152
8286755029120,Essentials MLB Lounge Sweatpant - Black,essrw00255-0152,Essentials,Sweatpants,45144286134400,M,197770125894,160.0,True,,https://kith.com/products/essrw00255-0152
8286755029120,Essentials MLB Lounge Sweatpant - Black,essrw00255-0152,Essentials,Sweatpants,45144286167168,L,197770125870,160.0,True,,https://kith.com/products/essrw00255-0152
8286755029120,Essentials MLB Lounge Sweatpant - Black,essrw00255-0152,Essentials,Sweatpants,45144286199936,XL,197770125887,160.0,True,,https://kith.com/products/essrw00255-0152
8286755029120,Essentials MLB Lounge Sweatpant - Black,essrw00255-0152,Essentials,Sweatpants,45144286232704,XXL,197770125863,160.0,False,,https://kith.com/products/essrw00255-0152
8286755029120,Essentials MLB Lounge Sweatpant - Black,essrw00255-0152,Essentials,Sweatpants,45144286265472,XXXL,10876756,160.0,False,,https://kith.com/products/essrw00255-0152
8286755029120,Essentials MLB Lounge Sweatpant - Black,essrw00255-0152,Essentials,Sweatpants,45144286298240,4XL,10876757,160.0,False,,https://kith.com/products/essrw00255-0152
8286757191808,Essentials MLB Boxy Long Sleeve Tee - Seal,essrw00199-0055,Essentials,Long Sleeve Tees,45144305205376,XXS,10876677,100.0,False,,https://kith.com/products/essrw00199-0055
8286757191808,Essentials MLB Boxy Long Sleeve Tee - Seal,essrw00199-0055,Essentials,Long Sleeve Tees,45144305238144,XS,197770196962,100.0,False,,https://kith.com/products/essrw00199-0055
8286757191808,Essentials MLB Boxy Long Sleeve Tee - Seal,essrw00199-0055,Essentials,Long Sleeve Tees,45144305270912,S,197770196931,100.0,True,,https://kith.com/products/essrw00199-0055
8286757191808,Essentials MLB Boxy Long Sleeve Tee - Seal,essrw00199-0055,Essentials,Long Sleeve Tees,45144305303680,M,197770196948,100.0,True,,https://kith.com/products/essrw00199-0055
8286757191808,Essentials MLB Boxy Long Sleeve Tee - Seal,essrw00199-0055,Essentials,Long Sleeve Tees,45144305336448,L,197770196955,100.0,True,,https://kith.com/products/essrw00199-0055
8286757191808,Essentials MLB Boxy Long Sleeve Tee - Seal,essrw00199-0055,Essentials,Long Sleeve Tees,45144305369216,XL,197770196924,100.0,True,,https://kith.com/products/essrw00199-0055
8286757191808,Essentials MLB Boxy Long Sleeve Tee - Seal,essrw00199-0055,Essentials,Long Sleeve Tees,45144305401984,XXL,197770196917,100.0,True,,https://kith.com/products/essrw00199-0055
8286757191808,Essentials MLB Boxy Long Sleeve Tee - Seal,essrw00199-0055,Essentials,Long Sleeve Tees,45144305434752,XXXL,10876684,100.0,False,,https://kith.com/products/essrw00199-0055
8286757191808,Essentials MLB Boxy Long Sleeve Tee - Seal,essrw00199-0055,Essentials,Long Sleeve Tees,45144305467520,4XL,10876685,100.0,False,,https://kith.com/products/essrw00199-0055
8286757290112,Essentials MLB Boxy Long Sleeve Tee - Black,essrw00199-0152,Essentials,Long Sleeve Tees,45144306385024,XXS,10876686,100.0,False,,https://kith.com/products/essrw00199-0152
8286757290112,Essentials MLB Boxy Long Sleeve Tee - Black,essrw00199-0152,Essentials,Long Sleeve Tees,45144306417792,XS,197770197105,100.0,False,,https://kith.com/products/essrw00199-0152
8286757290112,Essentials MLB Boxy Long Sleeve Tee - Black,essrw00199-0152,Essentials,Long Sleeve Tees,45144306450560,S,197770197099,100.0,True,,https://kith.com/products/essrw00199-0152
8286757290112,Essentials MLB Boxy Long Sleeve Tee - Black,essrw00199-0152,Essentials,Long Sleeve Tees,45144306483328,M,197770197082,100.0,True,,https://kith.com/products/essrw00199-0152
8286757290112,Essentials MLB Boxy Long Sleeve Tee - Black,essrw00199-0152,Essentials,Long Sleeve Tees,45144306516096,L,197770197075,100.0,True,,https://kith.com/products/essrw00199-0152
8286757290112,Essentials MLB Boxy Long Sleeve Tee - Black,essrw00199-0152,Essentials,Long Sleeve Tees,45144306548864,XL,197770197068,100.0,True,,https://kith.com/products/essrw00199-0152
8286757290112,Essentials MLB Boxy Long Sleeve Tee - Black,essrw00199-0152,Essentials,Long Sleeve Tees,45144306581632,XXL,197770197044,100.0,False,,https://kith.com/products/essrw00199-0152
8286757290112,Essentials MLB Boxy Long Sleeve Tee - Black,essrw00199-0152,Essentials,Long Sleeve Tees,45144306614400,XXXL,10876693,100.0,False,,https://kith.com/products/essrw00199-0152
8286757290112,Essentials MLB Boxy Long Sleeve Tee - Black,essrw00199-0152,Essentials,Long Sleeve Tees,45144306647168,4XL,10876694,100.0,False,,https://kith.com/products/essrw00199-0152
8286755455104,Essentials MLB 90's Short - Black,essrw00256-0152,Essentials,Shorts,45144289706112,XXS,10876758,110.0,False,,https://kith.com/products/essrw00256-0152
8286755455104,Essentials MLB 90's Short - Black,essrw00256-0152,Essentials,Shorts,45144289738880,XS,197770126846,110.0,False,,https://kith.com/products/essrw00256-0152
8286755455104,Essentials MLB 90's Short - Black,essrw00256-0152,Essentials,Shorts,45144289771648,S,197770126853,110.0,False,,https://kith.com/products/essrw00256-0152
8286755455104,Essentials MLB 90's Short - Black,essrw00256-0152,Essentials,Shorts,45144289804416,M,197770126839,110.0,False,,https://kith.com/products/essrw00256-0152
8286755455104,Essentials MLB 90's Short - Black,essrw00256-0152,Essentials,Shorts,45144289837184,L,197770126815,110.0,True,,https://kith.com/products/essrw00256-0152
8286755455104,Essentials MLB 90's Short - Black,essrw00256-0152,Essentials,Shorts,45144289869952,XL,197770126822,110.0,False,,https://kith.com/products/essrw00256-0152
8286755455104,Essentials MLB 90's Short - Black,essrw00256-0152,Essentials,Shorts,45144289902720,XXL,197770126808,110.0,False,,https://kith.com/products/essrw00256-0152
8286755455104,Essentials MLB 90's Short - Black,essrw00256-0152,Essentials,Shorts,45144289935488,XXXL,10876765,110.0,False,,https://kith.com/products/essrw00256-0152
8286755455104,Essentials MLB 90's Short - Black,essrw00256-0152,Essentials,Shorts,45144289968256,4XL,10876766,110.0,False,,https://kith.com/products/essrw00256-0152
8286756077696,Essentials Mets Sport Hoodie - Oatmeal Heather / Dark Sapphire Pinstripes,essrw00203-0137,Essentials,Hoodies,45144295604352,XXS,10876713,175.0,False,,https://kith.com/products/essrw00203-0137
8286756077696,Essentials Mets Sport Hoodie - Oatmeal Heather / Dark Sapphire Pinstripes,essrw00203-0137,Essentials,Hoodies,45144295637120,XS,197770196689,175.0,False,,https://kith.com/products/essrw00203-0137
8286756077696,Essentials Mets Sport Hoodie - Oatmeal Heather / Dark Sapphire Pinstripes,essrw00203-0137,Essentials,Hoodies,45144295669888,S,197770196672,175.0,True,,https://kith.com/products/essrw00203-0137
8286756077696,Essentials Mets Sport Hoodie - Oatmeal Heather / Dark Sapphire Pinstripes,essrw00203-0137,Essentials,Hoodies,45144295702656,M,197770196658,175.0,True,,https://kith.com/products/essrw00203-0137
8286756077696,Essentials Mets Sport Hoodie - Oatmeal Heather / Dark Sapphire Pinstripes,essrw00203-0137,Essentials,Hoodies,45144295735424,L,197770196665,175.0,True,,https://kith.com/products/essrw00203-0137
8286756077696,Essentials Mets Sport Hoodie - Oatmeal Heather / Dark Sapphire Pinstripes,essrw00203-0137,Essentials,Hoodies,45144295768192,XL,197770196641,175.0,True,,https://kith.com/products/essrw00203-0137
8286756077696,Essentials Mets Sport Hoodie - Oatmeal Heather / Dark Sapphire Pinstripes,essrw00203-0137,Essentials,Hoodies,45144295800960,XXL,197770196634,175.0,True,,https://kith.com/products/essrw00203-0137
8286756077696,Essentials Mets Sport Hoodie - Oatmeal Heather / Dark Sapphire Pinstripes,essrw00203-0137,Essentials,Hoodies,45144295833728,XXXL,10876720,175.0,False,,https://kith.com/products/essrw00203-0137
8286756077696,Essentials Mets Sport Hoodie - Oatmeal Heather / Dark Sapphire Pinstripes,essrw00203-0137,Essentials,Hoodies,45144295866496,4XL,10876721,175.0,False,,https://kith.com/products/essrw00203-0137
8286754930816,Essentials Mets National League Merch Tee - Seal,essrw00249-0055,Essentials,Short Sleeve Tees,45144285151360,XXS,10876821,90.0,False,,https://kith.com/products/essrw00249-0055
8286754930816,Essentials Mets National League Merch Tee - Seal,essrw00249-0055,Essentials,Short Sleeve Tees,45144285184128,XS,197770193428,90.0,False,,https://kith.com/products/essrw00249-0055
8286754930816,Essentials Mets National League Merch Tee - Seal,essrw00249-0055,Essentials,Short Sleeve Tees,45144285216896,S,197770193381,90.0,True,,https://kith.com/products/essrw00249-0055
8286754930816,Essentials Mets National League Merch Tee - Seal,essrw00249-0055,Essentials,Short Sleeve Tees,45144285249664,M,197770193435,90.0,True,,https://kith.com/products/essrw00249-0055
8286754930816,Essentials Mets National League Merch Tee - Seal,essrw00249-0055,Essentials,Short Sleeve Tees,45144285282432,L,197770193398,90.0,True,,https://kith.com/products/essrw00249-0055
8286754930816,Essentials Mets National League Merch Tee - Seal,essrw00249-0055,Essentials,Short Sleeve Tees,45144285315200,XL,197770193404,90.0,True,,https://kith.com/products/essrw00249-0055
8286754930816,Essentials Mets National League Merch Tee - Seal,essrw00249-0055,Essentials,Short Sleeve Tees,45144285347968,XXL,197770193367,90.0,False,,https://kith.com/products/essrw00249-0055
8286754930816,Essentials Mets National League Merch Tee - Seal,essrw00249-0055,Essentials,Short Sleeve Tees,45144285380736,XXXL,10876828,90.0,False,,https://kith.com/products/essrw00249-0055
8286754930816,Essentials Mets National League Merch Tee - Seal,essrw00249-0055,Essentials,Short Sleeve Tees,45144285413504,4XL,10876829,90.0,False,,https://kith.com/products/essrw00249-0055
8286756864128,Essentials Merch Tee Boxy Fit - Iron Grey,essrw00269-0032,Essentials,Short Sleeve Tees,45144302551168,XXS,10873986,90.0,False,,https://kith.com/products/essrw00269-0032
8286756864128,Essentials Merch Tee Boxy Fit - Iron Grey,essrw00269-0032,Essentials,Short Sleeve Tees,45144302583936,XS,197770191134,90.0,False,,https://kith.com/products/essrw00269-0032
8286756864128,Essentials Merch Tee Boxy Fit - Iron Grey,essrw00269-0032,Essentials,Short Sleeve Tees,45144302616704,S,197770191110,90.0,True,,https://kith.com/products/essrw00269-0032
8286756864128,Essentials Merch Tee Boxy Fit - Iron Grey,essrw00269-0032,Essentials,Short Sleeve Tees,45144302649472,M,197770191097,90.0,True,,https://kith.com/products/essrw00269-0032
8286756864128,Essentials Merch Tee Boxy Fit - Iron Grey,essrw00269-0032,Essentials,Short Sleeve Tees,45144302682240,L,197770191080,90.0,True,,https://kith.com/products/essrw00269-0032
8286756864128,Essentials Merch Tee Boxy Fit - Iron Grey,essrw00269-0032,Essentials,Short Sleeve Tees,45144302715008,XL,197770191073,90.0,True,,https://kith.com/products/essrw00269-0032
8286756864128,Essentials Merch Tee Boxy Fit - Iron Grey,essrw00269-0032,Essentials,Short Sleeve Tees,45144302747776,XXL,197770191066,90.0,True,,https://kith.com/products/essrw00269-0032
8286756864128,Essentials Merch Tee Boxy Fit - Iron Grey,essrw00269-0032,Essentials,Short Sleeve Tees,45144302780544,XXXL,10873993,90.0,False,,https://kith.com/products/essrw00269-0032
8286756864128,Essentials Merch Tee Boxy Fit - Iron Grey,essrw00269-0032,Essentials,Short Sleeve Tees,45144302813312,4XL,10873994,90.0,False,,https://kith.com/products/essrw00269-0032
8286756831360,Essentials Merch Tee Boxy Fit - Iron Grey,essrw00266-0032,Essentials,Short Sleeve Tees,45144302256256,XXS,10874166,75.0,False,,https://kith.com/products/essrw00266-0032
8286756831360,Essentials Merch Tee Boxy Fit - Iron Grey,essrw00266-0032,Essentials,Short Sleeve Tees,45144302289024,XS,10874167,75.0,False,,https://kith.com/products/essrw00266-0032
8286756831360,Essentials Merch Tee Boxy Fit - Iron Grey,essrw00266-0032,Essentials,Short Sleeve Tees,45144302321792,S,10874168,75.0,True,,https://kith.com/products/essrw00266-0032
8286756831360,Essentials Merch Tee Boxy Fit - Iron Grey,essrw00266-0032,Essentials,Short Sleeve Tees,45144302354560,M,10874169,75.0,True,,https://kith.com/products/essrw00266-0032
8286756831360,Essentials Merch Tee Boxy Fit - Iron Grey,essrw00266-0032,Essentials,Short Sleeve Tees,45144302387328,L,10874170,75.0,True,,https://kith.com/products/essrw00266-0032
8286756831360,Essentials Merch Tee Boxy Fit - Iron Grey,essrw00266-0032,Essentials,Short Sleeve Tees,45144302420096,XL,10874171,75.0,True,,https://kith.com/products/essrw00266-0032
8286756831360,Essentials Merch Tee Boxy Fit - Iron Grey,essrw00266-0032,Essentials,Short Sleeve Tees,45144302452864,XXL,10874172,75.0,True,,https://kith.com/products/essrw00266-0032
8286756831360,Essentials Merch Tee Boxy Fit - Iron Grey,essrw00266-0032,Essentials,Short Sleeve Tees,45144302485632,XXXL,10874173,75.0,False,,https://kith.com/products/essrw00266-0032
8286756831360,Essentials Merch Tee Boxy Fit - Iron Grey,essrw00266-0032,Essentials,Short Sleeve Tees,45144302518400,4XL,10874174,75.0,False,,https://kith.com/products/essrw00266-0032
8286757421184,Essentials Merch Long Sleeve Tee - Chalk,essrw00272-0037,Essentials,Long Sleeve Tees,45144307564672,XXS,10874022,100.0,False,,https://kith.com/products/essrw00272-0037
8286757421184,Essentials Merch Long Sleeve Tee - Chalk,essrw00272-0037,Essentials,Long Sleeve Tees,45144307597440,XS,197770190816,100.0,False,,https://kith.com/products/essrw00272-0037
8286757421184,Essentials Merch Long Sleeve Tee - Chalk,essrw00272-0037,Essentials,Long Sleeve Tees,45144307630208,S,197770190830,100.0,True,,https://kith.com/products/essrw00272-0037
8286757421184,Essentials Merch Long Sleeve Tee - Chalk,essrw00272-0037,Essentials,Long Sleeve Tees,45144307662976,M,197770190823,100.0,True,,https://kith.com/products/essrw00272-0037
8286757421184,Essentials Merch Long Sleeve Tee - Chalk,essrw00272-0037,Essentials,Long Sleeve Tees,45144307695744,L,197770190793,100.0,True,,https://kith.com/products/essrw00272-0037
8286757421184,Essentials Merch Long Sleeve Tee - Chalk,essrw00272-0037,Essentials,Long Sleeve Tees,45144307728512,XL,197770190809,100.0,True,,https://kith.com/products/essrw00272-0037
8286757421184,Essentials Merch Long Sleeve Tee - Chalk,essrw00272-0037,Essentials,Long Sleeve Tees,45144307761280,XXL,197770190779,100.0,True,,https://kith.com/products/essrw00272-0037
8286757421184,Essentials Merch Long Sleeve Tee - Chalk,essrw00272-0037,Essentials,Long Sleeve Tees,45144307794048,XXXL,10874029,100.0,False,,https://kith.com/products/essrw00272-0037
8286757421184,Essentials Merch Long Sleeve Tee - Chalk,essrw00272-0037,Essentials,Long Sleeve Tees,45144307826816,4XL,10874030,100.0,False,,https://kith.com/products/essrw00272-0037
8286756569216,Essentials Half Zip Track Jacket - Vintage Black,essrw00297-0031,Essentials,Track Jackets,45144299896960,XXS,10874319,230.0,False,,https://kith.com/products/essrw00297-0031
8286756569216,Essentials Half Zip Track Jacket - Vintage Black,essrw00297-0031,Essentials,Track Jackets,45144299929728,XS,197770127805,230.0,False,,https://kith.com/products/essrw00297-0031
8286756569216,Essentials Half Zip Track Jacket - Vintage Black,essrw00297-0031,Essentials,Track Jackets,45144299962496,S,197770127782,230.0,False,,https://kith.com/products/essrw00297-0031
8286756569216,Essentials Half Zip Track Jacket - Vintage Black,essrw00297-0031,Essentials,Track Jackets,45144299995264,M,197770127775,230.0,True,,https://kith.com/products/essrw00297-0031
8286756569216,Essentials Half Zip Track Jacket - Vintage Black,essrw00297-0031,Essentials,Track Jackets,45144300028032,L,197770127751,230.0,True,,https://kith.com/products/essrw00297-0031
8286756569216,Essentials Half Zip Track Jacket - Vintage Black,essrw00297-0031,Essentials,Track Jackets,45144300060800,XL,197770127744,230.0,True,,https://kith.com/products/essrw00297-0031
8286756569216,Essentials Half Zip Track Jacket - Vintage Black,essrw00297-0031,Essentials,Track Jackets,45144300093568,XXL,197770127768,230.0,False,,https://kith.com/products/essrw00297-0031
8286756569216,Essentials Half Zip Track Jacket - Vintage Black,essrw00297-0031,Essentials,Track Jackets,45144300126336,XXXL,10874326,230.0,False,,https://kith.com/products/essrw00297-0031
8286756569216,Essentials Half Zip Track Jacket - Vintage Black,essrw00297-0031,Essentials,Track Jackets,45144300159104,4XL,10874327,230.0,False,,https://kith.com/products/essrw00297-0031
8286756536448,Essentials Gym Short - Vintage Black,essrw00300-0031,Essentials,Shorts,45144299602048,XXS,10874422,125.0,False,,https://kith.com/products/essrw00300-0031
8286756536448,Essentials Gym Short - Vintage Black,essrw00300-0031,Essentials,Shorts,45144299634816,XS,197770179118,125.0,False,,https://kith.com/products/essrw00300-0031
8286756536448,Essentials Gym Short - Vintage Black,essrw00300-0031,Essentials,Shorts,45144299667584,S,197770179101,125.0,True,,https://kith.com/products/essrw00300-0031
8286756536448,Essentials Gym Short - Vintage Black,essrw00300-0031,Essentials,Shorts,45144299700352,M,197770179095,125.0,True,,https://kith.com/products/essrw00300-0031
8286756536448,Essentials Gym Short - Vintage Black,essrw00300-0031,Essentials,Shorts,45144299733120,L,197770179088,125.0,True,,https://kith.com/products/essrw00300-0031
8286756536448,Essentials Gym Short - Vintage Black,essrw00300-0031,Essentials,Shorts,45144299765888,XL,197770179064,125.0,True,,https://kith.com/products/essrw00300-0031
8286756536448,Essentials Gym Short - Vintage Black,essrw00300-0031,Essentials,Shorts,45144299798656,XXL,197770179071,125.0,True,,https://kith.com/products/essrw00300-0031
8286756536448,Essentials Gym Short - Vintage Black,essrw00300-0031,Essentials,Shorts,45144299831424,XXXL,10874429,125.0,False,,https://kith.com/products/essrw00300-0031
8286756536448,Essentials Gym Short - Vintage Black,essrw00300-0031,Essentials,Shorts,45144299864192,4XL,10874430,125.0,False,,https://kith.com/products/essrw00300-0031
8286755684480,Essentials Fleece Cargo Field Pant - Seal Heather,essrw00287-0135,Essentials,Cargo Pants,45144292065408,XXS,10874265,165.0,False,,https://kith.com/products/essrw00287-0135
8286755684480,Essentials Fleece Cargo Field Pant - Seal Heather,essrw00287-0135,Essentials,Cargo Pants,45144292098176,XS,197770180831,165.0,False,,https://kith.com/products/essrw00287-0135
8286755684480,Essentials Fleece Cargo Field Pant - Seal Heather,essrw00287-0135,Essentials,Cargo Pants,45144292130944,S,197770180824,165.0,True,,https://kith.com/products/essrw00287-0135
8286755684480,Essentials Fleece Cargo Field Pant - Seal Heather,essrw00287-0135,Essentials,Cargo Pants,45144292163712,M,197770180800,165.0,True,,https://kith.com/products/essrw00287-0135
8286755684480,Essentials Fleece Cargo Field Pant - Seal Heather,essrw00287-0135,Essentials,Cargo Pants,45144292196480,L,197770180817,165.0,True,,https://kith.com/products/essrw00287-0135
8286755684480,Essentials Fleece Cargo Field Pant - Seal Heather,essrw00287-0135,Essentials,Cargo Pants,45144292229248,XL,197770180787,165.0,True,,https://kith.com/products/essrw00287-0135
8286755684480,Essentials Fleece Cargo Field Pant - Seal Heather,essrw00287-0135,Essentials,Cargo Pants,45144292262016,XXL,197770180794,165.0,True,,https://kith.com/products/essrw00287-0135
8286755684480,Essentials Fleece Cargo Field Pant - Seal Heather,essrw00287-0135,Essentials,Cargo Pants,45144292294784,XXXL,10874272,165.0,False,,https://kith.com/products/essrw00287-0135
8286755684480,Essentials Fleece Cargo Field Pant - Seal Heather,essrw00287-0135,Essentials,Cargo Pants,45144292327552,4XL,10874273,165.0,False,,https://kith.com/products/essrw00287-0135
8286755225728,Essentials Fleece Cargo Field Pant - Iron Grey,essrw00287-0032,Essentials,Cargo Pants,45144290295936,XXS,10874274,165.0,False,,https://kith.com/products/essrw00287-0032
8286755225728,Essentials Fleece Cargo Field Pant - Iron Grey,essrw00287-0032,Essentials,Cargo Pants,45144290328704,XS,197770180909,165.0,False,,https://kith.com/products/essrw00287-0032
8286755225728,Essentials Fleece Cargo Field Pant - Iron Grey,essrw00287-0032,Essentials,Cargo Pants,45144290361472,S,197770180893,165.0,True,,https://kith.com/products/essrw00287-0032
8286755225728,Essentials Fleece Cargo Field Pant - Iron Grey,essrw00287-0032,Essentials,Cargo Pants,45144290394240,M,197770180886,165.0,True,,https://kith.com/products/essrw00287-0032
8286755225728,Essentials Fleece Cargo Field Pant - Iron Grey,essrw00287-0032,Essentials,Cargo Pants,45144290427008,L,197770180879,165.0,True,,https://kith.com/products/essrw00287-0032
8286755225728,Essentials Fleece Cargo Field Pant - Iron Grey,essrw00287-0032,Essentials,Cargo Pants,45144290459776,XL,197770180855,165.0,True,,https://kith.com/products/essrw00287-0032
8286755225728,Essentials Fleece Cargo Field Pant - Iron Grey,essrw00287-0032,Essentials,Cargo Pants,45144290492544,XXL,197770180862,165.0,True,,https://kith.com/products/essrw00287-0032
8286755225728,Essentials Fleece Cargo Field Pant - Iron Grey,essrw00287-0032,Essentials,Cargo Pants,45144290525312,XXXL,10874281,165.0,False,,https://kith.com/products/essrw00287-0032
8286755225728,Essentials Fleece Cargo Field Pant - Iron Grey,essrw00287-0032,Essentials,Cargo Pants,45144290558080,4XL,10874282,165.0,False,,https://kith.com/products/essrw00287-0032
8286755848320,Essentials Fleece Cargo Basketball Short - Moss,essrw00288-0121,Essentials,Cargo Shorts,45144293245056,XXS,10874283,140.0,False,,https://kith.com/products/essrw00288-0121
8286755848320,Essentials Fleece Cargo Basketball Short - Moss,essrw00288-0121,Essentials,Cargo Shorts,45144293277824,XS,197770180695,140.0,False,,https://kith.com/products/essrw00288-0121
8286755848320,Essentials Fleece Cargo Basketball Short - Moss,essrw00288-0121,Essentials,Cargo Shorts,45144293310592,S,197770180688,140.0,True,,https://kith.com/products/essrw00288-0121
8286755848320,Essentials Fleece Cargo Basketball Short - Moss,essrw00288-0121,Essentials,Cargo Shorts,45144293343360,M,197770180671,140.0,True,,https://kith.com/products/essrw00288-0121
8286755848320,Essentials Fleece Cargo Basketball Short - Moss,essrw00288-0121,Essentials,Cargo Shorts,45144293376128,L,197770180664,140.0,True,,https://kith.com/products/essrw00288-0121
8286755848320,Essentials Fleece Cargo Basketball Short - Moss,essrw00288-0121,Essentials,Cargo Shorts,45144293408896,XL,197770180657,140.0,True,,https://kith.com/products/essrw00288-0121
8286755848320,Essentials Fleece Cargo Basketball Short - Moss,essrw00288-0121,Essentials,Cargo Shorts,45144293441664,XXL,197770180640,140.0,True,,https://kith.com/products/essrw00288-0121
8286755848320,Essentials Fleece Cargo Basketball Short - Moss,essrw00288-0121,Essentials,Cargo Shorts,45144293474432,XXXL,10874290,140.0,False,,https://kith.com/products/essrw00288-0121
8286755848320,Essentials Fleece Cargo Basketball Short - Moss,essrw00288-0121,Essentials,Cargo Shorts,45144293507200,4XL,10874291,140.0,False,,https://kith.com/products/essrw00288-0121
8286755946624,Essentials Fleece Cargo Basketball Short - Iron Grey,essrw00288-0032,Essentials,Cargo Shorts,45144294424704,XXS,10874292,140.0,False,,https://kith.com/products/essrw00288-0032
8286755946624,Essentials Fleece Cargo Basketball Short - Iron Grey,essrw00288-0032,Essentials,Cargo Shorts,45144294457472,XS,197770180756,140.0,False,,https://kith.com/products/essrw00288-0032
8286755946624,Essentials Fleece Cargo Basketball Short - Iron Grey,essrw00288-0032,Essentials,Cargo Shorts,45144294490240,S,197770180763,140.0,True,,https://kith.com/products/essrw00288-0032
8286755946624,Essentials Fleece Cargo Basketball Short - Iron Grey,essrw00288-0032,Essentials,Cargo Shorts,45144294523008,M,197770180749,140.0,True,,https://kith.com/products/essrw00288-0032
8286755946624,Essentials Fleece Cargo Basketball Short - Iron Grey,essrw00288-0032,Essentials,Cargo Shorts,45144294555776,L,197770180732,140.0,True,,https://kith.com/products/essrw00288-0032
8286755946624,Essentials Fleece Cargo Basketball Short - Iron Grey,essrw00288-0032,Essentials,Cargo Shorts,45144294588544,XL,197770180725,140.0,True,,https://kith.com/products/essrw00288-0032
8286755946624,Essentials Fleece Cargo Basketball Short - Iron Grey,essrw00288-0032,Essentials,Cargo Shorts,45144294621312,XXL,197770180701,140.0,True,,https://kith.com/products/essrw00288-0032
8286755946624,Essentials Fleece Cargo Basketball Short - Iron Grey,essrw00288-0032,Essentials,Cargo Shorts,45144294654080,XXXL,10874299,140.0,False,,https://kith.com/products/essrw00288-0032
8286755946624,Essentials Fleece Cargo Basketball Short - Iron Grey,essrw00288-0032,Essentials,Cargo Shorts,45144294686848,4XL,10874300,140.0,False,,https://kith.com/products/essrw00288-0032
8286756372608,Essentials Flare Sweatpant - Washed Seal Heather,essrw00295-0151,Essentials,Sweatpants,45144298422400,XXS,10874301,155.0,False,,https://kith.com/products/essrw00295-0151
8286756372608,Essentials Flare Sweatpant - Washed Seal Heather,essrw00295-0151,Essentials,Sweatpants,45144298455168,XS,197770179811,155.0,False,,https://kith.com/products/essrw00295-0151
8286756372608,Essentials Flare Sweatpant - Washed Seal Heather,essrw00295-0151,Essentials,Sweatpants,45144298487936,S,197770179804,155.0,True,,https://kith.com/products/essrw00295-0151
8286756372608,Essentials Flare Sweatpant - Washed Seal Heather,essrw00295-0151,Essentials,Sweatpants,45144298520704,M,197770179750,155.0,True,,https://kith.com/products/essrw00295-0151
8286756372608,Essentials Flare Sweatpant - Washed Seal Heather,essrw00295-0151,Essentials,Sweatpants,45144298553472,L,197770179798,155.0,True,,https://kith.com/products/essrw00295-0151
8286756372608,Essentials Flare Sweatpant - Washed Seal Heather,essrw00295-0151,Essentials,Sweatpants,45144298586240,XL,197770179781,155.0,True,,https://kith.com/products/essrw00295-0151
8286756372608,Essentials Flare Sweatpant - Washed Seal Heather,essrw00295-0151,Essentials,Sweatpants,45144298619008,XXL,197770179767,155.0,True,,https://kith.com/products/essrw00295-0151
8286756372608,Essentials Flare Sweatpant - Washed Seal Heather,essrw00295-0151,Essentials,Sweatpants,45144298651776,XXXL,10874308,155.0,False,,https://kith.com/products/essrw00295-0151
8286756372608,Essentials Flare Sweatpant - Washed Seal Heather,essrw00295-0151,Essentials,Sweatpants,45144298684544,4XL,10874309,155.0,False,,https://kith.com/products/essrw00295-0151
8286755094656,Essentials Flannel Lounge Pant - Vintage Black Plaid,essrw00309-0130,Essentials,Pants,45144286625920,XXS,10874373,155.0,False,,https://kith.com/products/essrw00309-0130
8286755094656,Essentials Flannel Lounge Pant - Vintage Black Plaid,essrw00309-0130,Essentials,Pants,45144286658688,XS,197770141993,155.0,False,,https://kith.com/products/essrw00309-0130
8286755094656,Essentials Flannel Lounge Pant - Vintage Black Plaid,essrw00309-0130,Essentials,Pants,45144286691456,S,197770141986,155.0,True,,https://kith.com/products/essrw00309-0130
8286755094656,Essentials Flannel Lounge Pant - Vintage Black Plaid,essrw00309-0130,Essentials,Pants,45144286724224,M,197770141979,155.0,True,,https://kith.com/products/essrw00309-0130
8286755094656,Essentials Flannel Lounge Pant - Vintage Black Plaid,essrw00309-0130,Essentials,Pants,45144286756992,L,197770141962,155.0,True,,https://kith.com/products/essrw00309-0130
8286755094656,Essentials Flannel Lounge Pant - Vintage Black Plaid,essrw00309-0130,Essentials,Pants,45144286789760,XL,197770141948,155.0,True,,https://kith.com/products/essrw00309-0130
8286755094656,Essentials Flannel Lounge Pant - Vintage Black Plaid,essrw00309-0130,Essentials,Pants,45144286822528,XXL,197770141955,155.0,True,,https://kith.com/products/essrw00309-0130
8286755094656,Essentials Flannel Lounge Pant - Vintage Black Plaid,essrw00309-0130,Essentials,Pants,45144286855296,XXXL,10874380,155.0,False,,https://kith.com/products/essrw00309-0130
8286755094656,Essentials Flannel Lounge Pant - Vintage Black Plaid,essrw00309-0130,Essentials,Pants,45144286888064,4XL,10874381,155.0,False,,https://kith.com/products/essrw00309-0130
8286756929664,Essentials Flannel Lounge Pant - Iron Grey Plaid,essrw00309-0128,Essentials,Pants,45144303435904,XXS,10874382,155.0,False,,https://kith.com/products/essrw00309-0128
8286756929664,Essentials Flannel Lounge Pant - Iron Grey Plaid,essrw00309-0128,Essentials,Pants,45144303468672,XS,197770142075,155.0,False,,https://kith.com/products/essrw00309-0128
8286756929664,Essentials Flannel Lounge Pant - Iron Grey Plaid,essrw00309-0128,Essentials,Pants,45144303501440,S,197770142051,155.0,True,,https://kith.com/products/essrw00309-0128
8286756929664,Essentials Flannel Lounge Pant - Iron Grey Plaid,essrw00309-0128,Essentials,Pants,45144303534208,M,197770142044,155.0,True,,https://kith.com/products/essrw00309-0128
8286756929664,Essentials Flannel Lounge Pant - Iron Grey Plaid,essrw00309-0128,Essentials,Pants,45144303566976,L,197770142037,155.0,True,,https://kith.com/products/essrw00309-0128
8286756929664,Essentials Flannel Lounge Pant - Iron Grey Plaid,essrw00309-0128,Essentials,Pants,45144303599744,XL,197770142020,155.0,True,,https://kith.com/products/essrw00309-0128
8286756929664,Essentials Flannel Lounge Pant - Iron Grey Plaid,essrw00309-0128,Essentials,Pants,45144303632512,XXL,197770142013,155.0,True,,https://kith.com/products/essrw00309-0128
8286756929664,Essentials Flannel Lounge Pant - Iron Grey Plaid,essrw00309-0128,Essentials,Pants,45144303665280,XXXL,10874389,155.0,False,,https://kith.com/products/essrw00309-0128
8286756929664,Essentials Flannel Lounge Pant - Iron Grey Plaid,essrw00309-0128,Essentials,Pants,45144303698048,4XL,10874390,155.0,False,,https://kith.com/products/essrw00309-0128
8286755881088,Essentials Flannel Button Up Shirt - Vintage Black Plaid,essrw00308-0130,Essentials,Button Up Shirts,45144293539968,XXS,10874130,135.0,False,,https://kith.com/products/essrw00308-0130
8286755881088,Essentials Flannel Button Up Shirt - Vintage Black Plaid,essrw00308-0130,Essentials,Button Up Shirts,45144293572736,XS,197770142129,135.0,False,,https://kith.com/products/essrw00308-0130
8286755881088,Essentials Flannel Button Up Shirt - Vintage Black Plaid,essrw00308-0130,Essentials,Button Up Shirts,45144293605504,S,197770142136,135.0,True,,https://kith.com/products/essrw00308-0130
8286755881088,Essentials Flannel Button Up Shirt - Vintage Black Plaid,essrw00308-0130,Essentials,Button Up Shirts,45144293638272,M,197770142112,135.0,True,,https://kith.com/products/essrw00308-0130
8286755881088,Essentials Flannel Button Up Shirt - Vintage Black Plaid,essrw00308-0130,Essentials,Button Up Shirts,45144293671040,L,197770142105,135.0,True,,https://kith.com/products/essrw00308-0130
8286755881088,Essentials Flannel Button Up Shirt - Vintage Black Plaid,essrw00308-0130,Essentials,Button Up Shirts,45144293703808,XL,197770142099,135.0,True,,https://kith.com/products/essrw00308-0130
8286755881088,Essentials Flannel Button Up Shirt - Vintage Black Plaid,essrw00308-0130,Essentials,Button Up Shirts,45144293736576,XXL,197770142082,135.0,False,,https://kith.com/products/essrw00308-0130
8286755881088,Essentials Flannel Button Up Shirt - Vintage Black Plaid,essrw00308-0130,Essentials,Button Up Shirts,45144293769344,XXXL,10874137,135.0,False,,https://kith.com/products/essrw00308-0130
8286755881088,Essentials Flannel Button Up Shirt - Vintage Black Plaid,essrw00308-0130,Essentials,Button Up Shirts,45144293802112,4XL,10874138,135.0,False,,https://kith.com/products/essrw00308-0130
8286756044928,Essentials Flannel Button Up Shirt - Iron Grey Plaid,essrw00308-0128,Essentials,Button Up Shirts,45144295309440,XXS,10874121,135.0,False,,https://kith.com/products/essrw00308-0128
8286756044928,Essentials Flannel Button Up Shirt - Iron Grey Plaid,essrw00308-0128,Essentials,Button Up Shirts,45144295342208,XS,197770142457,135.0,False,,https://kith.com/products/essrw00308-0128
8286756044928,Essentials Flannel Button Up Shirt - Iron Grey Plaid,essrw00308-0128,Essentials,Button Up Shirts,45144295374976,S,197770142198,135.0,True,,https://kith.com/products/essrw00308-0128
8286756044928,Essentials Flannel Button Up Shirt - Iron Grey Plaid,essrw00308-0128,Essentials,Button Up Shirts,45144295407744,M,197770142181,135.0,True,,https://kith.com/products/essrw00308-0128
8286756044928,Essentials Flannel Button Up Shirt - Iron Grey Plaid,essrw00308-0128,Essentials,Button Up Shirts,45144295440512,L,197770142167,135.0,True,,https://kith.com/products/essrw00308-0128
8286756044928,Essentials Flannel Button Up Shirt - Iron Grey Plaid,essrw00308-0128,Essentials,Button Up Shirts,45144295473280,XL,197770142174,135.0,True,,https://kith.com/products/essrw00308-0128
8286756044928,Essentials Flannel Button Up Shirt - Iron Grey Plaid,essrw00308-0128,Essentials,Button Up Shirts,45144295506048,XXL,197770142143,135.0,False,,https://kith.com/products/essrw00308-0128
8286756044928,Essentials Flannel Button Up Shirt - Iron Grey Plaid,essrw00308-0128,Essentials,Button Up Shirts,45144295538816,XXXL,10874128,135.0,False,,https://kith.com/products/essrw00308-0128
8286756044928,Essentials Flannel Button Up Shirt - Iron Grey Plaid,essrw00308-0128,Essentials,Button Up Shirts,45144295571584,4XL,10874129,135.0,False,,https://kith.com/products/essrw00308-0128
8286754734208,Essentials Fear of God Merch Tee - Seal,essrw00270-0225,Essentials,Short Sleeve Tees,45144283316352,XXS,14003039,110.0,False,,https://kith.com/products/essrw00270-0225
8286754734208,Essentials Fear of God Merch Tee - Seal,essrw00270-0225,Essentials,Short Sleeve Tees,45144283349120,XS,14003040,110.0,False,,https://kith.com/products/essrw00270-0225
8286754734208,Essentials Fear of God Merch Tee - Seal,essrw00270-0225,Essentials,Short Sleeve Tees,45144283381888,S,197770120684,110.0,True,,https://kith.com/products/essrw00270-0225
8286754734208,Essentials Fear of God Merch Tee - Seal,essrw00270-0225,Essentials,Short Sleeve Tees,45144283414656,M,197770120677,110.0,True,,https://kith.com/products/essrw00270-0225
8286754734208,Essentials Fear of God Merch Tee - Seal,essrw00270-0225,Essentials,Short Sleeve Tees,45144283447424,L,197770120660,110.0,True,,https://kith.com/products/essrw00270-0225
8286754734208,Essentials Fear of God Merch Tee - Seal,essrw00270-0225,Essentials,Short Sleeve Tees,45144283480192,XL,197770120653,110.0,True,,https://kith.com/products/essrw00270-0225
8286754734208,Essentials Fear of God Merch Tee - Seal,essrw00270-0225,Essentials,Short Sleeve Tees,45144283512960,XXL,197770120646,110.0,True,,https://kith.com/products/essrw00270-0225
8286754734208,Essentials Fear of God Merch Tee - Seal,essrw00270-0225,Essentials,Short Sleeve Tees,45144283545728,XXXL,14003046,110.0,False,,https://kith.com/products/essrw00270-0225
8286754734208,Essentials Fear of God Merch Tee - Seal,essrw00270-0225,Essentials,Short Sleeve Tees,45144283578496,4XL,14003047,110.0,False,,https://kith.com/products/essrw00270-0225
8286757650560,Essentials Fear of God Merch Long Sleeve Tee - Seal,essrw00381-0225,Essentials,Long Sleeve Tees,45144309629056,XXS,14003066,110.0,False,,https://kith.com/products/essrw00381-0225
8286757650560,Essentials Fear of God Merch Long Sleeve Tee - Seal,essrw00381-0225,Essentials,Long Sleeve Tees,45144309661824,XS,14003067,110.0,False,,https://kith.com/products/essrw00381-0225
8286757650560,Essentials Fear of God Merch Long Sleeve Tee - Seal,essrw00381-0225,Essentials,Long Sleeve Tees,45144309694592,S,197770120554,110.0,True,,https://kith.com/products/essrw00381-0225
8286757650560,Essentials Fear of God Merch Long Sleeve Tee - Seal,essrw00381-0225,Essentials,Long Sleeve Tees,45144309727360,M,197770120523,110.0,True,,https://kith.com/products/essrw00381-0225
8286757650560,Essentials Fear of God Merch Long Sleeve Tee - Seal,essrw00381-0225,Essentials,Long Sleeve Tees,45144309760128,L,197770120530,110.0,True,,https://kith.com/products/essrw00381-0225
8286757650560,Essentials Fear of God Merch Long Sleeve Tee - Seal,essrw00381-0225,Essentials,Long Sleeve Tees,45144309792896,XL,197770120516,110.0,True,,https://kith.com/products/essrw00381-0225
8286757650560,Essentials Fear of God Merch Long Sleeve Tee - Seal,essrw00381-0225,Essentials,Long Sleeve Tees,45144309825664,XXL,197770120509,110.0,True,,https://kith.com/products/essrw00381-0225
8286757650560,Essentials Fear of God Merch Long Sleeve Tee - Seal,essrw00381-0225,Essentials,Long Sleeve Tees,45144309858432,XXXL,14003073,110.0,False,,https://kith.com/products/essrw00381-0225
8286757650560,Essentials Fear of God Merch Long Sleeve Tee - Seal,essrw00381-0225,Essentials,Long Sleeve Tees,45144309891200,4XL,14003074,110.0,False,,https://kith.com/products/essrw00381-0225
8286756110464,Essentials Fear of God Flare Sweatpant - Washed Vanilla Heather,essrw00295-0144,Essentials,Sweatpants,45144295899264,XXS,10874310,155.0,False,,https://kith.com/products/essrw00295-0144
8286756110464,Essentials Fear of God Flare Sweatpant - Washed Vanilla Heather,essrw00295-0144,Essentials,Sweatpants,45144295932032,XS,197770179774,155.0,False,,https://kith.com/products/essrw00295-0144
8286756110464,Essentials Fear of God Flare Sweatpant - Washed Vanilla Heather,essrw00295-0144,Essentials,Sweatpants,45144295964800,S,197770179729,155.0,True,,https://kith.com/products/essrw00295-0144
8286756110464,Essentials Fear of God Flare Sweatpant - Washed Vanilla Heather,essrw00295-0144,Essentials,Sweatpants,45144295997568,M,197770179736,155.0,True,,https://kith.com/products/essrw00295-0144
8286756110464,Essentials Fear of God Flare Sweatpant - Washed Vanilla Heather,essrw00295-0144,Essentials,Sweatpants,45144296030336,L,197770179712,155.0,True,,https://kith.com/products/essrw00295-0144
8286756110464,Essentials Fear of God Flare Sweatpant - Washed Vanilla Heather,essrw00295-0144,Essentials,Sweatpants,45144296063104,XL,197770179705,155.0,True,,https://kith.com/products/essrw00295-0144
8286756110464,Essentials Fear of God Flare Sweatpant - Washed Vanilla Heather,essrw00295-0144,Essentials,Sweatpants,45144296095872,XXL,197770179699,155.0,True,,https://kith.com/products/essrw00295-0144
8286756110464,Essentials Fear of God Flare Sweatpant - Washed Vanilla Heather,essrw00295-0144,Essentials,Sweatpants,45144296128640,XXXL,10874317,155.0,False,,https://kith.com/products/essrw00295-0144
8286756110464,Essentials Fear of God Flare Sweatpant - Washed Vanilla Heather,essrw00295-0144,Essentials,Sweatpants,45144296161408,4XL,10874318,155.0,False,,https://kith.com/products/essrw00295-0144
8286757159040,Essentials Fear of God 90's Short - Washed Iron Grey,essrw00277-0146,Essentials,Shorts,45144306090112,XXS,10874413,90.0,False,,https://kith.com/products/essrw00277-0146
8286757159040,Essentials Fear of God 90's Short - Washed Iron Grey,essrw00277-0146,Essentials,Shorts,45144306122880,XS,197770182620,90.0,False,,https://kith.com/products/essrw00277-0146
8286757159040,Essentials Fear of God 90's Short - Washed Iron Grey,essrw00277-0146,Essentials,Shorts,45144306155648,S,197770182606,90.0,True,,https://kith.com/products/essrw00277-0146
8286757159040,Essentials Fear of God 90's Short - Washed Iron Grey,essrw00277-0146,Essentials,Shorts,45144306188416,M,197770182583,90.0,True,,https://kith.com/products/essrw00277-0146
8286757159040,Essentials Fear of God 90's Short - Washed Iron Grey,essrw00277-0146,Essentials,Shorts,45144306221184,L,197770182576,90.0,True,,https://kith.com/products/essrw00277-0146
8286757159040,Essentials Fear of God 90's Short - Washed Iron Grey,essrw00277-0146,Essentials,Shorts,45144306253952,XL,197770182569,90.0,True,,https://kith.com/products/essrw00277-0146
8286757159040,Essentials Fear of God 90's Short - Washed Iron Grey,essrw00277-0146,Essentials,Shorts,45144306286720,XXL,197770182545,90.0,True,,https://kith.com/products/essrw00277-0146
8286757159040,Essentials Fear of God 90's Short - Washed Iron Grey,essrw00277-0146,Essentials,Shorts,45144306319488,XXXL,10874420,90.0,False,,https://kith.com/products/essrw00277-0146
8286757159040,Essentials Fear of God 90's Short - Washed Iron Grey,essrw00277-0146,Essentials,Shorts,45144306352256,4XL,10874421,90.0,False,,https://kith.com/products/essrw00277-0146
8286755127424,Essentials Dodgers Sport Hoodie - Oat,essrw00202-0132,Essentials,Hoodies,45144286920832,XXS,10876704,175.0,False,,https://kith.com/products/essrw00202-0132
8286755127424,Essentials Dodgers Sport Hoodie - Oat,essrw00202-0132,Essentials,Hoodies,45144286953600,XS,197770196757,175.0,False,,https://kith.com/products/essrw00202-0132
8286755127424,Essentials Dodgers Sport Hoodie - Oat,essrw00202-0132,Essentials,Hoodies,45144286986368,S,197770196733,175.0,True,,https://kith.com/products/essrw00202-0132
8286755127424,Essentials Dodgers Sport Hoodie - Oat,essrw00202-0132,Essentials,Hoodies,45144287019136,M,197770196740,175.0,True,,https://kith.com/products/essrw00202-0132
8286755127424,Essentials Dodgers Sport Hoodie - Oat,essrw00202-0132,Essentials,Hoodies,45144287051904,L,197770196726,175.0,True,,https://kith.com/products/essrw00202-0132
8286755127424,Essentials Dodgers Sport Hoodie - Oat,essrw00202-0132,Essentials,Hoodies,45144287084672,XL,197770196719,175.0,True,,https://kith.com/products/essrw00202-0132
8286755127424,Essentials Dodgers Sport Hoodie - Oat,essrw00202-0132,Essentials,Hoodies,45144287117440,XXL,197770196696,175.0,True,,https://kith.com/products/essrw00202-0132
8286755127424,Essentials Dodgers Sport Hoodie - Oat,essrw00202-0132,Essentials,Hoodies,45144287150208,XXXL,10876711,175.0,False,,https://kith.com/products/essrw00202-0132
8286755127424,Essentials Dodgers Sport Hoodie - Oat,essrw00202-0132,Essentials,Hoodies,45144287182976,4XL,10876712,175.0,False,,https://kith.com/products/essrw00202-0132
8286756012160,Essentials Dodgers Raglan Half Zip Sport Hoodie - Estate Blue / Seal,essrw00213-0063,Essentials,Hoodies,45144295014528,XXS,10876740,185.0,False,,https://kith.com/products/essrw00213-0063
8286756012160,Essentials Dodgers Raglan Half Zip Sport Hoodie - Estate Blue / Seal,essrw00213-0063,Essentials,Hoodies,45144295047296,XS,197770195453,185.0,False,,https://kith.com/products/essrw00213-0063
8286756012160,Essentials Dodgers Raglan Half Zip Sport Hoodie - Estate Blue / Seal,essrw00213-0063,Essentials,Hoodies,45144295080064,S,197770195446,185.0,False,,https://kith.com/products/essrw00213-0063
8286756012160,Essentials Dodgers Raglan Half Zip Sport Hoodie - Estate Blue / Seal,essrw00213-0063,Essentials,Hoodies,45144295112832,M,197770195439,185.0,True,,https://kith.com/products/essrw00213-0063
8286756012160,Essentials Dodgers Raglan Half Zip Sport Hoodie - Estate Blue / Seal,essrw00213-0063,Essentials,Hoodies,45144295145600,L,197770195422,185.0,True,,https://kith.com/products/essrw00213-0063
8286756012160,Essentials Dodgers Raglan Half Zip Sport Hoodie - Estate Blue / Seal,essrw00213-0063,Essentials,Hoodies,45144295178368,XL,197770195415,185.0,True,,https://kith.com/products/essrw00213-0063
8286756012160,Essentials Dodgers Raglan Half Zip Sport Hoodie - Estate Blue / Seal,essrw00213-0063,Essentials,Hoodies,45144295211136,XXL,197770195408,185.0,True,,https://kith.com/products/essrw00213-0063
8286756012160,Essentials Dodgers Raglan Half Zip Sport Hoodie - Estate Blue / Seal,essrw00213-0063,Essentials,Hoodies,45144295243904,XXXL,10876747,185.0,False,,https://kith.com/products/essrw00213-0063
8286756012160,Essentials Dodgers Raglan Half Zip Sport Hoodie - Estate Blue / Seal,essrw00213-0063,Essentials,Hoodies,45144295276672,4XL,10876748,185.0,False,,https://kith.com/products/essrw00213-0063
8286756274304,Essentials Dodgers Merch Tee - Concrete Heather,essrw00190-0110,Essentials,Short Sleeve Tees,45144298094720,XXS,10876641,90.0,False,,https://kith.com/products/essrw00190-0110
8286756274304,Essentials Dodgers Merch Tee - Concrete Heather,essrw00190-0110,Essentials,Short Sleeve Tees,45144298127488,XS,197770197730,90.0,False,,https://kith.com/products/essrw00190-0110
8286756274304,Essentials Dodgers Merch Tee - Concrete Heather,essrw00190-0110,Essentials,Short Sleeve Tees,45144298160256,S,197770197723,90.0,True,,https://kith.com/products/essrw00190-0110
8286756274304,Essentials Dodgers Merch Tee - Concrete Heather,essrw00190-0110,Essentials,Short Sleeve Tees,45144298193024,M,197770197716,90.0,True,,https://kith.com/products/essrw00190-0110
8286756274304,Essentials Dodgers Merch Tee - Concrete Heather,essrw00190-0110,Essentials,Short Sleeve Tees,45144298225792,L,197770197709,90.0,True,,https://kith.com/products/essrw00190-0110
8286756274304,Essentials Dodgers Merch Tee - Concrete Heather,essrw00190-0110,Essentials,Short Sleeve Tees,45144298258560,XL,197770197693,90.0,True,,https://kith.com/products/essrw00190-0110
8286756274304,Essentials Dodgers Merch Tee - Concrete Heather,essrw00190-0110,Essentials,Short Sleeve Tees,45144298291328,XXL,197770197686,90.0,True,,https://kith.com/products/essrw00190-0110
8286756274304,Essentials Dodgers Merch Tee - Concrete Heather,essrw00190-0110,Essentials,Short Sleeve Tees,45144298324096,XXXL,10876648,90.0,False,,https://kith.com/products/essrw00190-0110
8286756274304,Essentials Dodgers Merch Tee - Concrete Heather,essrw00190-0110,Essentials,Short Sleeve Tees,45144298356864,4XL,10876649,90.0,False,,https://kith.com/products/essrw00190-0110
8286755160192,Essentials Denim 5-Pocket Jeans - Overdyed Black,essrw00310-0142,Essentials,Jeans,45144287215744,28,197770141924,175.0,False,,https://kith.com/products/essrw00310-0142
8286755160192,Essentials Denim 5-Pocket Jeans - Overdyed Black,essrw00310-0142,Essentials,Jeans,45144287248512,29,197770141917,175.0,False,,https://kith.com/products/essrw00310-0142
8286755160192,Essentials Denim 5-Pocket Jeans - Overdyed Black,essrw00310-0142,Essentials,Jeans,45144287281280,30,197770141900,175.0,True,,https://kith.com/products/essrw00310-0142
8286755160192,Essentials Denim 5-Pocket Jeans - Overdyed Black,essrw00310-0142,Essentials,Jeans,45144287314048,31,197770141887,175.0,True,,https://kith.com/products/essrw00310-0142
8286755160192,Essentials Denim 5-Pocket Jeans - Overdyed Black,essrw00310-0142,Essentials,Jeans,45144287346816,32,197770141894,175.0,True,,https://kith.com/products/essrw00310-0142
8286755160192,Essentials Denim 5-Pocket Jeans - Overdyed Black,essrw00310-0142,Essentials,Jeans,45144287379584,33,10874396,175.0,False,,https://kith.com/products/essrw00310-0142
8286755160192,Essentials Denim 5-Pocket Jeans - Overdyed Black,essrw00310-0142,Essentials,Jeans,45144287412352,34,197770141863,175.0,True,,https://kith.com/products/essrw00310-0142
8286755160192,Essentials Denim 5-Pocket Jeans - Overdyed Black,essrw00310-0142,Essentials,Jeans,45144287445120,35,10874398,175.0,False,,https://kith.com/products/essrw00310-0142
8286755160192,Essentials Denim 5-Pocket Jeans - Overdyed Black,essrw00310-0142,Essentials,Jeans,45144287477888,36,197770141870,175.0,True,,https://kith.com/products/essrw00310-0142
8286755160192,Essentials Denim 5-Pocket Jeans - Overdyed Black,essrw00310-0142,Essentials,Jeans,45144287510656,38,197770141856,175.0,False,,https://kith.com/products/essrw00310-0142
8286755160192,Essentials Denim 5-Pocket Jeans - Overdyed Black,essrw00310-0142,Essentials,Jeans,45144287543424,40,10874401,175.0,False,,https://kith.com/products/essrw00310-0142
8286755160192,Essentials Denim 5-Pocket Jeans - Overdyed Black,essrw00310-0142,Essentials,Jeans,45144287576192,42,10874402,175.0,False,,https://kith.com/products/essrw00310-0142
8286755160192,Essentials Denim 5-Pocket Jeans - Overdyed Black,essrw00310-0142,Essentials,Jeans,45144287608960,44,10874403,175.0,False,,https://kith.com/products/essrw00310-0142
8286757486720,Essentials Cut Off 90's Tee - Chalk,essrw00271-0037,Essentials,Short Sleeve Tees,45144307859584,XXS,10874004,80.0,False,,https://kith.com/products/essrw00271-0037
8286757486720,Essentials Cut Off 90's Tee - Chalk,essrw00271-0037,Essentials,Short Sleeve Tees,45144307892352,XS,197770190960,80.0,False,,https://kith.com/products/essrw00271-0037
8286757486720,Essentials Cut Off 90's Tee - Chalk,essrw00271-0037,Essentials,Short Sleeve Tees,45144307925120,S,197770190953,80.0,True,,https://kith.com/products/essrw00271-0037
8286757486720,Essentials Cut Off 90's Tee - Chalk,essrw00271-0037,Essentials,Short Sleeve Tees,45144307957888,M,197770190984,80.0,True,,https://kith.com/products/essrw00271-0037
8286757486720,Essentials Cut Off 90's Tee - Chalk,essrw00271-0037,Essentials,Short Sleeve Tees,45144307990656,L,197770190946,80.0,True,,https://kith.com/products/essrw00271-0037
8286757486720,Essentials Cut Off 90's Tee - Chalk,essrw00271-0037,Essentials,Short Sleeve Tees,45144308023424,XL,197770190908,80.0,True,,https://kith.com/products/essrw00271-0037
8286757486720,Essentials Cut Off 90's Tee - Chalk,essrw00271-0037,Essentials,Short Sleeve Tees,45144308056192,XXL,197770190915,80.0,True,,https://kith.com/products/essrw00271-0037
8286757486720,Essentials Cut Off 90's Tee - Chalk,essrw00271-0037,Essentials,Short Sleeve Tees,45144308088960,XXXL,10874011,80.0,False,,https://kith.com/products/essrw00271-0037
8286757486720,Essentials Cut Off 90's Tee - Chalk,essrw00271-0037,Essentials,Short Sleeve Tees,45144308121728,4XL,10874012,80.0,False,,https://kith.com/products/essrw00271-0037
8286754635904,Essentials Cut Off 90's Tee - Chalk,essrw00271-0225,Essentials,Short Sleeve Tees,45144282726528,XXS,14003048,80.0,False,,https://kith.com/products/essrw00271-0225
8286754635904,Essentials Cut Off 90's Tee - Chalk,essrw00271-0225,Essentials,Short Sleeve Tees,45144282759296,XS,14003049,80.0,False,,https://kith.com/products/essrw00271-0225
8286754635904,Essentials Cut Off 90's Tee - Chalk,essrw00271-0225,Essentials,Short Sleeve Tees,45144282792064,S,197770120615,80.0,True,,https://kith.com/products/essrw00271-0225
8286754635904,Essentials Cut Off 90's Tee - Chalk,essrw00271-0225,Essentials,Short Sleeve Tees,45144282824832,M,197770120608,80.0,True,,https://kith.com/products/essrw00271-0225
8286754635904,Essentials Cut Off 90's Tee - Chalk,essrw00271-0225,Essentials,Short Sleeve Tees,45144282857600,L,197770120592,80.0,True,,https://kith.com/products/essrw00271-0225
8286754635904,Essentials Cut Off 90's Tee - Chalk,essrw00271-0225,Essentials,Short Sleeve Tees,45144282890368,XL,197770120585,80.0,True,,https://kith.com/products/essrw00271-0225
8286754635904,Essentials Cut Off 90's Tee - Chalk,essrw00271-0225,Essentials,Short Sleeve Tees,45144282923136,XXL,197770120578,80.0,True,,https://kith.com/products/essrw00271-0225
8286754635904,Essentials Cut Off 90's Tee - Chalk,essrw00271-0225,Essentials,Short Sleeve Tees,45144282955904,XXXL,14003055,80.0,False,,https://kith.com/products/essrw00271-0225
8286754635904,Essentials Cut Off 90's Tee - Chalk,essrw00271-0225,Essentials,Short Sleeve Tees,45144282988672,4XL,14003056,80.0,False,,https://kith.com/products/essrw00271-0225
8286757060736,Essentials Cropped Relaxed Paneled Sweatshirt - Vanilla Heather / Seal,essrw00282-0134,Essentials,Sweatshirts,45144303730816,XXS,10874040,145.0,False,,https://kith.com/products/essrw00282-0134
8286757060736,Essentials Cropped Relaxed Paneled Sweatshirt - Vanilla Heather / Seal,essrw00282-0134,Essentials,Sweatshirts,45144303763584,XS,10874041,145.0,False,,https://kith.com/products/essrw00282-0134
8286757060736,Essentials Cropped Relaxed Paneled Sweatshirt - Vanilla Heather / Seal,essrw00282-0134,Essentials,Sweatshirts,45144303796352,S,10874042,145.0,True,,https://kith.com/products/essrw00282-0134
8286757060736,Essentials Cropped Relaxed Paneled Sweatshirt - Vanilla Heather / Seal,essrw00282-0134,Essentials,Sweatshirts,45144303829120,M,10874043,145.0,True,,https://kith.com/products/essrw00282-0134
8286757060736,Essentials Cropped Relaxed Paneled Sweatshirt - Vanilla Heather / Seal,essrw00282-0134,Essentials,Sweatshirts,45144303861888,L,10874044,145.0,True,,https://kith.com/products/essrw00282-0134
8286757060736,Essentials Cropped Relaxed Paneled Sweatshirt - Vanilla Heather / Seal,essrw00282-0134,Essentials,Sweatshirts,45144303894656,XL,10874045,145.0,True,,https://kith.com/products/essrw00282-0134
8286757060736,Essentials Cropped Relaxed Paneled Sweatshirt - Vanilla Heather / Seal,essrw00282-0134,Essentials,Sweatshirts,45144303927424,XXL,10874046,145.0,True,,https://kith.com/products/essrw00282-0134
8286757060736,Essentials Cropped Relaxed Paneled Sweatshirt - Vanilla Heather / Seal,essrw00282-0134,Essentials,Sweatshirts,45144303960192,XXXL,10874047,145.0,False,,https://kith.com/products/essrw00282-0134
8286757060736,Essentials Cropped Relaxed Paneled Sweatshirt - Vanilla Heather / Seal,essrw00282-0134,Essentials,Sweatshirts,45144303992960,4XL,10874048,145.0,False,,https://kith.com/products/essrw00282-0134
8286757716096,Essentials Cropped Relaxed Paneled Sweatshirt - Seal Heather / Iron Grey,essrw00282-0135,Essentials,Sweatshirts,45144310218880,XXS,10874049,145.0,False,,https://kith.com/products/essrw00282-0135
8286757716096,Essentials Cropped Relaxed Paneled Sweatshirt - Seal Heather / Iron Grey,essrw00282-0135,Essentials,Sweatshirts,45144310251648,XS,10874050,145.0,False,,https://kith.com/products/essrw00282-0135
8286757716096,Essentials Cropped Relaxed Paneled Sweatshirt - Seal Heather / Iron Grey,essrw00282-0135,Essentials,Sweatshirts,45144310284416,S,10874051,145.0,True,,https://kith.com/products/essrw00282-0135
8286757716096,Essentials Cropped Relaxed Paneled Sweatshirt - Seal Heather / Iron Grey,essrw00282-0135,Essentials,Sweatshirts,45144310317184,M,10874052,145.0,True,,https://kith.com/products/essrw00282-0135
8286757716096,Essentials Cropped Relaxed Paneled Sweatshirt - Seal Heather / Iron Grey,essrw00282-0135,Essentials,Sweatshirts,45144310349952,L,10874053,145.0,True,,https://kith.com/products/essrw00282-0135
8286757716096,Essentials Cropped Relaxed Paneled Sweatshirt - Seal Heather / Iron Grey,essrw00282-0135,Essentials,Sweatshirts,45144310382720,XL,10874054,145.0,True,,https://kith.com/products/essrw00282-0135
8286757716096,Essentials Cropped Relaxed Paneled Sweatshirt - Seal Heather / Iron Grey,essrw00282-0135,Essentials,Sweatshirts,45144310415488,XXL,10874055,145.0,True,,https://kith.com/products/essrw00282-0135
8286757716096,Essentials Cropped Relaxed Paneled Sweatshirt - Seal Heather / Iron Grey,essrw00282-0135,Essentials,Sweatshirts,45144310448256,XXXL,10874056,145.0,False,,https://kith.com/products/essrw00282-0135
8286757716096,Essentials Cropped Relaxed Paneled Sweatshirt - Seal Heather / Iron Grey,essrw00282-0135,Essentials,Sweatshirts,45144310481024,4XL,10874057,145.0,False,,https://kith.com/products/essrw00282-0135
8286756438144,Essentials Cropped Relaxed Paneled Sweatshirt - Iron Grey Heather / Seal Heather,essrw00282-0120,Essentials,Sweatshirts,45144299012224,XXS,10874058,145.0,False,,https://kith.com/products/essrw00282-0120
8286756438144,Essentials Cropped Relaxed Paneled Sweatshirt - Iron Grey Heather / Seal Heather,essrw00282-0120,Essentials,Sweatshirts,45144299044992,XS,10874059,145.0,False,,https://kith.com/products/essrw00282-0120
8286756438144,Essentials Cropped Relaxed Paneled Sweatshirt - Iron Grey Heather / Seal Heather,essrw00282-0120,Essentials,Sweatshirts,45144299077760,S,10874060,145.0,True,,https://kith.com/products/essrw00282-0120
8286756438144,Essentials Cropped Relaxed Paneled Sweatshirt - Iron Grey Heather / Seal Heather,essrw00282-0120,Essentials,Sweatshirts,45144299110528,M,10874061,145.0,True,,https://kith.com/products/essrw00282-0120
8286756438144,Essentials Cropped Relaxed Paneled Sweatshirt - Iron Grey Heather / Seal Heather,essrw00282-0120,Essentials,Sweatshirts,45144299143296,L,10874062,145.0,True,,https://kith.com/products/essrw00282-0120
8286756438144,Essentials Cropped Relaxed Paneled Sweatshirt - Iron Grey Heather / Seal Heather,essrw00282-0120,Essentials,Sweatshirts,45144299176064,XL,10874063,145.0,True,,https://kith.com/products/essrw00282-0120
8286756438144,Essentials Cropped Relaxed Paneled Sweatshirt - Iron Grey Heather / Seal Heather,essrw00282-0120,Essentials,Sweatshirts,45144299208832,XXL,10874064,145.0,True,,https://kith.com/products/essrw00282-0120
8286756438144,Essentials Cropped Relaxed Paneled Sweatshirt - Iron Grey Heather / Seal Heather,essrw00282-0120,Essentials,Sweatshirts,45144299241600,XXXL,10874065,145.0,False,,https://kith.com/products/essrw00282-0120
8286756438144,Essentials Cropped Relaxed Paneled Sweatshirt - Iron Grey Heather / Seal Heather,essrw00282-0120,Essentials,Sweatshirts,45144299274368,4XL,10874066,145.0,False,,https://kith.com/products/essrw00282-0120
8286755422336,Essentials Cropped Relaxed Paneled Hoodie - Vanilla Heather / Seal,essrw00283-0134,Essentials,Hoodies,45144289411200,XXS,10874067,160.0,False,,https://kith.com/products/essrw00283-0134
8286755422336,Essentials Cropped Relaxed Paneled Hoodie - Vanilla Heather / Seal,essrw00283-0134,Essentials,Hoodies,45144289443968,XS,197770181623,160.0,False,,https://kith.com/products/essrw00283-0134
8286755422336,Essentials Cropped Relaxed Paneled Hoodie - Vanilla Heather / Seal,essrw00283-0134,Essentials,Hoodies,45144289476736,S,197770181616,160.0,True,,https://kith.com/products/essrw00283-0134
8286755422336,Essentials Cropped Relaxed Paneled Hoodie - Vanilla Heather / Seal,essrw00283-0134,Essentials,Hoodies,45144289509504,M,197770181609,160.0,True,,https://kith.com/products/essrw00283-0134
8286755422336,Essentials Cropped Relaxed Paneled Hoodie - Vanilla Heather / Seal,essrw00283-0134,Essentials,Hoodies,45144289542272,L,197770181579,160.0,True,,https://kith.com/products/essrw00283-0134
8286755422336,Essentials Cropped Relaxed Paneled Hoodie - Vanilla Heather / Seal,essrw00283-0134,Essentials,Hoodies,45144289575040,XL,197770181586,160.0,True,,https://kith.com/products/essrw00283-0134
8286755422336,Essentials Cropped Relaxed Paneled Hoodie - Vanilla Heather / Seal,essrw00283-0134,Essentials,Hoodies,45144289607808,XXL,197770181593,160.0,True,,https://kith.com/products/essrw00283-0134
8286755422336,Essentials Cropped Relaxed Paneled Hoodie - Vanilla Heather / Seal,essrw00283-0134,Essentials,Hoodies,45144289640576,XXXL,10874074,160.0,False,,https://kith.com/products/essrw00283-0134
8286755422336,Essentials Cropped Relaxed Paneled Hoodie - Vanilla Heather / Seal,essrw00283-0134,Essentials,Hoodies,45144289673344,4XL,10874075,160.0,False,,https://kith.com/products/essrw00283-0134
8286756470912,Essentials Cropped Relaxed Paneled Hoodie - Seal Heather / Iron Grey,essrw00283-0135,Essentials,Hoodies,45144298717312,XXS,10874076,160.0,False,,https://kith.com/products/essrw00283-0135
8286756470912,Essentials Cropped Relaxed Paneled Hoodie - Seal Heather / Iron Grey,essrw00283-0135,Essentials,Hoodies,45144298750080,XS,197770181692,160.0,False,,https://kith.com/products/essrw00283-0135
8286756470912,Essentials Cropped Relaxed Paneled Hoodie - Seal Heather / Iron Grey,essrw00283-0135,Essentials,Hoodies,45144298782848,S,197770181685,160.0,True,,https://kith.com/products/essrw00283-0135
8286756470912,Essentials Cropped Relaxed Paneled Hoodie - Seal Heather / Iron Grey,essrw00283-0135,Essentials,Hoodies,45144298815616,M,197770181678,160.0,True,,https://kith.com/products/essrw00283-0135
8286756470912,Essentials Cropped Relaxed Paneled Hoodie - Seal Heather / Iron Grey,essrw00283-0135,Essentials,Hoodies,45144298848384,L,197770181661,160.0,True,,https://kith.com/products/essrw00283-0135
8286756470912,Essentials Cropped Relaxed Paneled Hoodie - Seal Heather / Iron Grey,essrw00283-0135,Essentials,Hoodies,45144298881152,XL,197770181654,160.0,True,,https://kith.com/products/essrw00283-0135
8286756470912,Essentials Cropped Relaxed Paneled Hoodie - Seal Heather / Iron Grey,essrw00283-0135,Essentials,Hoodies,45144298913920,XXL,197770181647,160.0,True,,https://kith.com/products/essrw00283-0135
8286756470912,Essentials Cropped Relaxed Paneled Hoodie - Seal Heather / Iron Grey,essrw00283-0135,Essentials,Hoodies,45144298946688,XXXL,10874083,160.0,False,,https://kith.com/products/essrw00283-0135
8286756470912,Essentials Cropped Relaxed Paneled Hoodie - Seal Heather / Iron Grey,essrw00283-0135,Essentials,Hoodies,45144298979456,4XL,10874084,160.0,False,,https://kith.com/products/essrw00283-0135
8286755979392,Essentials Cropped Relaxed Paneled Hoodie - Iron Grey Heather / Seal Heather,essrw00283-0120,Essentials,Hoodies,45144294719616,XXS,10874085,160.0,False,,https://kith.com/products/essrw00283-0120
8286755979392,Essentials Cropped Relaxed Paneled Hoodie - Iron Grey Heather / Seal Heather,essrw00283-0120,Essentials,Hoodies,45144294752384,XS,197770181760,160.0,False,,https://kith.com/products/essrw00283-0120
8286755979392,Essentials Cropped Relaxed Paneled Hoodie - Iron Grey Heather / Seal Heather,essrw00283-0120,Essentials,Hoodies,45144294785152,S,197770181746,160.0,True,,https://kith.com/products/essrw00283-0120
8286755979392,Essentials Cropped Relaxed Paneled Hoodie - Iron Grey Heather / Seal Heather,essrw00283-0120,Essentials,Hoodies,45144294817920,M,197770181753,160.0,True,,https://kith.com/products/essrw00283-0120
8286755979392,Essentials Cropped Relaxed Paneled Hoodie - Iron Grey Heather / Seal Heather,essrw00283-0120,Essentials,Hoodies,45144294850688,L,197770181739,160.0,True,,https://kith.com/products/essrw00283-0120
8286755979392,Essentials Cropped Relaxed Paneled Hoodie - Iron Grey Heather / Seal Heather,essrw00283-0120,Essentials,Hoodies,45144294883456,XL,197770181722,160.0,True,,https://kith.com/products/essrw00283-0120
8286755979392,Essentials Cropped Relaxed Paneled Hoodie - Iron Grey Heather / Seal Heather,essrw00283-0120,Essentials,Hoodies,45144294916224,XXL,197770181715,160.0,True,,https://kith.com/products/essrw00283-0120
8286755979392,Essentials Cropped Relaxed Paneled Hoodie - Iron Grey Heather / Seal Heather,essrw00283-0120,Essentials,Hoodies,45144294948992,XXXL,10874092,160.0,False,,https://kith.com/products/essrw00283-0120
8286755979392,Essentials Cropped Relaxed Paneled Hoodie - Iron Grey Heather / Seal Heather,essrw00283-0120,Essentials,Hoodies,45144294981760,4XL,10874093,160.0,False,,https://kith.com/products/essrw00283-0120
8286756208768,Essentials Cropped Paneled Polo - Iron Grey / Seal Heather,essrw00284-0120,Essentials,Polo Shirts,45144297078912,XXS,10874094,125.0,False,,https://kith.com/products/essrw00284-0120
8286756208768,Essentials Cropped Paneled Polo - Iron Grey / Seal Heather,essrw00284-0120,Essentials,Polo Shirts,45144297111680,XS,197770181555,125.0,False,,https://kith.com/products/essrw00284-0120
8286756208768,Essentials Cropped Paneled Polo - Iron Grey / Seal Heather,essrw00284-0120,Essentials,Polo Shirts,45144297144448,S,197770181548,125.0,True,,https://kith.com/products/essrw00284-0120
8286756208768,Essentials Cropped Paneled Polo - Iron Grey / Seal Heather,essrw00284-0120,Essentials,Polo Shirts,45144297177216,M,197770181531,125.0,True,,https://kith.com/products/essrw00284-0120
8286756208768,Essentials Cropped Paneled Polo - Iron Grey / Seal Heather,essrw00284-0120,Essentials,Polo Shirts,45144297209984,L,197770181524,125.0,True,,https://kith.com/products/essrw00284-0120
8286756208768,Essentials Cropped Paneled Polo - Iron Grey / Seal Heather,essrw00284-0120,Essentials,Polo Shirts,45144297242752,XL,197770181517,125.0,True,,https://kith.com/products/essrw00284-0120
8286756208768,Essentials Cropped Paneled Polo - Iron Grey / Seal Heather,essrw00284-0120,Essentials,Polo Shirts,45144297275520,XXL,197770181500,125.0,False,,https://kith.com/products/essrw00284-0120
8286756208768,Essentials Cropped Paneled Polo - Iron Grey / Seal Heather,essrw00284-0120,Essentials,Polo Shirts,45144297308288,XXXL,10874101,125.0,False,,https://kith.com/products/essrw00284-0120
8286756208768,Essentials Cropped Paneled Polo - Iron Grey / Seal Heather,essrw00284-0120,Essentials,Polo Shirts,45144297341056,4XL,10874102,125.0,False,,https://kith.com/products/essrw00284-0120
8286755750016,Essentials Cotton Twill Work Jacket - Iron Grey,essrw00303-0032,Essentials,Jackets,45144292360320,XXS,10874472,230.0,False,,https://kith.com/products/essrw00303-0032
8286755750016,Essentials Cotton Twill Work Jacket - Iron Grey,essrw00303-0032,Essentials,Jackets,45144292393088,XS,197770127713,230.0,False,,https://kith.com/products/essrw00303-0032
8286755750016,Essentials Cotton Twill Work Jacket - Iron Grey,essrw00303-0032,Essentials,Jackets,45144292425856,S,197770127720,230.0,False,,https://kith.com/products/essrw00303-0032
8286755750016,Essentials Cotton Twill Work Jacket - Iron Grey,essrw00303-0032,Essentials,Jackets,45144292458624,M,197770127706,230.0,True,,https://kith.com/products/essrw00303-0032
8286755750016,Essentials Cotton Twill Work Jacket - Iron Grey,essrw00303-0032,Essentials,Jackets,45144292491392,L,197770127690,230.0,True,,https://kith.com/products/essrw00303-0032
8286755750016,Essentials Cotton Twill Work Jacket - Iron Grey,essrw00303-0032,Essentials,Jackets,45144292524160,XL,197770127683,230.0,True,,https://kith.com/products/essrw00303-0032
8286755750016,Essentials Cotton Twill Work Jacket - Iron Grey,essrw00303-0032,Essentials,Jackets,45144292556928,XXL,197770127676,230.0,True,,https://kith.com/products/essrw00303-0032
8286755750016,Essentials Cotton Twill Work Jacket - Iron Grey,essrw00303-0032,Essentials,Jackets,45144292589696,XXXL,10874479,230.0,False,,https://kith.com/products/essrw00303-0032
8286755750016,Essentials Cotton Twill Work Jacket - Iron Grey,essrw00303-0032,Essentials,Jackets,45144292622464,4XL,10874480,230.0,False,,https://kith.com/products/essrw00303-0032
8286756601984,Essentials Cotton Twill Relaxed Drawstring Short - Iron Grey,essrw00305-0032,Essentials,Shorts,45144300191872,XXS,10874346,125.0,False,,https://kith.com/products/essrw00305-0032
8286756601984,Essentials Cotton Twill Relaxed Drawstring Short - Iron Grey,essrw00305-0032,Essentials,Shorts,45144300224640,XS,197770142846,125.0,False,,https://kith.com/products/essrw00305-0032
8286756601984,Essentials Cotton Twill Relaxed Drawstring Short - Iron Grey,essrw00305-0032,Essentials,Shorts,45144300257408,S,197770142860,125.0,True,,https://kith.com/products/essrw00305-0032
8286756601984,Essentials Cotton Twill Relaxed Drawstring Short - Iron Grey,essrw00305-0032,Essentials,Shorts,45144300290176,M,197770142853,125.0,True,,https://kith.com/products/essrw00305-0032
8286756601984,Essentials Cotton Twill Relaxed Drawstring Short - Iron Grey,essrw00305-0032,Essentials,Shorts,45144300322944,L,197770142822,125.0,True,,https://kith.com/products/essrw00305-0032
8286756601984,Essentials Cotton Twill Relaxed Drawstring Short - Iron Grey,essrw00305-0032,Essentials,Shorts,45144300355712,XL,197770142839,125.0,True,,https://kith.com/products/essrw00305-0032
8286756601984,Essentials Cotton Twill Relaxed Drawstring Short - Iron Grey,essrw00305-0032,Essentials,Shorts,45144300388480,XXL,197770142808,125.0,True,,https://kith.com/products/essrw00305-0032
8286756601984,Essentials Cotton Twill Relaxed Drawstring Short - Iron Grey,essrw00305-0032,Essentials,Shorts,45144300421248,XXXL,10874353,125.0,False,,https://kith.com/products/essrw00305-0032
8286756601984,Essentials Cotton Twill Relaxed Drawstring Short - Iron Grey,essrw00305-0032,Essentials,Shorts,45144300454016,4XL,10874354,125.0,False,,https://kith.com/products/essrw00305-0032
8286755061888,Essentials Cotton Twill Pleat Front Drawstring Pant - Iron Grey,essrw00304-0032,Essentials,Pants,45144286331008,XXS,10874337,160.0,False,,https://kith.com/products/essrw00304-0032
8286755061888,Essentials Cotton Twill Pleat Front Drawstring Pant - Iron Grey,essrw00304-0032,Essentials,Pants,45144286363776,XS,197770143003,160.0,False,,https://kith.com/products/essrw00304-0032
8286755061888,Essentials Cotton Twill Pleat Front Drawstring Pant - Iron Grey,essrw00304-0032,Essentials,Pants,45144286396544,S,197770142990,160.0,True,,https://kith.com/products/essrw00304-0032
8286755061888,Essentials Cotton Twill Pleat Front Drawstring Pant - Iron Grey,essrw00304-0032,Essentials,Pants,45144286429312,M,197770142983,160.0,True,,https://kith.com/products/essrw00304-0032
8286755061888,Essentials Cotton Twill Pleat Front Drawstring Pant - Iron Grey,essrw00304-0032,Essentials,Pants,45144286462080,L,197770142976,160.0,True,,https://kith.com/products/essrw00304-0032
8286755061888,Essentials Cotton Twill Pleat Front Drawstring Pant - Iron Grey,essrw00304-0032,Essentials,Pants,45144286494848,XL,197770142969,160.0,True,,https://kith.com/products/essrw00304-0032
8286755061888,Essentials Cotton Twill Pleat Front Drawstring Pant - Iron Grey,essrw00304-0032,Essentials,Pants,45144286527616,XXL,197770142952,160.0,True,,https://kith.com/products/essrw00304-0032
8286755061888,Essentials Cotton Twill Pleat Front Drawstring Pant - Iron Grey,essrw00304-0032,Essentials,Pants,45144286560384,XXXL,10874344,160.0,False,,https://kith.com/products/essrw00304-0032
8286755061888,Essentials Cotton Twill Pleat Front Drawstring Pant - Iron Grey,essrw00304-0032,Essentials,Pants,45144286593152,4XL,10874345,160.0,False,,https://kith.com/products/essrw00304-0032
8286756798592,Essentials Classic Sweatshort - Washed Iron Grey,essrw00350-0146,Essentials,Shorts,45144301961344,XXS,10874404,90.0,False,,https://kith.com/products/essrw00350-0146
8286756798592,Essentials Classic Sweatshort - Washed Iron Grey,essrw00350-0146,Essentials,Shorts,45144301994112,XS,197770137590,90.0,False,,https://kith.com/products/essrw00350-0146
8286756798592,Essentials Classic Sweatshort - Washed Iron Grey,essrw00350-0146,Essentials,Shorts,45144302026880,S,197770137583,90.0,True,,https://kith.com/products/essrw00350-0146
8286756798592,Essentials Classic Sweatshort - Washed Iron Grey,essrw00350-0146,Essentials,Shorts,45144302059648,M,197770137569,90.0,True,,https://kith.com/products/essrw00350-0146
8286756798592,Essentials Classic Sweatshort - Washed Iron Grey,essrw00350-0146,Essentials,Shorts,45144302092416,L,197770137576,90.0,True,,https://kith.com/products/essrw00350-0146
8286756798592,Essentials Classic Sweatshort - Washed Iron Grey,essrw00350-0146,Essentials,Shorts,45144302125184,XL,197770137552,90.0,True,,https://kith.com/products/essrw00350-0146
8286756798592,Essentials Classic Sweatshort - Washed Iron Grey,essrw00350-0146,Essentials,Shorts,45144302157952,XXL,197770137545,90.0,True,,https://kith.com/products/essrw00350-0146
8286756798592,Essentials Classic Sweatshort - Washed Iron Grey,essrw00350-0146,Essentials,Shorts,45144302190720,XXXL,10874411,90.0,False,,https://kith.com/products/essrw00350-0146
8286756798592,Essentials Classic Sweatshort - Washed Iron Grey,essrw00350-0146,Essentials,Shorts,45144302223488,4XL,10874412,90.0,False,,https://kith.com/products/essrw00350-0146
8286757552256,Essentials Classic Fleece Sweatpant - Vanilla Heather,essrw00348-0134,Essentials,Sweatpants,45144308744320,XXS,10874202,145.0,False,,https://kith.com/products/essrw00348-0134
8286757552256,Essentials Classic Fleece Sweatpant - Vanilla Heather,essrw00348-0134,Essentials,Sweatpants,45144308777088,XS,197770137972,145.0,False,,https://kith.com/products/essrw00348-0134
8286757552256,Essentials Classic Fleece Sweatpant - Vanilla Heather,essrw00348-0134,Essentials,Sweatpants,45144308809856,S,197770137965,145.0,True,,https://kith.com/products/essrw00348-0134
8286757552256,Essentials Classic Fleece Sweatpant - Vanilla Heather,essrw00348-0134,Essentials,Sweatpants,45144308842624,M,197770137941,145.0,True,,https://kith.com/products/essrw00348-0134
8286757552256,Essentials Classic Fleece Sweatpant - Vanilla Heather,essrw00348-0134,Essentials,Sweatpants,45144308875392,L,197770137958,145.0,True,,https://kith.com/products/essrw00348-0134
8286757552256,Essentials Classic Fleece Sweatpant - Vanilla Heather,essrw00348-0134,Essentials,Sweatpants,45144308908160,XL,197770137934,145.0,True,,https://kith.com/products/essrw00348-0134
8286757552256,Essentials Classic Fleece Sweatpant - Vanilla Heather,essrw00348-0134,Essentials,Sweatpants,45144308940928,XXL,197770137927,145.0,True,,https://kith.com/products/essrw00348-0134
8286757552256,Essentials Classic Fleece Sweatpant - Vanilla Heather,essrw00348-0134,Essentials,Sweatpants,45144308973696,XXXL,10874209,145.0,False,,https://kith.com/products/essrw00348-0134
8286757552256,Essentials Classic Fleece Sweatpant - Vanilla Heather,essrw00348-0134,Essentials,Sweatpants,45144309006464,4XL,10874210,145.0,False,,https://kith.com/products/essrw00348-0134
8286757257344,Essentials Classic Fleece Sweatpant - Seal Heather,essrw00348-0135,Essentials,Sweatpants,45144305795200,XXS,10874211,145.0,False,,https://kith.com/products/essrw00348-0135
8286757257344,Essentials Classic Fleece Sweatpant - Seal Heather,essrw00348-0135,Essentials,Sweatpants,45144305827968,XS,197770138047,145.0,False,,https://kith.com/products/essrw00348-0135
8286757257344,Essentials Classic Fleece Sweatpant - Seal Heather,essrw00348-0135,Essentials,Sweatpants,45144305860736,S,197770138030,145.0,True,,https://kith.com/products/essrw00348-0135
8286757257344,Essentials Classic Fleece Sweatpant - Seal Heather,essrw00348-0135,Essentials,Sweatpants,45144305893504,M,197770138023,145.0,True,,https://kith.com/products/essrw00348-0135
8286757257344,Essentials Classic Fleece Sweatpant - Seal Heather,essrw00348-0135,Essentials,Sweatpants,45144305926272,L,197770138016,145.0,True,,https://kith.com/products/essrw00348-0135
8286757257344,Essentials Classic Fleece Sweatpant - Seal Heather,essrw00348-0135,Essentials,Sweatpants,45144305959040,XL,197770137996,145.0,True,,https://kith.com/products/essrw00348-0135
8286757257344,Essentials Classic Fleece Sweatpant - Seal Heather,essrw00348-0135,Essentials,Sweatpants,45144305991808,XXL,197770138009,145.0,True,,https://kith.com/products/essrw00348-0135
8286757257344,Essentials Classic Fleece Sweatpant - Seal Heather,essrw00348-0135,Essentials,Sweatpants,45144306024576,XXXL,10874218,145.0,False,,https://kith.com/products/essrw00348-0135
8286757257344,Essentials Classic Fleece Sweatpant - Seal Heather,essrw00348-0135,Essentials,Sweatpants,45144306057344,4XL,10874219,145.0,False,,https://kith.com/products/essrw00348-0135
8286756634752,Essentials Classic Fleece Sweatpant - Iron Grey Heather,essrw00348-0120,Essentials,Sweatpants,45144300781696,XXS,10874220,145.0,False,,https://kith.com/products/essrw00348-0120
8286756634752,Essentials Classic Fleece Sweatpant - Iron Grey Heather,essrw00348-0120,Essentials,Sweatpants,45144300814464,XS,197770138115,145.0,False,,https://kith.com/products/essrw00348-0120
8286756634752,Essentials Classic Fleece Sweatpant - Iron Grey Heather,essrw00348-0120,Essentials,Sweatpants,45144300847232,S,197770138092,145.0,True,,https://kith.com/products/essrw00348-0120
8286756634752,Essentials Classic Fleece Sweatpant - Iron Grey Heather,essrw00348-0120,Essentials,Sweatpants,45144300880000,M,197770138108,145.0,True,,https://kith.com/products/essrw00348-0120
8286756634752,Essentials Classic Fleece Sweatpant - Iron Grey Heather,essrw00348-0120,Essentials,Sweatpants,45144300912768,L,197770138085,145.0,True,,https://kith.com/products/essrw00348-0120
8286756634752,Essentials Classic Fleece Sweatpant - Iron Grey Heather,essrw00348-0120,Essentials,Sweatpants,45144300945536,XL,197770138078,145.0,True,,https://kith.com/products/essrw00348-0120
8286756634752,Essentials Classic Fleece Sweatpant - Iron Grey Heather,essrw00348-0120,Essentials,Sweatpants,45144300978304,XXL,197770138054,145.0,True,,https://kith.com/products/essrw00348-0120
8286756634752,Essentials Classic Fleece Sweatpant - Iron Grey Heather,essrw00348-0120,Essentials,Sweatpants,45144301011072,XXXL,10874227,145.0,False,,https://kith.com/products/essrw00348-0120
8286756634752,Essentials Classic Fleece Sweatpant - Iron Grey Heather,essrw00348-0120,Essentials,Sweatpants,45144301043840,4XL,10874228,145.0,False,,https://kith.com/products/essrw00348-0120
8286755192960,Essentials Classic Fit Sweatpant - Vintage Black,essrw00347-0031,Essentials,Sweatpants,45144287641728,XXS,10874490,160.0,False,,https://kith.com/products/essrw00347-0031
8286755192960,Essentials Classic Fit Sweatpant - Vintage Black,essrw00347-0031,Essentials,Sweatpants,45144287674496,XS,197770138184,160.0,False,,https://kith.com/products/essrw00347-0031
8286755192960,Essentials Classic Fit Sweatpant - Vintage Black,essrw00347-0031,Essentials,Sweatpants,45144287707264,S,197770138177,160.0,True,,https://kith.com/products/essrw00347-0031
8286755192960,Essentials Classic Fit Sweatpant - Vintage Black,essrw00347-0031,Essentials,Sweatpants,45144287740032,M,197770138160,160.0,True,,https://kith.com/products/essrw00347-0031
8286755192960,Essentials Classic Fit Sweatpant - Vintage Black,essrw00347-0031,Essentials,Sweatpants,45144287772800,L,197770138153,160.0,True,,https://kith.com/products/essrw00347-0031
8286755192960,Essentials Classic Fit Sweatpant - Vintage Black,essrw00347-0031,Essentials,Sweatpants,45144287805568,XL,197770138146,160.0,True,,https://kith.com/products/essrw00347-0031
8286755192960,Essentials Classic Fit Sweatpant - Vintage Black,essrw00347-0031,Essentials,Sweatpants,45144287838336,XXL,197770138139,160.0,True,,https://kith.com/products/essrw00347-0031
8286755192960,Essentials Classic Fit Sweatpant - Vintage Black,essrw00347-0031,Essentials,Sweatpants,45144287871104,XXXL,10874497,160.0,False,,https://kith.com/products/essrw00347-0031
8286755192960,Essentials Classic Fit Sweatpant - Vintage Black,essrw00347-0031,Essentials,Sweatpants,45144287903872,4XL,10874498,160.0,False,,https://kith.com/products/essrw00347-0031
8286755520640,Essentials Classic Denim Jacket - Overdyed Black,essrw00343-0142,Essentials,Denim Jackets,45144290590848,XXS,10874481,250.0,False,,https://kith.com/products/essrw00343-0142
8286755520640,Essentials Classic Denim Jacket - Overdyed Black,essrw00343-0142,Essentials,Denim Jackets,45144290623616,XS,197770127324,250.0,False,,https://kith.com/products/essrw00343-0142
8286755520640,Essentials Classic Denim Jacket - Overdyed Black,essrw00343-0142,Essentials,Denim Jackets,45144290656384,S,197770127331,250.0,False,,https://kith.com/products/essrw00343-0142
8286755520640,Essentials Classic Denim Jacket - Overdyed Black,essrw00343-0142,Essentials,Denim Jackets,45144290689152,M,197770127317,250.0,True,,https://kith.com/products/essrw00343-0142
8286755520640,Essentials Classic Denim Jacket - Overdyed Black,essrw00343-0142,Essentials,Denim Jackets,45144290721920,L,197770127294,250.0,True,,https://kith.com/products/essrw00343-0142
8286755520640,Essentials Classic Denim Jacket - Overdyed Black,essrw00343-0142,Essentials,Denim Jackets,45144290754688,XL,197770127287,250.0,True,,https://kith.com/products/essrw00343-0142
8286755520640,Essentials Classic Denim Jacket - Overdyed Black,essrw00343-0142,Essentials,Denim Jackets,45144290787456,XXL,197770127300,250.0,False,,https://kith.com/products/essrw00343-0142
8286755520640,Essentials Classic Denim Jacket - Overdyed Black,essrw00343-0142,Essentials,Denim Jackets,45144290820224,XXXL,10874488,250.0,False,,https://kith.com/products/essrw00343-0142
8286755520640,Essentials Classic Denim Jacket - Overdyed Black,essrw00343-0142,Essentials,Denim Jackets,45144290852992,4XL,10874489,250.0,False,,https://kith.com/products/essrw00343-0142
8286757519488,Essentials Blue Jays Merch Tee - Concrete Heather,essrw00198-0110,Essentials,Short Sleeve Tees,45144308449408,XXS,10876659,90.0,False,,https://kith.com/products/essrw00198-0110
8286757519488,Essentials Blue Jays Merch Tee - Concrete Heather,essrw00198-0110,Essentials,Short Sleeve Tees,45144308482176,XS,197770197150,90.0,False,,https://kith.com/products/essrw00198-0110
8286757519488,Essentials Blue Jays Merch Tee - Concrete Heather,essrw00198-0110,Essentials,Short Sleeve Tees,45144308514944,S,197770197174,90.0,False,,https://kith.com/products/essrw00198-0110
8286757519488,Essentials Blue Jays Merch Tee - Concrete Heather,essrw00198-0110,Essentials,Short Sleeve Tees,45144308547712,M,197770197167,90.0,False,,https://kith.com/products/essrw00198-0110
8286757519488,Essentials Blue Jays Merch Tee - Concrete Heather,essrw00198-0110,Essentials,Short Sleeve Tees,45144308580480,L,197770197136,90.0,True,,https://kith.com/products/essrw00198-0110
8286757519488,Essentials Blue Jays Merch Tee - Concrete Heather,essrw00198-0110,Essentials,Short Sleeve Tees,45144308613248,XL,197770197143,90.0,False,,https://kith.com/products/essrw00198-0110
8286757519488,Essentials Blue Jays Merch Tee - Concrete Heather,essrw00198-0110,Essentials,Short Sleeve Tees,45144308646016,XXL,197770197129,90.0,False,,https://kith.com/products/essrw00198-0110
8286757519488,Essentials Blue Jays Merch Tee - Concrete Heather,essrw00198-0110,Essentials,Short Sleeve Tees,45144308678784,XXXL,10876666,90.0,False,,https://kith.com/products/essrw00198-0110
8286757519488,Essentials Blue Jays Merch Tee - Concrete Heather,essrw00198-0110,Essentials,Short Sleeve Tees,45144308711552,4XL,10876667,90.0,False,,https://kith.com/products/essrw00198-0110
8286755717248,Essentials 90's Zip Up Hoodie - Washed Iron Grey,essrw00388-0146,Essentials,Hoodies,45144293834880,XXS,10874103,180.0,False,,https://kith.com/products/essrw00388-0146
8286755717248,Essentials 90's Zip Up Hoodie - Washed Iron Grey,essrw00388-0146,Essentials,Hoodies,45144293867648,XS,197770128840,180.0,False,,https://kith.com/products/essrw00388-0146
8286755717248,Essentials 90's Zip Up Hoodie - Washed Iron Grey,essrw00388-0146,Essentials,Hoodies,45144293900416,S,197770128833,180.0,True,,https://kith.com/products/essrw00388-0146
8286755717248,Essentials 90's Zip Up Hoodie - Washed Iron Grey,essrw00388-0146,Essentials,Hoodies,45144293933184,M,197770128826,180.0,True,,https://kith.com/products/essrw00388-0146
8286755717248,Essentials 90's Zip Up Hoodie - Washed Iron Grey,essrw00388-0146,Essentials,Hoodies,45144293965952,L,197770128819,180.0,True,,https://kith.com/products/essrw00388-0146
8286755717248,Essentials 90's Zip Up Hoodie - Washed Iron Grey,essrw00388-0146,Essentials,Hoodies,45144293998720,XL,197770128802,180.0,True,,https://kith.com/products/essrw00388-0146
8286755717248,Essentials 90's Zip Up Hoodie - Washed Iron Grey,essrw00388-0146,Essentials,Hoodies,45144294031488,XXL,197770128796,180.0,True,,https://kith.com/products/essrw00388-0146
8286755717248,Essentials 90's Zip Up Hoodie - Washed Iron Grey,essrw00388-0146,Essentials,Hoodies,45144294064256,XXXL,10874110,180.0,False,,https://kith.com/products/essrw00388-0146
8286755717248,Essentials 90's Zip Up Hoodie - Washed Iron Grey,essrw00388-0146,Essentials,Hoodies,45144294097024,4XL,10874111,180.0,False,,https://kith.com/products/essrw00388-0146
8286757093504,Essentials 90's Hoodie - Vintage Black,essrw00281-0031,Essentials,Hoodies,45144304615552,XXS,10874031,175.0,False,,https://kith.com/products/essrw00281-0031
8286757093504,Essentials 90's Hoodie - Vintage Black,essrw00281-0031,Essentials,Hoodies,45144304648320,XS,197770182057,175.0,False,,https://kith.com/products/essrw00281-0031
8286757093504,Essentials 90's Hoodie - Vintage Black,essrw00281-0031,Essentials,Hoodies,45144304681088,S,197770182033,175.0,True,,https://kith.com/products/essrw00281-0031
8286757093504,Essentials 90's Hoodie - Vintage Black,essrw00281-0031,Essentials,Hoodies,45144304713856,M,197770182026,175.0,True,,https://kith.com/products/essrw00281-0031
8286757093504,Essentials 90's Hoodie - Vintage Black,essrw00281-0031,Essentials,Hoodies,45144304746624,L,197770182019,175.0,True,,https://kith.com/products/essrw00281-0031
8286757093504,Essentials 90's Hoodie - Vintage Black,essrw00281-0031,Essentials,Hoodies,45144304779392,XL,197770181999,175.0,True,,https://kith.com/products/essrw00281-0031
8286757093504,Essentials 90's Hoodie - Vintage Black,essrw00281-0031,Essentials,Hoodies,45144304812160,XXL,197770182002,175.0,True,,https://kith.com/products/essrw00281-0031
8286757093504,Essentials 90's Hoodie - Vintage Black,essrw00281-0031,Essentials,Hoodies,45144304844928,XXXL,10874038,175.0,False,,https://kith.com/products/essrw00281-0031
8286757093504,Essentials 90's Hoodie - Vintage Black,essrw00281-0031,Essentials,Hoodies,45144304877696,4XL,10874039,175.0,False,,https://kith.com/products/essrw00281-0031
8286754668672,BRU EYEWEAR Tommy Sunglasses - Soot,be065bru,BRU EYEWEAR,Eyewear,45144282693760,OS,739205339621,160.0,True,,https://kith.com/products/be065bru
8286760206464,BRU EYEWEAR Stella Sunglasses - Ice,be090bru,BRU EYEWEAR,Eyewear,45144332533888,OS,739205339447,160.0,True,,https://kith.com/products/be090bru
8286760272000,BRU EYEWEAR Stella Sunglasses - Ash,be089bru,BRU EYEWEAR,Eyewear,45144332599424,OS,10886024,160.0,True,,https://kith.com/products/be089bru
8286760304768,BRU EYEWEAR Stella Sunglasses - Army Brat,be091bru,BRU EYEWEAR,Eyewear,45144332632192,OS,739205339454,160.0,True,,https://kith.com/products/be091bru
8286760042624,BRU EYEWEAR Poly Sunglasses - Lava,be075bru,BRU EYEWEAR,Eyewear,45144332370048,OS,739205339287,145.0,True,,https://kith.com/products/be075bru
8286760009856,BRU EYEWEAR Poly Sunglasses - Black Honey,be116bru,BRU EYEWEAR,Eyewear,45144332337280,OS,739205343055,145.0,True,,https://kith.com/products/be116bru
8286754439296,BRU EYEWEAR Merrin Sunglasses - Soot,be070bru,BRU EYEWEAR,Eyewear,45144281055360,OS,739205339492,145.0,True,,https://kith.com/products/be070bru
8286760108160,BRU EYEWEAR Merrin Sunglasses - Honey,be093bru,BRU EYEWEAR,Eyewear,45144332435584,OS,739205339478,145.0,True,,https://kith.com/products/be093bru
8286760173696,BRU EYEWEAR Hudson Sunglasses - Swamp,be118bru,BRU EYEWEAR,Eyewear,45144332501120,OS,739205343093,150.0,True,,https://kith.com/products/be118bru
8286754603136,BRU EYEWEAR Hudson Sunglasses - Mickey Ds,be117bru,BRU EYEWEAR,Eyewear,45144282660992,OS,739205343086,150.0,True,,https://kith.com/products/be117bru
8286760239232,BRU EYEWEAR Echo Sunglasses - Soot,be052bru,BRU EYEWEAR,Eyewear,45144332566656,OS,739205330925,135.0,True,,https://kith.com/products/be052bru
8286760140928,BRU EYEWEAR Cannon Sunglasses - Merlot,be083bru,BRU EYEWEAR,Eyewear,45144332468352,OS,739205339362,145.0,True,,https://kith.com/products/be083bru
8286760075392,BRU EYEWEAR Cannon Sunglasses - Fairy,be082bru,BRU EYEWEAR,Eyewear,45144332402816,OS,739205339355,145.0,True,,https://kith.com/products/be082bru
8286754406528,Assouline The Book of Iconic Shoes,ass9781649807144,Assouline,Books,45144281022592,OS,9781649807144,120.0,True,,https://kith.com/products/ass9781649807144
8286763188352,Kith for the New York Yankees Derek Jeter Vintage Tee - Black - PH,khmg030093-001-ph,Kith,Placeholder,45144363434112,XS,2000373145,70.0,False,,https://kith.com/products/khmg030093-001-ph
8286763188352,Kith for the New York Yankees Derek Jeter Vintage Tee - Black - PH,khmg030093-001-ph,Kith,Placeholder,45144363466880,S,2000373146,70.0,False,,https://kith.com/products/khmg030093-001-ph
8286763188352,Kith for the New York Yankees Derek Jeter Vintage Tee - Black - PH,khmg030093-001-ph,Kith,Placeholder,45144363499648,M,2000373147,70.0,False,,https://kith.com/products/khmg030093-001-ph
8286763188352,Kith for the New York Yankees Derek Jeter Vintage Tee - Black - PH,khmg030093-001-ph,Kith,Placeholder,45144363532416,L,2000373148,70.0,False,,https://kith.com/products/khmg030093-001-ph
8286763188352,Kith for the New York Yankees Derek Jeter Vintage Tee - Black - PH,khmg030093-001-ph,Kith,Placeholder,45144363565184,XL,2000373149,70.0,False,,https://kith.com/products/khmg030093-001-ph
8286763188352,Kith for the New York Yankees Derek Jeter Vintage Tee - Black - PH,khmg030093-001-ph,Kith,Placeholder,45144363597952,XXL,2000373150,70.0,False,,https://kith.com/products/khmg030093-001-ph
8286763155584,Kith for the New York Yankees World Series Vintage Tee - Black - PH,khmg030091-001-ph,Kith,Placeholder,45144363237504,XS,2000373157,70.0,False,,https://kith.com/products/khmg030091-001-ph
8286763155584,Kith for the New York Yankees World Series Vintage Tee - Black - PH,khmg030091-001-ph,Kith,Placeholder,45144363270272,S,2000373158,70.0,False,,https://kith.com/products/khmg030091-001-ph
8286763155584,Kith for the New York Yankees World Series Vintage Tee - Black - PH,khmg030091-001-ph,Kith,Placeholder,45144363303040,M,2000373159,70.0,False,,https://kith.com/products/khmg030091-001-ph
8286763155584,Kith for the New York Yankees World Series Vintage Tee - Black - PH,khmg030091-001-ph,Kith,Placeholder,45144363335808,L,2000373160,70.0,False,,https://kith.com/products/khmg030091-001-ph
8286763155584,Kith for the New York Yankees World Series Vintage Tee - Black - PH,khmg030091-001-ph,Kith,Placeholder,45144363368576,XL,2000373161,70.0,False,,https://kith.com/products/khmg030091-001-ph
8286763155584,Kith for the New York Yankees World Series Vintage Tee - Black - PH,khmg030091-001-ph,Kith,Placeholder,45144363401344,XXL,2000373162,70.0,False,,https://kith.com/products/khmg030091-001-ph
8286763122816,Kith for the New York Yankees Vintage Nelson Quarter Zip - Garnet - PH,khmg030097-7068-ph,Kith,Placeholder,45144363040896,XS,2000373199,195.0,False,,https://kith.com/products/khmg030097-7068-ph
8286763122816,Kith for the New York Yankees Vintage Nelson Quarter Zip - Garnet - PH,khmg030097-7068-ph,Kith,Placeholder,45144363073664,S,2000373200,195.0,False,,https://kith.com/products/khmg030097-7068-ph
8286763122816,Kith for the New York Yankees Vintage Nelson Quarter Zip - Garnet - PH,khmg030097-7068-ph,Kith,Placeholder,45144363106432,M,2000373201,195.0,False,,https://kith.com/products/khmg030097-7068-ph
8286763122816,Kith for the New York Yankees Vintage Nelson Quarter Zip - Garnet - PH,khmg030097-7068-ph,Kith,Placeholder,45144363139200,L,2000373202,195.0,False,,https://kith.com/products/khmg030097-7068-ph
8286763122816,Kith for the New York Yankees Vintage Nelson Quarter Zip - Garnet - PH,khmg030097-7068-ph,Kith,Placeholder,45144363171968,XL,2000373203,195.0,False,,https://kith.com/products/khmg030097-7068-ph
8286763122816,Kith for the New York Yankees Vintage Nelson Quarter Zip - Garnet - PH,khmg030097-7068-ph,Kith,Placeholder,45144363204736,XXL,2000373204,195.0,False,,https://kith.com/products/khmg030097-7068-ph
8286763090048,Kith for the New York Yankees Legacy Vintage Tee - Black - PH,khmg030089-001-ph,Kith,Placeholder,45144362844288,XS,2000373169,70.0,False,,https://kith.com/products/khmg030089-001-ph
8286763090048,Kith for the New York Yankees Legacy Vintage Tee - Black - PH,khmg030089-001-ph,Kith,Placeholder,45144362877056,S,2000373170,70.0,False,,https://kith.com/products/khmg030089-001-ph
8286763090048,Kith for the New York Yankees Legacy Vintage Tee - Black - PH,khmg030089-001-ph,Kith,Placeholder,45144362909824,M,2000373171,70.0,False,,https://kith.com/products/khmg030089-001-ph
8286763090048,Kith for the New York Yankees Legacy Vintage Tee - Black - PH,khmg030089-001-ph,Kith,Placeholder,45144362942592,L,2000373172,70.0,False,,https://kith.com/products/khmg030089-001-ph
8286763090048,Kith for the New York Yankees Legacy Vintage Tee - Black - PH,khmg030089-001-ph,Kith,Placeholder,45144362975360,XL,2000373173,70.0,False,,https://kith.com/products/khmg030089-001-ph
8286763090048,Kith for the New York Yankees Legacy Vintage Tee - Black - PH,khmg030089-001-ph,Kith,Placeholder,45144363008128,XXL,2000373174,70.0,False,,https://kith.com/products/khmg030089-001-ph
8286763057280,Kith for the New York Yankees Vintage Nelson Quarter Zip - Dusk - PH,khmg030097-857-ph,Kith,Placeholder,45144362647680,XS,2000373205,195.0,False,,https://kith.com/products/khmg030097-857-ph
8286763057280,Kith for the New York Yankees Vintage Nelson Quarter Zip - Dusk - PH,khmg030097-857-ph,Kith,Placeholder,45144362680448,S,2000373206,195.0,False,,https://kith.com/products/khmg030097-857-ph
8286763057280,Kith for the New York Yankees Vintage Nelson Quarter Zip - Dusk - PH,khmg030097-857-ph,Kith,Placeholder,45144362713216,M,2000373207,195.0,False,,https://kith.com/products/khmg030097-857-ph
8286763057280,Kith for the New York Yankees Vintage Nelson Quarter Zip - Dusk - PH,khmg030097-857-ph,Kith,Placeholder,45144362745984,L,2000373208,195.0,False,,https://kith.com/products/khmg030097-857-ph
8286763057280,Kith for the New York Yankees Vintage Nelson Quarter Zip - Dusk - PH,khmg030097-857-ph,Kith,Placeholder,45144362778752,XL,2000373209,195.0,False,,https://kith.com/products/khmg030097-857-ph
8286763057280,Kith for the New York Yankees Vintage Nelson Quarter Zip - Dusk - PH,khmg030097-857-ph,Kith,Placeholder,45144362811520,XXL,2000373210,195.0,False,,https://kith.com/products/khmg030097-857-ph
8286763024512,Kith for the New York Yankees Crest Pocket Tee - White - PH,khmg030088-101-ph,Kith,Placeholder,45144362451072,XS,2000374173,75.0,False,,https://kith.com/products/khmg030088-101-ph
8286763024512,Kith for the New York Yankees Crest Pocket Tee - White - PH,khmg030088-101-ph,Kith,Placeholder,45144362483840,S,2000374174,75.0,False,,https://kith.com/products/khmg030088-101-ph
8286763024512,Kith for the New York Yankees Crest Pocket Tee - White - PH,khmg030088-101-ph,Kith,Placeholder,45144362516608,M,2000374175,75.0,False,,https://kith.com/products/khmg030088-101-ph
8286763024512,Kith for the New York Yankees Crest Pocket Tee - White - PH,khmg030088-101-ph,Kith,Placeholder,45144362549376,L,2000374176,75.0,False,,https://kith.com/products/khmg030088-101-ph
8286763024512,Kith for the New York Yankees Crest Pocket Tee - White - PH,khmg030088-101-ph,Kith,Placeholder,45144362582144,XL,2000374177,75.0,False,,https://kith.com/products/khmg030088-101-ph
8286763024512,Kith for the New York Yankees Crest Pocket Tee - White - PH,khmg030088-101-ph,Kith,Placeholder,45144362614912,XXL,2000374178,75.0,False,,https://kith.com/products/khmg030088-101-ph
8286762991744,Kith for the New York Yankees Vintage Nelson Quarter Zip - Skylight - PH,khmg030097-5148-ph,Kith,Placeholder,45144362254464,XS,2000373193,195.0,False,,https://kith.com/products/khmg030097-5148-ph
8286762991744,Kith for the New York Yankees Vintage Nelson Quarter Zip - Skylight - PH,khmg030097-5148-ph,Kith,Placeholder,45144362287232,S,2000373194,195.0,False,,https://kith.com/products/khmg030097-5148-ph
8286762991744,Kith for the New York Yankees Vintage Nelson Quarter Zip - Skylight - PH,khmg030097-5148-ph,Kith,Placeholder,45144362320000,M,2000373195,195.0,False,,https://kith.com/products/khmg030097-5148-ph
8286762991744,Kith for the New York Yankees Vintage Nelson Quarter Zip - Skylight - PH,khmg030097-5148-ph,Kith,Placeholder,45144362352768,L,2000373196,195.0,False,,https://kith.com/products/khmg030097-5148-ph
8286762991744,Kith for the New York Yankees Vintage Nelson Quarter Zip - Skylight - PH,khmg030097-5148-ph,Kith,Placeholder,45144362385536,XL,2000373197,195.0,False,,https://kith.com/products/khmg030097-5148-ph
8286762991744,Kith for the New York Yankees Vintage Nelson Quarter Zip - Skylight - PH,khmg030097-5148-ph,Kith,Placeholder,45144362418304,XXL,2000373198,195.0,False,,https://kith.com/products/khmg030097-5148-ph
8286762958976,Kith for the New York Yankees Vintage Lawson Tee - Black - PH,khmg030096-001-ph,Kith,Placeholder,45144362057856,XS,2000373175,80.0,False,,https://kith.com/products/khmg030096-001-ph
8286762958976,Kith for the New York Yankees Vintage Lawson Tee - Black - PH,khmg030096-001-ph,Kith,Placeholder,45144362090624,S,2000373176,80.0,False,,https://kith.com/products/khmg030096-001-ph
8286762958976,Kith for the New York Yankees Vintage Lawson Tee - Black - PH,khmg030096-001-ph,Kith,Placeholder,45144362123392,M,2000373177,80.0,False,,https://kith.com/products/khmg030096-001-ph
8286762958976,Kith for the New York Yankees Vintage Lawson Tee - Black - PH,khmg030096-001-ph,Kith,Placeholder,45144362156160,L,2000373178,80.0,False,,https://kith.com/products/khmg030096-001-ph
8286762958976,Kith for the New York Yankees Vintage Lawson Tee - Black - PH,khmg030096-001-ph,Kith,Placeholder,45144362188928,XL,2000373179,80.0,False,,https://kith.com/products/khmg030096-001-ph
8286762958976,Kith for the New York Yankees Vintage Lawson Tee - Black - PH,khmg030096-001-ph,Kith,Placeholder,45144362221696,XXL,2000373180,80.0,False,,https://kith.com/products/khmg030096-001-ph
8286762926208,Kith for the New York Yankees Champions Vintage Tee - Black - PH,khmg030090-001-ph,Kith,Placeholder,45144361861248,XS,2000373163,70.0,False,,https://kith.com/products/khmg030090-001-ph
8286762926208,Kith for the New York Yankees Champions Vintage Tee - Black - PH,khmg030090-001-ph,Kith,Placeholder,45144361894016,S,2000373164,70.0,False,,https://kith.com/products/khmg030090-001-ph
8286762926208,Kith for the New York Yankees Champions Vintage Tee - Black - PH,khmg030090-001-ph,Kith,Placeholder,45144361926784,M,2000373165,70.0,False,,https://kith.com/products/khmg030090-001-ph
8286762926208,Kith for the New York Yankees Champions Vintage Tee - Black - PH,khmg030090-001-ph,Kith,Placeholder,45144361959552,L,2000373166,70.0,False,,https://kith.com/products/khmg030090-001-ph
8286762926208,Kith for the New York Yankees Champions Vintage Tee - Black - PH,khmg030090-001-ph,Kith,Placeholder,45144361992320,XL,2000373167,70.0,False,,https://kith.com/products/khmg030090-001-ph
8286762926208,Kith for the New York Yankees Champions Vintage Tee - Black - PH,khmg030090-001-ph,Kith,Placeholder,45144362025088,XXL,2000373168,70.0,False,,https://kith.com/products/khmg030090-001-ph
8286762893440,Kith for the New York Yankees Derek Jeter At Bat Vintage Tee - White - PH,khmg030094-101-ph,Kith,Placeholder,45144361664640,XS,2000373187,70.0,False,,https://kith.com/products/khmg030094-101-ph
8286762893440,Kith for the New York Yankees Derek Jeter At Bat Vintage Tee - White - PH,khmg030094-101-ph,Kith,Placeholder,45144361697408,S,2000373188,70.0,False,,https://kith.com/products/khmg030094-101-ph
8286762893440,Kith for the New York Yankees Derek Jeter At Bat Vintage Tee - White - PH,khmg030094-101-ph,Kith,Placeholder,45144361730176,M,2000373189,70.0,False,,https://kith.com/products/khmg030094-101-ph
8286762893440,Kith for the New York Yankees Derek Jeter At Bat Vintage Tee - White - PH,khmg030094-101-ph,Kith,Placeholder,45144361762944,L,2000373190,70.0,False,,https://kith.com/products/khmg030094-101-ph
8286762893440,Kith for the New York Yankees Derek Jeter At Bat Vintage Tee - White - PH,khmg030094-101-ph,Kith,Placeholder,45144361795712,XL,2000373191,70.0,False,,https://kith.com/products/khmg030094-101-ph
8286762893440,Kith for the New York Yankees Derek Jeter At Bat Vintage Tee - White - PH,khmg030094-101-ph,Kith,Placeholder,45144361828480,XXL,2000373192,70.0,False,,https://kith.com/products/khmg030094-101-ph
8286762860672,Kith for the New York Yankees Oliver Parka - Nocturnal - PH,khma010159-413-ph,Kith,Placeholder,45144361631872,OS,2000389374,55.0,False,,https://kith.com/products/khma010159-413-ph
8286762827904,Kith for the New York Yankees Percy Jacket - Skyscraper - PH,khma010156-2033-ph,Kith,Placeholder,45144361435264,XS,2000372707,295.0,False,,https://kith.com/products/khma010156-2033-ph
8286762827904,Kith for the New York Yankees Percy Jacket - Skyscraper - PH,khma010156-2033-ph,Kith,Placeholder,45144361468032,S,2000372708,295.0,False,,https://kith.com/products/khma010156-2033-ph
8286762827904,Kith for the New York Yankees Percy Jacket - Skyscraper - PH,khma010156-2033-ph,Kith,Placeholder,45144361500800,M,2000372709,295.0,False,,https://kith.com/products/khma010156-2033-ph
8286762827904,Kith for the New York Yankees Percy Jacket - Skyscraper - PH,khma010156-2033-ph,Kith,Placeholder,45144361533568,L,2000372710,295.0,False,,https://kith.com/products/khma010156-2033-ph
8286762827904,Kith for the New York Yankees Percy Jacket - Skyscraper - PH,khma010156-2033-ph,Kith,Placeholder,45144361566336,XL,2000372711,295.0,False,,https://kith.com/products/khma010156-2033-ph
8286762827904,Kith for the New York Yankees Percy Jacket - Skyscraper - PH,khma010156-2033-ph,Kith,Placeholder,45144361599104,XXL,2000372712,295.0,False,,https://kith.com/products/khma010156-2033-ph
8286762795136,Kith for the New York Yankees Cupro Ferris Jacket - Nocturnal - PH,khma010155-413-ph,Kith,Placeholder,45144361238656,XS,2000372713,295.0,False,,https://kith.com/products/khma010155-413-ph
8286762795136,Kith for the New York Yankees Cupro Ferris Jacket - Nocturnal - PH,khma010155-413-ph,Kith,Placeholder,45144361271424,S,2000372714,295.0,False,,https://kith.com/products/khma010155-413-ph
8286762795136,Kith for the New York Yankees Cupro Ferris Jacket - Nocturnal - PH,khma010155-413-ph,Kith,Placeholder,45144361304192,M,2000372715,295.0,False,,https://kith.com/products/khma010155-413-ph
8286762795136,Kith for the New York Yankees Cupro Ferris Jacket - Nocturnal - PH,khma010155-413-ph,Kith,Placeholder,45144361336960,L,2000372716,295.0,False,,https://kith.com/products/khma010155-413-ph
8286762795136,Kith for the New York Yankees Cupro Ferris Jacket - Nocturnal - PH,khma010155-413-ph,Kith,Placeholder,45144361369728,XL,2000372717,295.0,False,,https://kith.com/products/khma010155-413-ph
8286762795136,Kith for the New York Yankees Cupro Ferris Jacket - Nocturnal - PH,khma010155-413-ph,Kith,Placeholder,45144361402496,XXL,2000372718,295.0,False,,https://kith.com/products/khma010155-413-ph
8286762762368,Kith for the New York Yankees Reversible Perry Jacket - Wake - PH,khma010158-2008-ph,Kith,Placeholder,45144361042048,XS,2000372797,395.0,False,,https://kith.com/products/khma010158-2008-ph
8286762762368,Kith for the New York Yankees Reversible Perry Jacket - Wake - PH,khma010158-2008-ph,Kith,Placeholder,45144361074816,S,2000372798,395.0,False,,https://kith.com/products/khma010158-2008-ph
8286762762368,Kith for the New York Yankees Reversible Perry Jacket - Wake - PH,khma010158-2008-ph,Kith,Placeholder,45144361107584,M,2000372799,395.0,False,,https://kith.com/products/khma010158-2008-ph
8286762762368,Kith for the New York Yankees Reversible Perry Jacket - Wake - PH,khma010158-2008-ph,Kith,Placeholder,45144361140352,L,2000372800,395.0,False,,https://kith.com/products/khma010158-2008-ph
8286762762368,Kith for the New York Yankees Reversible Perry Jacket - Wake - PH,khma010158-2008-ph,Kith,Placeholder,45144361173120,XL,2000372801,395.0,False,,https://kith.com/products/khma010158-2008-ph
8286762762368,Kith for the New York Yankees Reversible Perry Jacket - Wake - PH,khma010158-2008-ph,Kith,Placeholder,45144361205888,XXL,2000372802,395.0,False,,https://kith.com/products/khma010158-2008-ph
8286762729600,Kith for the New York Yankees Oliver Parka - Marquee - PH,khma010159-7067-ph,Kith,Placeholder,45144361009280,OS,2000389369,55.0,False,,https://kith.com/products/khma010159-7067-ph
8286762696832,Kith for the New York Yankees Oliver Parka - Dusk - PH,khma010159-857-ph,Kith,Placeholder,45144360976512,OS,2000389371,55.0,False,,https://kith.com/products/khma010159-857-ph
8286762664064,Kith for the New York Yankees Oliver Parka - Solitaire - PH,khma010159-6025-ph,Kith,Placeholder,45144360943744,OS,2000389375,55.0,False,,https://kith.com/products/khma010159-6025-ph
8286762631296,Kith for the New York Yankees Oliver Parka - Garnet - PH,khma010159-7068-ph,Kith,Placeholder,45144360910976,OS,2000389370,55.0,False,,https://kith.com/products/khma010159-7068-ph
8286762598528,Kith for the New York Yankees Oliver Parka - Skylight - PH,khma010159-5148-ph,Kith,Placeholder,45144360878208,OS,2000389373,55.0,False,,https://kith.com/products/khma010159-5148-ph
8286762565760,Kith for the New York Yankees Oliver Parka - Kelly - PH,khma010159-4041-ph,Kith,Placeholder,45144360845440,OS,2000389372,55.0,False,,https://kith.com/products/khma010159-4041-ph
8286762532992,Kith Kids for the New York Yankees Legacy Tee - Nocturnal - PH,khkg030005-413-ph,Kith Kids,Placeholder,45144360583296,2T,2000381020,50.0,False,,https://kith.com/products/khkg030005-413-ph
8286762532992,Kith Kids for the New York Yankees Legacy Tee - Nocturnal - PH,khkg030005-413-ph,Kith Kids,Placeholder,45144360616064,3T,2000381021,50.0,False,,https://kith.com/products/khkg030005-413-ph
8286762532992,Kith Kids for the New York Yankees Legacy Tee - Nocturnal - PH,khkg030005-413-ph,Kith Kids,Placeholder,45144360648832,4T,2000381022,50.0,False,,https://kith.com/products/khkg030005-413-ph
8286762532992,Kith Kids for the New York Yankees Legacy Tee - Nocturnal - PH,khkg030005-413-ph,Kith Kids,Placeholder,45144360681600,XS,2000381023,50.0,False,,https://kith.com/products/khkg030005-413-ph
8286762532992,Kith Kids for the New York Yankees Legacy Tee - Nocturnal - PH,khkg030005-413-ph,Kith Kids,Placeholder,45144360714368,S,2000381024,50.0,False,,https://kith.com/products/khkg030005-413-ph
8286762532992,Kith Kids for the New York Yankees Legacy Tee - Nocturnal - PH,khkg030005-413-ph,Kith Kids,Placeholder,45144360747136,M,2000381025,50.0,False,,https://kith.com/products/khkg030005-413-ph
8286762532992,Kith Kids for the New York Yankees Legacy Tee - Nocturnal - PH,khkg030005-413-ph,Kith Kids,Placeholder,45144360779904,L,2000381026,50.0,False,,https://kith.com/products/khkg030005-413-ph
8286762532992,Kith Kids for the New York Yankees Legacy Tee - Nocturnal - PH,khkg030005-413-ph,Kith Kids,Placeholder,45144360812672,XL,2000381027,50.0,False,,https://kith.com/products/khkg030005-413-ph
8286762500224,Kith for the New York Yankees Nylon Shiloh Jacket - Skyscraper - PH,khma010149-2033-ph,Kith,Placeholder,45144360386688,XS,2000372437,295.0,False,,https://kith.com/products/khma010149-2033-ph
8286762500224,Kith for the New York Yankees Nylon Shiloh Jacket - Skyscraper - PH,khma010149-2033-ph,Kith,Placeholder,45144360419456,S,2000372438,295.0,False,,https://kith.com/products/khma010149-2033-ph
8286762500224,Kith for the New York Yankees Nylon Shiloh Jacket - Skyscraper - PH,khma010149-2033-ph,Kith,Placeholder,45144360452224,M,2000372439,295.0,False,,https://kith.com/products/khma010149-2033-ph
8286762500224,Kith for the New York Yankees Nylon Shiloh Jacket - Skyscraper - PH,khma010149-2033-ph,Kith,Placeholder,45144360484992,L,2000372440,295.0,False,,https://kith.com/products/khma010149-2033-ph
8286762500224,Kith for the New York Yankees Nylon Shiloh Jacket - Skyscraper - PH,khma010149-2033-ph,Kith,Placeholder,45144360517760,XL,2000372441,295.0,False,,https://kith.com/products/khma010149-2033-ph
8286762500224,Kith for the New York Yankees Nylon Shiloh Jacket - Skyscraper - PH,khma010149-2033-ph,Kith,Placeholder,45144360550528,XXL,2000372442,295.0,False,,https://kith.com/products/khma010149-2033-ph
8286762467456,Kith Kids for the New York Yankees Mulberry II Tee - Nocturnal - PH,khkg030004-413-ph,Kith Kids,Placeholder,45144360124544,2T,2000381012,60.0,False,,https://kith.com/products/khkg030004-413-ph
8286762467456,Kith Kids for the New York Yankees Mulberry II Tee - Nocturnal - PH,khkg030004-413-ph,Kith Kids,Placeholder,45144360157312,3T,2000381013,60.0,False,,https://kith.com/products/khkg030004-413-ph
8286762467456,Kith Kids for the New York Yankees Mulberry II Tee - Nocturnal - PH,khkg030004-413-ph,Kith Kids,Placeholder,45144360190080,4T,2000381014,60.0,False,,https://kith.com/products/khkg030004-413-ph
8286762467456,Kith Kids for the New York Yankees Mulberry II Tee - Nocturnal - PH,khkg030004-413-ph,Kith Kids,Placeholder,45144360222848,XS,2000381015,60.0,False,,https://kith.com/products/khkg030004-413-ph
8286762467456,Kith Kids for the New York Yankees Mulberry II Tee - Nocturnal - PH,khkg030004-413-ph,Kith Kids,Placeholder,45144360255616,S,2000381016,60.0,False,,https://kith.com/products/khkg030004-413-ph
8286762467456,Kith Kids for the New York Yankees Mulberry II Tee - Nocturnal - PH,khkg030004-413-ph,Kith Kids,Placeholder,45144360288384,M,2000381017,60.0,False,,https://kith.com/products/khkg030004-413-ph
8286762467456,Kith Kids for the New York Yankees Mulberry II Tee - Nocturnal - PH,khkg030004-413-ph,Kith Kids,Placeholder,45144360321152,L,2000381018,60.0,False,,https://kith.com/products/khkg030004-413-ph
8286762467456,Kith Kids for the New York Yankees Mulberry II Tee - Nocturnal - PH,khkg030004-413-ph,Kith Kids,Placeholder,45144360353920,XL,2000381019,60.0,False,,https://kith.com/products/khkg030004-413-ph
8286762434688,Kith Kids for the New York Yankees Retro Tee - White - PH,khkg030003-101-ph,Kith Kids,Placeholder,45144359862400,2T,2000381004,50.0,False,,https://kith.com/products/khkg030003-101-ph
8286762434688,Kith Kids for the New York Yankees Retro Tee - White - PH,khkg030003-101-ph,Kith Kids,Placeholder,45144359895168,3T,2000381005,50.0,False,,https://kith.com/products/khkg030003-101-ph
8286762434688,Kith Kids for the New York Yankees Retro Tee - White - PH,khkg030003-101-ph,Kith Kids,Placeholder,45144359927936,4T,2000381006,50.0,False,,https://kith.com/products/khkg030003-101-ph
8286762434688,Kith Kids for the New York Yankees Retro Tee - White - PH,khkg030003-101-ph,Kith Kids,Placeholder,45144359960704,XS,2000381007,50.0,False,,https://kith.com/products/khkg030003-101-ph
8286762434688,Kith Kids for the New York Yankees Retro Tee - White - PH,khkg030003-101-ph,Kith Kids,Placeholder,45144359993472,S,2000381008,50.0,False,,https://kith.com/products/khkg030003-101-ph
8286762434688,Kith Kids for the New York Yankees Retro Tee - White - PH,khkg030003-101-ph,Kith Kids,Placeholder,45144360026240,M,2000381009,50.0,False,,https://kith.com/products/khkg030003-101-ph
8286762434688,Kith Kids for the New York Yankees Retro Tee - White - PH,khkg030003-101-ph,Kith Kids,Placeholder,45144360059008,L,2000381010,50.0,False,,https://kith.com/products/khkg030003-101-ph
8286762434688,Kith Kids for the New York Yankees Retro Tee - White - PH,khkg030003-101-ph,Kith Kids,Placeholder,45144360091776,XL,2000381011,50.0,False,,https://kith.com/products/khkg030003-101-ph
8286762401920,Kith for the New York Yankees Nylon Dante Pullover Jacket - Skyscraper - PH,khma010151-2033-ph,Kith,Placeholder,45144359665792,XS,2000372431,295.0,False,,https://kith.com/products/khma010151-2033-ph
8286762401920,Kith for the New York Yankees Nylon Dante Pullover Jacket - Skyscraper - PH,khma010151-2033-ph,Kith,Placeholder,45144359698560,S,2000372432,295.0,False,,https://kith.com/products/khma010151-2033-ph
8286762401920,Kith for the New York Yankees Nylon Dante Pullover Jacket - Skyscraper - PH,khma010151-2033-ph,Kith,Placeholder,45144359731328,M,2000372433,295.0,False,,https://kith.com/products/khma010151-2033-ph
8286762401920,Kith for the New York Yankees Nylon Dante Pullover Jacket - Skyscraper - PH,khma010151-2033-ph,Kith,Placeholder,45144359764096,L,2000372434,295.0,False,,https://kith.com/products/khma010151-2033-ph
8286762401920,Kith for the New York Yankees Nylon Dante Pullover Jacket - Skyscraper - PH,khma010151-2033-ph,Kith,Placeholder,45144359796864,XL,2000372435,295.0,False,,https://kith.com/products/khma010151-2033-ph
8286762401920,Kith for the New York Yankees Nylon Dante Pullover Jacket - Skyscraper - PH,khma010151-2033-ph,Kith,Placeholder,45144359829632,XXL,2000372436,295.0,False,,https://kith.com/products/khma010151-2033-ph
8286762369152,Kith Kids & '47 for the New York Yankees Acrylic Beanie - Nocturnal - PH,khka050078-413-ph,Kith Kids,Placeholder,45144359633024,OS,2000376139,60.0,False,,https://kith.com/products/khka050078-413-ph
8286762336384,Kith for the New York Yankees Reversible Hugo Jacket - Nocturnal - PH,khma010153-413-ph,Kith,Placeholder,45144359436416,XS,2000372419,350.0,False,,https://kith.com/products/khma010153-413-ph
8286762336384,Kith for the New York Yankees Reversible Hugo Jacket - Nocturnal - PH,khma010153-413-ph,Kith,Placeholder,45144359469184,S,2000372420,350.0,False,,https://kith.com/products/khma010153-413-ph
8286762336384,Kith for the New York Yankees Reversible Hugo Jacket - Nocturnal - PH,khma010153-413-ph,Kith,Placeholder,45144359501952,M,2000372421,350.0,False,,https://kith.com/products/khma010153-413-ph
8286762336384,Kith for the New York Yankees Reversible Hugo Jacket - Nocturnal - PH,khma010153-413-ph,Kith,Placeholder,45144359534720,L,2000372422,350.0,False,,https://kith.com/products/khma010153-413-ph
8286762336384,Kith for the New York Yankees Reversible Hugo Jacket - Nocturnal - PH,khma010153-413-ph,Kith,Placeholder,45144359567488,XL,2000372423,350.0,False,,https://kith.com/products/khma010153-413-ph
8286762336384,Kith for the New York Yankees Reversible Hugo Jacket - Nocturnal - PH,khma010153-413-ph,Kith,Placeholder,45144359600256,XXL,2000372424,350.0,False,,https://kith.com/products/khma010153-413-ph
8286762303616,Kith for the New York Yankees Double Weave Shiloh Jacket - Nocturnal - PH,khma010150-413-ph,Kith,Placeholder,45144359239808,XS,2000372425,295.0,False,,https://kith.com/products/khma010150-413-ph
8286762303616,Kith for the New York Yankees Double Weave Shiloh Jacket - Nocturnal - PH,khma010150-413-ph,Kith,Placeholder,45144359272576,S,2000372426,295.0,False,,https://kith.com/products/khma010150-413-ph
8286762303616,Kith for the New York Yankees Double Weave Shiloh Jacket - Nocturnal - PH,khma010150-413-ph,Kith,Placeholder,45144359305344,M,2000372427,295.0,False,,https://kith.com/products/khma010150-413-ph
8286762303616,Kith for the New York Yankees Double Weave Shiloh Jacket - Nocturnal - PH,khma010150-413-ph,Kith,Placeholder,45144359338112,L,2000372428,295.0,False,,https://kith.com/products/khma010150-413-ph
8286762303616,Kith for the New York Yankees Double Weave Shiloh Jacket - Nocturnal - PH,khma010150-413-ph,Kith,Placeholder,45144359370880,XL,2000372429,295.0,False,,https://kith.com/products/khma010150-413-ph
8286762303616,Kith for the New York Yankees Double Weave Shiloh Jacket - Nocturnal - PH,khma010150-413-ph,Kith,Placeholder,45144359403648,XXL,2000372430,295.0,False,,https://kith.com/products/khma010150-413-ph
8286762270848,Kith for the New York Yankees Leather Ames Jacket - Black - PH,khma010154-001-ph,Kith,Placeholder,45144359043200,XS,2000372719,1250.0,False,,https://kith.com/products/khma010154-001-ph
8286762270848,Kith for the New York Yankees Leather Ames Jacket - Black - PH,khma010154-001-ph,Kith,Placeholder,45144359075968,S,2000372720,1250.0,False,,https://kith.com/products/khma010154-001-ph
8286762270848,Kith for the New York Yankees Leather Ames Jacket - Black - PH,khma010154-001-ph,Kith,Placeholder,45144359108736,M,2000372721,1250.0,False,,https://kith.com/products/khma010154-001-ph
8286762270848,Kith for the New York Yankees Leather Ames Jacket - Black - PH,khma010154-001-ph,Kith,Placeholder,45144359141504,L,2000372722,1250.0,False,,https://kith.com/products/khma010154-001-ph
8286762270848,Kith for the New York Yankees Leather Ames Jacket - Black - PH,khma010154-001-ph,Kith,Placeholder,45144359174272,XL,2000372723,1250.0,False,,https://kith.com/products/khma010154-001-ph
8286762270848,Kith for the New York Yankees Leather Ames Jacket - Black - PH,khma010154-001-ph,Kith,Placeholder,45144359207040,XXL,2000372724,1250.0,False,,https://kith.com/products/khma010154-001-ph
8286762238080,Kith for the New York Yankees Vintage Nelson Hoodie - Marquee - PH,khmg030100-7067-ph,Kith,Placeholder,45144358846592,XS,2000373229,185.0,False,,https://kith.com/products/khmg030100-7067-ph
8286762238080,Kith for the New York Yankees Vintage Nelson Hoodie - Marquee - PH,khmg030100-7067-ph,Kith,Placeholder,45144358879360,S,2000373230,185.0,False,,https://kith.com/products/khmg030100-7067-ph
8286762238080,Kith for the New York Yankees Vintage Nelson Hoodie - Marquee - PH,khmg030100-7067-ph,Kith,Placeholder,45144358912128,M,2000373231,185.0,False,,https://kith.com/products/khmg030100-7067-ph
8286762238080,Kith for the New York Yankees Vintage Nelson Hoodie - Marquee - PH,khmg030100-7067-ph,Kith,Placeholder,45144358944896,L,2000373232,185.0,False,,https://kith.com/products/khmg030100-7067-ph
8286762238080,Kith for the New York Yankees Vintage Nelson Hoodie - Marquee - PH,khmg030100-7067-ph,Kith,Placeholder,45144358977664,XL,2000373233,185.0,False,,https://kith.com/products/khmg030100-7067-ph
8286762238080,Kith for the New York Yankees Vintage Nelson Hoodie - Marquee - PH,khmg030100-7067-ph,Kith,Placeholder,45144359010432,XXL,2000373234,185.0,False,,https://kith.com/products/khmg030100-7067-ph
8286762205312,Kith for the New York Yankees Vintage Braxton Hoodie - Sandrift - PH,khmg030105-104-ph,Kith,Placeholder,45144358649984,XS,2000373235,225.0,False,,https://kith.com/products/khmg030105-104-ph
8286762205312,Kith for the New York Yankees Vintage Braxton Hoodie - Sandrift - PH,khmg030105-104-ph,Kith,Placeholder,45144358682752,S,2000373236,225.0,False,,https://kith.com/products/khmg030105-104-ph
8286762205312,Kith for the New York Yankees Vintage Braxton Hoodie - Sandrift - PH,khmg030105-104-ph,Kith,Placeholder,45144358715520,M,2000373237,225.0,False,,https://kith.com/products/khmg030105-104-ph
8286762205312,Kith for the New York Yankees Vintage Braxton Hoodie - Sandrift - PH,khmg030105-104-ph,Kith,Placeholder,45144358748288,L,2000373238,225.0,False,,https://kith.com/products/khmg030105-104-ph
8286762205312,Kith for the New York Yankees Vintage Braxton Hoodie - Sandrift - PH,khmg030105-104-ph,Kith,Placeholder,45144358781056,XL,2000373239,225.0,False,,https://kith.com/products/khmg030105-104-ph
8286762205312,Kith for the New York Yankees Vintage Braxton Hoodie - Sandrift - PH,khmg030105-104-ph,Kith,Placeholder,45144358813824,XXL,2000373240,225.0,False,,https://kith.com/products/khmg030105-104-ph
8286762172544,Kith Kids & '47 for the New York Yankees Wool Clean Up Cap - Nocturnal - PH,khka050077-413-ph,Kith Kids,Placeholder,45144358617216,OS,2000376138,55.0,False,,https://kith.com/products/khka050077-413-ph
8286762139776,Kith for the New York Yankees Vintage Nelson Hoodie - Kelly - PH,khmg030100-4041-ph,Kith,Placeholder,45144358420608,XS,2000373223,185.0,False,,https://kith.com/products/khmg030100-4041-ph
8286762139776,Kith for the New York Yankees Vintage Nelson Hoodie - Kelly - PH,khmg030100-4041-ph,Kith,Placeholder,45144358453376,S,2000373224,185.0,False,,https://kith.com/products/khmg030100-4041-ph
8286762139776,Kith for the New York Yankees Vintage Nelson Hoodie - Kelly - PH,khmg030100-4041-ph,Kith,Placeholder,45144358486144,M,2000373225,185.0,False,,https://kith.com/products/khmg030100-4041-ph
8286762139776,Kith for the New York Yankees Vintage Nelson Hoodie - Kelly - PH,khmg030100-4041-ph,Kith,Placeholder,45144358518912,L,2000373226,185.0,False,,https://kith.com/products/khmg030100-4041-ph
8286762139776,Kith for the New York Yankees Vintage Nelson Hoodie - Kelly - PH,khmg030100-4041-ph,Kith,Placeholder,45144358551680,XL,2000373227,185.0,False,,https://kith.com/products/khmg030100-4041-ph
8286762139776,Kith for the New York Yankees Vintage Nelson Hoodie - Kelly - PH,khmg030100-4041-ph,Kith,Placeholder,45144358584448,XXL,2000373228,185.0,False,,https://kith.com/products/khmg030100-4041-ph
8286762107008,Kith for the New York Yankees Vintage Nelson Hoodie - Nocturnal - PH,khmg030100-413-ph,Kith,Placeholder,45144358224000,XS,2000373217,185.0,False,,https://kith.com/products/khmg030100-413-ph
8286762107008,Kith for the New York Yankees Vintage Nelson Hoodie - Nocturnal - PH,khmg030100-413-ph,Kith,Placeholder,45144358256768,S,2000373218,185.0,False,,https://kith.com/products/khmg030100-413-ph
8286762107008,Kith for the New York Yankees Vintage Nelson Hoodie - Nocturnal - PH,khmg030100-413-ph,Kith,Placeholder,45144358289536,M,2000373219,185.0,False,,https://kith.com/products/khmg030100-413-ph
8286762107008,Kith for the New York Yankees Vintage Nelson Hoodie - Nocturnal - PH,khmg030100-413-ph,Kith,Placeholder,45144358322304,L,2000373220,185.0,False,,https://kith.com/products/khmg030100-413-ph
8286762107008,Kith for the New York Yankees Vintage Nelson Hoodie - Nocturnal - PH,khmg030100-413-ph,Kith,Placeholder,45144358355072,XL,2000373221,185.0,False,,https://kith.com/products/khmg030100-413-ph
8286762107008,Kith for the New York Yankees Vintage Nelson Hoodie - Nocturnal - PH,khmg030100-413-ph,Kith,Placeholder,45144358387840,XXL,2000373222,185.0,False,,https://kith.com/products/khmg030100-413-ph
8286762074240,Kith for the New York Yankees Vintage Nelson Hoodie - Solitaire - PH,khmg030100-6025-ph,Kith,Placeholder,45144358027392,XS,2000373211,185.0,False,,https://kith.com/products/khmg030100-6025-ph
8286762074240,Kith for the New York Yankees Vintage Nelson Hoodie - Solitaire - PH,khmg030100-6025-ph,Kith,Placeholder,45144358060160,S,2000373212,185.0,False,,https://kith.com/products/khmg030100-6025-ph
8286762074240,Kith for the New York Yankees Vintage Nelson Hoodie - Solitaire - PH,khmg030100-6025-ph,Kith,Placeholder,45144358092928,M,2000373213,185.0,False,,https://kith.com/products/khmg030100-6025-ph
8286762074240,Kith for the New York Yankees Vintage Nelson Hoodie - Solitaire - PH,khmg030100-6025-ph,Kith,Placeholder,45144358125696,L,2000373214,185.0,False,,https://kith.com/products/khmg030100-6025-ph
8286762074240,Kith for the New York Yankees Vintage Nelson Hoodie - Solitaire - PH,khmg030100-6025-ph,Kith,Placeholder,45144358158464,XL,2000373215,185.0,False,,https://kith.com/products/khmg030100-6025-ph
8286762074240,Kith for the New York Yankees Vintage Nelson Hoodie - Solitaire - PH,khmg030100-6025-ph,Kith,Placeholder,45144358191232,XXL,2000373216,185.0,False,,https://kith.com/products/khmg030100-6025-ph
8286762041472,Kith for the New York Yankees Vintage Braxton Zip Hoodie - Light Heather Grey - PH,khmg030104-002-ph,Kith,Placeholder,45144357830784,XS,2000373241,295.0,False,,https://kith.com/products/khmg030104-002-ph
8286762041472,Kith for the New York Yankees Vintage Braxton Zip Hoodie - Light Heather Grey - PH,khmg030104-002-ph,Kith,Placeholder,45144357863552,S,2000373242,295.0,False,,https://kith.com/products/khmg030104-002-ph
8286762041472,Kith for the New York Yankees Vintage Braxton Zip Hoodie - Light Heather Grey - PH,khmg030104-002-ph,Kith,Placeholder,45144357896320,M,2000373243,295.0,False,,https://kith.com/products/khmg030104-002-ph
8286762041472,Kith for the New York Yankees Vintage Braxton Zip Hoodie - Light Heather Grey - PH,khmg030104-002-ph,Kith,Placeholder,45144357929088,L,2000373244,295.0,False,,https://kith.com/products/khmg030104-002-ph
8286762041472,Kith for the New York Yankees Vintage Braxton Zip Hoodie - Light Heather Grey - PH,khmg030104-002-ph,Kith,Placeholder,45144357961856,XL,2000373245,295.0,False,,https://kith.com/products/khmg030104-002-ph
8286762041472,Kith for the New York Yankees Vintage Braxton Zip Hoodie - Light Heather Grey - PH,khmg030104-002-ph,Kith,Placeholder,45144357994624,XXL,2000373246,295.0,False,,https://kith.com/products/khmg030104-002-ph
8286762008704,Kith Kids for the New York Yankees Varsity Lewis Sweater - Nocturnal - PH,khka030137-104-ph,Kith Kids,Placeholder,45144357568640,2T,2000380996,125.0,False,,https://kith.com/products/khka030137-104-ph
8286762008704,Kith Kids for the New York Yankees Varsity Lewis Sweater - Nocturnal - PH,khka030137-104-ph,Kith Kids,Placeholder,45144357601408,3T,2000380997,125.0,False,,https://kith.com/products/khka030137-104-ph
8286762008704,Kith Kids for the New York Yankees Varsity Lewis Sweater - Nocturnal - PH,khka030137-104-ph,Kith Kids,Placeholder,45144357634176,4T,2000380998,125.0,False,,https://kith.com/products/khka030137-104-ph
8286762008704,Kith Kids for the New York Yankees Varsity Lewis Sweater - Nocturnal - PH,khka030137-104-ph,Kith Kids,Placeholder,45144357666944,XS,2000380999,125.0,False,,https://kith.com/products/khka030137-104-ph
8286762008704,Kith Kids for the New York Yankees Varsity Lewis Sweater - Nocturnal - PH,khka030137-104-ph,Kith Kids,Placeholder,45144357699712,S,2000381000,125.0,False,,https://kith.com/products/khka030137-104-ph
8286762008704,Kith Kids for the New York Yankees Varsity Lewis Sweater - Nocturnal - PH,khka030137-104-ph,Kith Kids,Placeholder,45144357732480,M,2000381001,125.0,False,,https://kith.com/products/khka030137-104-ph
8286762008704,Kith Kids for the New York Yankees Varsity Lewis Sweater - Nocturnal - PH,khka030137-104-ph,Kith Kids,Placeholder,45144357765248,L,2000381002,125.0,False,,https://kith.com/products/khka030137-104-ph
8286762008704,Kith Kids for the New York Yankees Varsity Lewis Sweater - Nocturnal - PH,khka030137-104-ph,Kith Kids,Placeholder,45144357798016,XL,2000381003,125.0,False,,https://kith.com/products/khka030137-104-ph
8286761975936,Kith Kids for the New York Yankees Nelson Crewneck - Nocturnal - PH,khka030136-413-ph,Kith Kids,Placeholder,45144357306496,2T,2000380988,85.0,False,,https://kith.com/products/khka030136-413-ph
8286761975936,Kith Kids for the New York Yankees Nelson Crewneck - Nocturnal - PH,khka030136-413-ph,Kith Kids,Placeholder,45144357339264,3T,2000380989,85.0,False,,https://kith.com/products/khka030136-413-ph
8286761975936,Kith Kids for the New York Yankees Nelson Crewneck - Nocturnal - PH,khka030136-413-ph,Kith Kids,Placeholder,45144357372032,4T,2000380990,85.0,False,,https://kith.com/products/khka030136-413-ph
8286761975936,Kith Kids for the New York Yankees Nelson Crewneck - Nocturnal - PH,khka030136-413-ph,Kith Kids,Placeholder,45144357404800,XS,2000380991,85.0,False,,https://kith.com/products/khka030136-413-ph
8286761975936,Kith Kids for the New York Yankees Nelson Crewneck - Nocturnal - PH,khka030136-413-ph,Kith Kids,Placeholder,45144357437568,S,2000380992,85.0,False,,https://kith.com/products/khka030136-413-ph
8286761975936,Kith Kids for the New York Yankees Nelson Crewneck - Nocturnal - PH,khka030136-413-ph,Kith Kids,Placeholder,45144357470336,M,2000380993,85.0,False,,https://kith.com/products/khka030136-413-ph
8286761975936,Kith Kids for the New York Yankees Nelson Crewneck - Nocturnal - PH,khka030136-413-ph,Kith Kids,Placeholder,45144357503104,L,2000380994,85.0,False,,https://kith.com/products/khka030136-413-ph
8286761975936,Kith Kids for the New York Yankees Nelson Crewneck - Nocturnal - PH,khka030136-413-ph,Kith Kids,Placeholder,45144357535872,XL,2000380995,85.0,False,,https://kith.com/products/khka030136-413-ph
8286761943168,Kith Kids for the New York Yankees Monogram Malik Jersey - Nocturnal - PH,khka030134-413-ph,Kith Kids,Placeholder,45144357044352,2T,2000380980,85.0,False,,https://kith.com/products/khka030134-413-ph
8286761943168,Kith Kids for the New York Yankees Monogram Malik Jersey - Nocturnal - PH,khka030134-413-ph,Kith Kids,Placeholder,45144357077120,3T,2000380981,85.0,False,,https://kith.com/products/khka030134-413-ph
8286761943168,Kith Kids for the New York Yankees Monogram Malik Jersey - Nocturnal - PH,khka030134-413-ph,Kith Kids,Placeholder,45144357109888,4T,2000380982,85.0,False,,https://kith.com/products/khka030134-413-ph
8286761943168,Kith Kids for the New York Yankees Monogram Malik Jersey - Nocturnal - PH,khka030134-413-ph,Kith Kids,Placeholder,45144357142656,XS,2000380983,85.0,False,,https://kith.com/products/khka030134-413-ph
8286761943168,Kith Kids for the New York Yankees Monogram Malik Jersey - Nocturnal - PH,khka030134-413-ph,Kith Kids,Placeholder,45144357175424,S,2000380984,85.0,False,,https://kith.com/products/khka030134-413-ph
8286761943168,Kith Kids for the New York Yankees Monogram Malik Jersey - Nocturnal - PH,khka030134-413-ph,Kith Kids,Placeholder,45144357208192,M,2000380985,85.0,False,,https://kith.com/products/khka030134-413-ph
8286761943168,Kith Kids for the New York Yankees Monogram Malik Jersey - Nocturnal - PH,khka030134-413-ph,Kith Kids,Placeholder,45144357240960,L,2000380986,85.0,False,,https://kith.com/products/khka030134-413-ph
8286761943168,Kith Kids for the New York Yankees Monogram Malik Jersey - Nocturnal - PH,khka030134-413-ph,Kith Kids,Placeholder,45144357273728,XL,2000380987,85.0,False,,https://kith.com/products/khka030134-413-ph
8286761910400,Kith Baby for the New York Yankees Retro Tee - White - PH,khbg030002-101-ph,Kith Baby,Placeholder,45144356880512,0-3,2000381047,45.0,False,,https://kith.com/products/khbg030002-101-ph
8286761910400,Kith Baby for the New York Yankees Retro Tee - White - PH,khbg030002-101-ph,Kith Baby,Placeholder,45144356913280,3-6,2000381048,45.0,False,,https://kith.com/products/khbg030002-101-ph
8286761910400,Kith Baby for the New York Yankees Retro Tee - White - PH,khbg030002-101-ph,Kith Baby,Placeholder,45144356946048,6-9,2000381049,45.0,False,,https://kith.com/products/khbg030002-101-ph
8286761910400,Kith Baby for the New York Yankees Retro Tee - White - PH,khbg030002-101-ph,Kith Baby,Placeholder,45144356978816,9-12,2000381050,45.0,False,,https://kith.com/products/khbg030002-101-ph
8286761910400,Kith Baby for the New York Yankees Retro Tee - White - PH,khbg030002-101-ph,Kith Baby,Placeholder,45144357011584,12-18,2000381051,45.0,False,,https://kith.com/products/khbg030002-101-ph
8286761877632,Kith Kids for the New York Yankees Nelson Zip Hoodie - Light Heather Grey - PH,khka030135-002-ph,Kith Kids,Placeholder,45144356618368,2T,2000388172,95.0,False,,https://kith.com/products/khka030135-002-ph
8286761877632,Kith Kids for the New York Yankees Nelson Zip Hoodie - Light Heather Grey - PH,khka030135-002-ph,Kith Kids,Placeholder,45144356651136,3T,2000388173,95.0,False,,https://kith.com/products/khka030135-002-ph
8286761877632,Kith Kids for the New York Yankees Nelson Zip Hoodie - Light Heather Grey - PH,khka030135-002-ph,Kith Kids,Placeholder,45144356683904,4T,2000388174,95.0,False,,https://kith.com/products/khka030135-002-ph
8286761877632,Kith Kids for the New York Yankees Nelson Zip Hoodie - Light Heather Grey - PH,khka030135-002-ph,Kith Kids,Placeholder,45144356716672,XS,2000388175,95.0,False,,https://kith.com/products/khka030135-002-ph
8286761877632,Kith Kids for the New York Yankees Nelson Zip Hoodie - Light Heather Grey - PH,khka030135-002-ph,Kith Kids,Placeholder,45144356749440,S,2000388176,95.0,False,,https://kith.com/products/khka030135-002-ph
8286761877632,Kith Kids for the New York Yankees Nelson Zip Hoodie - Light Heather Grey - PH,khka030135-002-ph,Kith Kids,Placeholder,45144356782208,M,2000388177,95.0,False,,https://kith.com/products/khka030135-002-ph
8286761877632,Kith Kids for the New York Yankees Nelson Zip Hoodie - Light Heather Grey - PH,khka030135-002-ph,Kith Kids,Placeholder,45144356814976,L,2000388178,95.0,False,,https://kith.com/products/khka030135-002-ph
8286761877632,Kith Kids for the New York Yankees Nelson Zip Hoodie - Light Heather Grey - PH,khka030135-002-ph,Kith Kids,Placeholder,45144356847744,XL,2000388179,95.0,False,,https://kith.com/products/khka030135-002-ph
8286761844864,Kith Baby & '47 for the New York Yankees Acrylic Beanie - Nocturnal - PH,khba050075-413-ph,Kith Baby,Placeholder,45144356585600,OS,2000376136,55.0,False,,https://kith.com/products/khba050075-413-ph
8286761812096,Kith Baby for the New York Yankees Legacy Bodysuit - Nocturnal - PH,khbg200004-413-ph,Kith Baby,Placeholder,45144356421760,0-3,2000381042,50.0,False,,https://kith.com/products/khbg200004-413-ph
8286761812096,Kith Baby for the New York Yankees Legacy Bodysuit - Nocturnal - PH,khbg200004-413-ph,Kith Baby,Placeholder,45144356454528,3-6,2000381043,50.0,False,,https://kith.com/products/khbg200004-413-ph
8286761812096,Kith Baby for the New York Yankees Legacy Bodysuit - Nocturnal - PH,khbg200004-413-ph,Kith Baby,Placeholder,45144356487296,6-9,2000381044,50.0,False,,https://kith.com/products/khbg200004-413-ph
8286761812096,Kith Baby for the New York Yankees Legacy Bodysuit - Nocturnal - PH,khbg200004-413-ph,Kith Baby,Placeholder,45144356520064,9-12,2000381045,50.0,False,,https://kith.com/products/khbg200004-413-ph
8286761812096,Kith Baby for the New York Yankees Legacy Bodysuit - Nocturnal - PH,khbg200004-413-ph,Kith Baby,Placeholder,45144356552832,12-18,2000381046,50.0,False,,https://kith.com/products/khbg200004-413-ph
8286761779328,Kith Kids & '47 for the New York Yankees Sun Faded Clean Up Cap - Skylight - PH,khka050076-5148-ph,Kith Kids,Placeholder,45144356388992,OS,2000376137,55.0,False,,https://kith.com/products/khka050076-5148-ph
8286761746560,Kith Baby for the New York Yankees Nelson Crewneck - Light Heather Grey - PH,khba030094-002-ph,Kith Baby,Placeholder,45144356225152,0-3,2000381052,65.0,False,,https://kith.com/products/khba030094-002-ph
8286761746560,Kith Baby for the New York Yankees Nelson Crewneck - Light Heather Grey - PH,khba030094-002-ph,Kith Baby,Placeholder,45144356257920,3-6,2000381053,65.0,False,,https://kith.com/products/khba030094-002-ph
8286761746560,Kith Baby for the New York Yankees Nelson Crewneck - Light Heather Grey - PH,khba030094-002-ph,Kith Baby,Placeholder,45144356290688,6-9,2000381054,65.0,False,,https://kith.com/products/khba030094-002-ph
8286761746560,Kith Baby for the New York Yankees Nelson Crewneck - Light Heather Grey - PH,khba030094-002-ph,Kith Baby,Placeholder,45144356323456,9-12,2000381055,65.0,False,,https://kith.com/products/khba030094-002-ph
8286761746560,Kith Baby for the New York Yankees Nelson Crewneck - Light Heather Grey - PH,khba030094-002-ph,Kith Baby,Placeholder,45144356356224,12-18,2000381056,65.0,False,,https://kith.com/products/khba030094-002-ph
8286761713792,Kith for the New York Yankees Retro Vintage Tee - Black - PH,khmg030087-001-ph,Kith,Placeholder,45144356028544,XS,2000373127,70.0,False,,https://kith.com/products/khmg030087-001-ph
8286761713792,Kith for the New York Yankees Retro Vintage Tee - Black - PH,khmg030087-001-ph,Kith,Placeholder,45144356061312,S,2000373128,70.0,False,,https://kith.com/products/khmg030087-001-ph
8286761713792,Kith for the New York Yankees Retro Vintage Tee - Black - PH,khmg030087-001-ph,Kith,Placeholder,45144356094080,M,2000373129,70.0,False,,https://kith.com/products/khmg030087-001-ph
8286761713792,Kith for the New York Yankees Retro Vintage Tee - Black - PH,khmg030087-001-ph,Kith,Placeholder,45144356126848,L,2000373130,70.0,False,,https://kith.com/products/khmg030087-001-ph
8286761713792,Kith for the New York Yankees Retro Vintage Tee - Black - PH,khmg030087-001-ph,Kith,Placeholder,45144356159616,XL,2000373131,70.0,False,,https://kith.com/products/khmg030087-001-ph
8286761713792,Kith for the New York Yankees Retro Vintage Tee - Black - PH,khmg030087-001-ph,Kith,Placeholder,45144356192384,XXL,2000373132,70.0,False,,https://kith.com/products/khmg030087-001-ph
8286761681024,Kith Kids for the New York Yankees Reversible Gorman Jacket - Nocturnal - PH,khka010094-413-ph,Kith Kids,Placeholder,45144355766400,2T,2000380972,165.0,False,,https://kith.com/products/khka010094-413-ph
8286761681024,Kith Kids for the New York Yankees Reversible Gorman Jacket - Nocturnal - PH,khka010094-413-ph,Kith Kids,Placeholder,45144355799168,3T,2000380973,165.0,False,,https://kith.com/products/khka010094-413-ph
8286761681024,Kith Kids for the New York Yankees Reversible Gorman Jacket - Nocturnal - PH,khka010094-413-ph,Kith Kids,Placeholder,45144355831936,4T,2000380974,165.0,False,,https://kith.com/products/khka010094-413-ph
8286761681024,Kith Kids for the New York Yankees Reversible Gorman Jacket - Nocturnal - PH,khka010094-413-ph,Kith Kids,Placeholder,45144355864704,XS,2000380975,165.0,False,,https://kith.com/products/khka010094-413-ph
8286761681024,Kith Kids for the New York Yankees Reversible Gorman Jacket - Nocturnal - PH,khka010094-413-ph,Kith Kids,Placeholder,45144355897472,S,2000380976,165.0,False,,https://kith.com/products/khka010094-413-ph
8286761681024,Kith Kids for the New York Yankees Reversible Gorman Jacket - Nocturnal - PH,khka010094-413-ph,Kith Kids,Placeholder,45144355930240,M,2000380977,165.0,False,,https://kith.com/products/khka010094-413-ph
8286761681024,Kith Kids for the New York Yankees Reversible Gorman Jacket - Nocturnal - PH,khka010094-413-ph,Kith Kids,Placeholder,45144355963008,L,2000380978,165.0,False,,https://kith.com/products/khka010094-413-ph
8286761681024,Kith Kids for the New York Yankees Reversible Gorman Jacket - Nocturnal - PH,khka010094-413-ph,Kith Kids,Placeholder,45144355995776,XL,2000380979,165.0,False,,https://kith.com/products/khka010094-413-ph
8286761648256,Kith for the New York Yankees Reversible Brooks Jacket - Nocturnal - PH,khma030205-413-ph,Kith,Placeholder,45144355569792,XS,2000372821,295.0,False,,https://kith.com/products/khma030205-413-ph
8286761648256,Kith for the New York Yankees Reversible Brooks Jacket - Nocturnal - PH,khma030205-413-ph,Kith,Placeholder,45144355602560,S,2000372822,295.0,False,,https://kith.com/products/khma030205-413-ph
8286761648256,Kith for the New York Yankees Reversible Brooks Jacket - Nocturnal - PH,khma030205-413-ph,Kith,Placeholder,45144355635328,M,2000372823,295.0,False,,https://kith.com/products/khma030205-413-ph
8286761648256,Kith for the New York Yankees Reversible Brooks Jacket - Nocturnal - PH,khma030205-413-ph,Kith,Placeholder,45144355668096,L,2000372824,295.0,False,,https://kith.com/products/khma030205-413-ph
8286761648256,Kith for the New York Yankees Reversible Brooks Jacket - Nocturnal - PH,khma030205-413-ph,Kith,Placeholder,45144355700864,XL,2000372825,295.0,False,,https://kith.com/products/khma030205-413-ph
8286761648256,Kith for the New York Yankees Reversible Brooks Jacket - Nocturnal - PH,khma030205-413-ph,Kith,Placeholder,45144355733632,XXL,2000372826,295.0,False,,https://kith.com/products/khma030205-413-ph
8286761615488,Kith for the New York Yankees New York to the World Vintage Alex Tee - Nocturnal - PH,khmg030084-413-ph,Kith,Placeholder,45144355373184,XS,2000373133,70.0,False,,https://kith.com/products/khmg030084-413-ph
8286761615488,Kith for the New York Yankees New York to the World Vintage Alex Tee - Nocturnal - PH,khmg030084-413-ph,Kith,Placeholder,45144355405952,S,2000373134,70.0,False,,https://kith.com/products/khmg030084-413-ph
8286761615488,Kith for the New York Yankees New York to the World Vintage Alex Tee - Nocturnal - PH,khmg030084-413-ph,Kith,Placeholder,45144355438720,M,2000373135,70.0,False,,https://kith.com/products/khmg030084-413-ph
8286761615488,Kith for the New York Yankees New York to the World Vintage Alex Tee - Nocturnal - PH,khmg030084-413-ph,Kith,Placeholder,45144355471488,L,2000373136,70.0,False,,https://kith.com/products/khmg030084-413-ph
8286761615488,Kith for the New York Yankees New York to the World Vintage Alex Tee - Nocturnal - PH,khmg030084-413-ph,Kith,Placeholder,45144355504256,XL,2000373137,70.0,False,,https://kith.com/products/khmg030084-413-ph
8286761615488,Kith for the New York Yankees New York to the World Vintage Alex Tee - Nocturnal - PH,khmg030084-413-ph,Kith,Placeholder,45144355537024,XXL,2000373138,70.0,False,,https://kith.com/products/khmg030084-413-ph
8286761582720,Kith for the New York Yankees Nylon Raffi Pullover - Sandrift - PH,khma030202-104-ph,Kith,Placeholder,45144355176576,XS,2000372701,225.0,False,,https://kith.com/products/khma030202-104-ph
8286761582720,Kith for the New York Yankees Nylon Raffi Pullover - Sandrift - PH,khma030202-104-ph,Kith,Placeholder,45144355209344,S,2000372702,225.0,False,,https://kith.com/products/khma030202-104-ph
8286761582720,Kith for the New York Yankees Nylon Raffi Pullover - Sandrift - PH,khma030202-104-ph,Kith,Placeholder,45144355242112,M,2000372703,225.0,False,,https://kith.com/products/khma030202-104-ph
8286761582720,Kith for the New York Yankees Nylon Raffi Pullover - Sandrift - PH,khma030202-104-ph,Kith,Placeholder,45144355274880,L,2000372704,225.0,False,,https://kith.com/products/khma030202-104-ph
8286761582720,Kith for the New York Yankees Nylon Raffi Pullover - Sandrift - PH,khma030202-104-ph,Kith,Placeholder,45144355307648,XL,2000372705,225.0,False,,https://kith.com/products/khma030202-104-ph
8286761582720,Kith for the New York Yankees Nylon Raffi Pullover - Sandrift - PH,khma030202-104-ph,Kith,Placeholder,45144355340416,XXL,2000372706,225.0,False,,https://kith.com/products/khma030202-104-ph
8286761549952,Kith for the New York Yankees Tropical Wool Raffi Pullover - Nocturnal - PH,khma030203-413-ph,Kith,Placeholder,45144354979968,XS,2000372833,295.0,False,,https://kith.com/products/khma030203-413-ph
8286761549952,Kith for the New York Yankees Tropical Wool Raffi Pullover - Nocturnal - PH,khma030203-413-ph,Kith,Placeholder,45144355012736,S,2000372834,295.0,False,,https://kith.com/products/khma030203-413-ph
8286761549952,Kith for the New York Yankees Tropical Wool Raffi Pullover - Nocturnal - PH,khma030203-413-ph,Kith,Placeholder,45144355045504,M,2000372835,295.0,False,,https://kith.com/products/khma030203-413-ph
8286761549952,Kith for the New York Yankees Tropical Wool Raffi Pullover - Nocturnal - PH,khma030203-413-ph,Kith,Placeholder,45144355078272,L,2000372836,295.0,False,,https://kith.com/products/khma030203-413-ph
8286761549952,Kith for the New York Yankees Tropical Wool Raffi Pullover - Nocturnal - PH,khma030203-413-ph,Kith,Placeholder,45144355111040,XL,2000372837,295.0,False,,https://kith.com/products/khma030203-413-ph
8286761549952,Kith for the New York Yankees Tropical Wool Raffi Pullover - Nocturnal - PH,khma030203-413-ph,Kith,Placeholder,45144355143808,XXL,2000372838,295.0,False,,https://kith.com/products/khma030203-413-ph
8286761517184,Kith for the New York Yankees Flannel Deon Overshirt - Nocturnal - PH,khma030204-413-ph,Kith,Placeholder,45144354783360,XS,2000373893,195.0,False,,https://kith.com/products/khma030204-413-ph
8286761517184,Kith for the New York Yankees Flannel Deon Overshirt - Nocturnal - PH,khma030204-413-ph,Kith,Placeholder,45144354816128,S,2000373894,195.0,False,,https://kith.com/products/khma030204-413-ph
8286761517184,Kith for the New York Yankees Flannel Deon Overshirt - Nocturnal - PH,khma030204-413-ph,Kith,Placeholder,45144354848896,M,2000373895,195.0,False,,https://kith.com/products/khma030204-413-ph
8286761517184,Kith for the New York Yankees Flannel Deon Overshirt - Nocturnal - PH,khma030204-413-ph,Kith,Placeholder,45144354881664,L,2000373896,195.0,False,,https://kith.com/products/khma030204-413-ph
8286761517184,Kith for the New York Yankees Flannel Deon Overshirt - Nocturnal - PH,khma030204-413-ph,Kith,Placeholder,45144354914432,XL,2000373897,195.0,False,,https://kith.com/products/khma030204-413-ph
8286761517184,Kith for the New York Yankees Flannel Deon Overshirt - Nocturnal - PH,khma030204-413-ph,Kith,Placeholder,45144354947200,XXL,2000373898,195.0,False,,https://kith.com/products/khma030204-413-ph
8286761484416,Kith for the New York Yankees Script Vintage Alex Tee - Sandrift - PH,khmg030083-104-ph,Kith,Placeholder,45144354586752,XS,2000372413,70.0,False,,https://kith.com/products/khmg030083-104-ph
8286761484416,Kith for the New York Yankees Script Vintage Alex Tee - Sandrift - PH,khmg030083-104-ph,Kith,Placeholder,45144354619520,S,2000372414,70.0,False,,https://kith.com/products/khmg030083-104-ph
8286761484416,Kith for the New York Yankees Script Vintage Alex Tee - Sandrift - PH,khmg030083-104-ph,Kith,Placeholder,45144354652288,M,2000372415,70.0,False,,https://kith.com/products/khmg030083-104-ph
8286761484416,Kith for the New York Yankees Script Vintage Alex Tee - Sandrift - PH,khmg030083-104-ph,Kith,Placeholder,45144354685056,L,2000372416,70.0,False,,https://kith.com/products/khmg030083-104-ph
8286761484416,Kith for the New York Yankees Script Vintage Alex Tee - Sandrift - PH,khmg030083-104-ph,Kith,Placeholder,45144354717824,XL,2000372417,70.0,False,,https://kith.com/products/khmg030083-104-ph
8286761484416,Kith for the New York Yankees Script Vintage Alex Tee - Sandrift - PH,khmg030083-104-ph,Kith,Placeholder,45144354750592,XXL,2000372418,70.0,False,,https://kith.com/products/khmg030083-104-ph
8286761451648,Kith for the New York Yankees Derek Jeter Leon Shirt - Nocturnal - PH,khma030206-413-ph,Kith,Placeholder,45144354390144,XS,2000373109,185.0,False,,https://kith.com/products/khma030206-413-ph
8286761451648,Kith for the New York Yankees Derek Jeter Leon Shirt - Nocturnal - PH,khma030206-413-ph,Kith,Placeholder,45144354422912,S,2000373110,185.0,False,,https://kith.com/products/khma030206-413-ph
8286761451648,Kith for the New York Yankees Derek Jeter Leon Shirt - Nocturnal - PH,khma030206-413-ph,Kith,Placeholder,45144354455680,M,2000373111,185.0,False,,https://kith.com/products/khma030206-413-ph
8286761451648,Kith for the New York Yankees Derek Jeter Leon Shirt - Nocturnal - PH,khma030206-413-ph,Kith,Placeholder,45144354488448,L,2000373112,185.0,False,,https://kith.com/products/khma030206-413-ph
8286761451648,Kith for the New York Yankees Derek Jeter Leon Shirt - Nocturnal - PH,khma030206-413-ph,Kith,Placeholder,45144354521216,XL,2000373113,185.0,False,,https://kith.com/products/khma030206-413-ph
8286761451648,Kith for the New York Yankees Derek Jeter Leon Shirt - Nocturnal - PH,khma030206-413-ph,Kith,Placeholder,45144354553984,XXL,2000373114,185.0,False,,https://kith.com/products/khma030206-413-ph
8286761418880,Kith for the New York Yankees American League Vintage Alex Tee - White - PH,khmg030082-101-ph,Kith,Placeholder,45144353996928,XS,2000373139,70.0,False,,https://kith.com/products/khmg030082-101-ph
8286761418880,Kith for the New York Yankees American League Vintage Alex Tee - White - PH,khmg030082-101-ph,Kith,Placeholder,45144354029696,S,2000373140,70.0,False,,https://kith.com/products/khmg030082-101-ph
8286761418880,Kith for the New York Yankees American League Vintage Alex Tee - White - PH,khmg030082-101-ph,Kith,Placeholder,45144354062464,M,2000373141,70.0,False,,https://kith.com/products/khmg030082-101-ph
8286761418880,Kith for the New York Yankees American League Vintage Alex Tee - White - PH,khmg030082-101-ph,Kith,Placeholder,45144354095232,L,2000373142,70.0,False,,https://kith.com/products/khmg030082-101-ph
8286761418880,Kith for the New York Yankees American League Vintage Alex Tee - White - PH,khmg030082-101-ph,Kith,Placeholder,45144354128000,XL,2000373143,70.0,False,,https://kith.com/products/khmg030082-101-ph
8286761418880,Kith for the New York Yankees American League Vintage Alex Tee - White - PH,khmg030082-101-ph,Kith,Placeholder,45144354160768,XXL,2000373144,70.0,False,,https://kith.com/products/khmg030082-101-ph
8286761386112,Kith for the New York Yankees Oxford Deon Overshirt - Equilibrium - PH,khma030370-483-ph,Kith,Placeholder,45144354193536,XS,2000372827,195.0,False,,https://kith.com/products/khma030370-483-ph
8286761386112,Kith for the New York Yankees Oxford Deon Overshirt - Equilibrium - PH,khma030370-483-ph,Kith,Placeholder,45144354226304,S,2000372828,195.0,False,,https://kith.com/products/khma030370-483-ph
8286761386112,Kith for the New York Yankees Oxford Deon Overshirt - Equilibrium - PH,khma030370-483-ph,Kith,Placeholder,45144354259072,M,2000372829,195.0,False,,https://kith.com/products/khma030370-483-ph
8286761386112,Kith for the New York Yankees Oxford Deon Overshirt - Equilibrium - PH,khma030370-483-ph,Kith,Placeholder,45144354291840,L,2000372830,195.0,False,,https://kith.com/products/khma030370-483-ph
8286761386112,Kith for the New York Yankees Oxford Deon Overshirt - Equilibrium - PH,khma030370-483-ph,Kith,Placeholder,45144354324608,XL,2000372831,195.0,False,,https://kith.com/products/khma030370-483-ph
8286761386112,Kith for the New York Yankees Oxford Deon Overshirt - Equilibrium - PH,khma030370-483-ph,Kith,Placeholder,45144354357376,XXL,2000372832,195.0,False,,https://kith.com/products/khma030370-483-ph
8286759944320,Jordan Air Jordan 7 - Phantom / Lime Blast,jbiv6508-030,Jordan,High Top Sneakers,45144329977984,3,14304170,215.0,False,,https://kith.com/products/jbiv6508-030
8286759944320,Jordan Air Jordan 7 - Phantom / Lime Blast,jbiv6508-030,Jordan,High Top Sneakers,45144330010752,3.5,14304171,215.0,False,,https://kith.com/products/jbiv6508-030
8286759944320,Jordan Air Jordan 7 - Phantom / Lime Blast,jbiv6508-030,Jordan,High Top Sneakers,45144330043520,4,14304172,215.0,False,,https://kith.com/products/jbiv6508-030
8286759944320,Jordan Air Jordan 7 - Phantom / Lime Blast,jbiv6508-030,Jordan,High Top Sneakers,45144330076288,4.5,14304173,215.0,False,,https://kith.com/products/jbiv6508-030
8286759944320,Jordan Air Jordan 7 - Phantom / Lime Blast,jbiv6508-030,Jordan,High Top Sneakers,45144330109056,5,14304174,215.0,False,,https://kith.com/products/jbiv6508-030
8286759944320,Jordan Air Jordan 7 - Phantom / Lime Blast,jbiv6508-030,Jordan,High Top Sneakers,45144330141824,5.5,14304175,215.0,False,,https://kith.com/products/jbiv6508-030
8286759944320,Jordan Air Jordan 7 - Phantom / Lime Blast,jbiv6508-030,Jordan,High Top Sneakers,45144330174592,6,14304176,215.0,False,,https://kith.com/products/jbiv6508-030
8286759944320,Jordan Air Jordan 7 - Phantom / Lime Blast,jbiv6508-030,Jordan,High Top Sneakers,45144330207360,6.5,14304177,215.0,False,,https://kith.com/products/jbiv6508-030
8286759944320,Jordan Air Jordan 7 - Phantom / Lime Blast,jbiv6508-030,Jordan,High Top Sneakers,45144330240128,7,198963427207,215.0,True,,https://kith.com/products/jbiv6508-030
8286759944320,Jordan Air Jordan 7 - Phantom / Lime Blast,jbiv6508-030,Jordan,High Top Sneakers,45144330272896,7.5,198963427139,215.0,True,,https://kith.com/products/jbiv6508-030
8286759944320,Jordan Air Jordan 7 - Phantom / Lime Blast,jbiv6508-030,Jordan,High Top Sneakers,45144330305664,8,198963427221,215.0,True,,https://kith.com/products/jbiv6508-030
8286759944320,Jordan Air Jordan 7 - Phantom / Lime Blast,jbiv6508-030,Jordan,High Top Sneakers,45144330338432,8.5,198963426620,215.0,True,,https://kith.com/products/jbiv6508-030
8286759944320,Jordan Air Jordan 7 - Phantom / Lime Blast,jbiv6508-030,Jordan,High Top Sneakers,45144330371200,9,198963426668,215.0,True,,https://kith.com/products/jbiv6508-030
8286759944320,Jordan Air Jordan 7 - Phantom / Lime Blast,jbiv6508-030,Jordan,High Top Sneakers,45144330403968,9.5,198963427078,215.0,True,,https://kith.com/products/jbiv6508-030
8286759944320,Jordan Air Jordan 7 - Phantom / Lime Blast,jbiv6508-030,Jordan,High Top Sneakers,45144330436736,10,198963427238,215.0,True,,https://kith.com/products/jbiv6508-030
8286759944320,Jordan Air Jordan 7 - Phantom / Lime Blast,jbiv6508-030,Jordan,High Top Sneakers,45144330469504,10.5,198963427269,215.0,True,,https://kith.com/products/jbiv6508-030
8286759944320,Jordan Air Jordan 7 - Phantom / Lime Blast,jbiv6508-030,Jordan,High Top Sneakers,45144330502272,11,198963427306,215.0,True,,https://kith.com/products/jbiv6508-030
8286759944320,Jordan Air Jordan 7 - Phantom / Lime Blast,jbiv6508-030,Jordan,High Top Sneakers,45144330535040,11.5,198963426422,215.0,True,,https://kith.com/products/jbiv6508-030
8286759944320,Jordan Air Jordan 7 - Phantom / Lime Blast,jbiv6508-030,Jordan,High Top Sneakers,45144330567808,12,198963427191,215.0,True,,https://kith.com/products/jbiv6508-030
8286759944320,Jordan Air Jordan 7 - Phantom / Lime Blast,jbiv6508-030,Jordan,High Top Sneakers,45144330600576,12.5,198963426279,215.0,False,,https://kith.com/products/jbiv6508-030
8286759944320,Jordan Air Jordan 7 - Phantom / Lime Blast,jbiv6508-030,Jordan,High Top Sneakers,45144330633344,13,198963427030,215.0,True,,https://kith.com/products/jbiv6508-030
8286759944320,Jordan Air Jordan 7 - Phantom / Lime Blast,jbiv6508-030,Jordan,High Top Sneakers,45144330666112,13.5,14304191,215.0,False,,https://kith.com/products/jbiv6508-030
8286759944320,Jordan Air Jordan 7 - Phantom / Lime Blast,jbiv6508-030,Jordan,High Top Sneakers,45144330698880,14,198963426446,215.0,False,,https://kith.com/products/jbiv6508-030
8286759944320,Jordan Air Jordan 7 - Phantom / Lime Blast,jbiv6508-030,Jordan,High Top Sneakers,45144330731648,14.5,14304193,215.0,False,,https://kith.com/products/jbiv6508-030
8286759944320,Jordan Air Jordan 7 - Phantom / Lime Blast,jbiv6508-030,Jordan,High Top Sneakers,45144330764416,15,198963427009,215.0,False,,https://kith.com/products/jbiv6508-030
8286759944320,Jordan Air Jordan 7 - Phantom / Lime Blast,jbiv6508-030,Jordan,High Top Sneakers,45144330797184,15.5,14304195,215.0,False,,https://kith.com/products/jbiv6508-030
8286759944320,Jordan Air Jordan 7 - Phantom / Lime Blast,jbiv6508-030,Jordan,High Top Sneakers,45144330829952,16,198963426590,215.0,False,,https://kith.com/products/jbiv6508-030
8286759944320,Jordan Air Jordan 7 - Phantom / Lime Blast,jbiv6508-030,Jordan,High Top Sneakers,45144330862720,16.5,14304197,215.0,False,,https://kith.com/products/jbiv6508-030
8286759944320,Jordan Air Jordan 7 - Phantom / Lime Blast,jbiv6508-030,Jordan,High Top Sneakers,45144330895488,17,198963427276,215.0,False,,https://kith.com/products/jbiv6508-030
8286759944320,Jordan Air Jordan 7 - Phantom / Lime Blast,jbiv6508-030,Jordan,High Top Sneakers,45144330928256,18,198963426460,215.0,False,,https://kith.com/products/jbiv6508-030
8286748901504,Kith for the New York Yankees Keychain & Pennant Blind Box - Multi,khla150162-9999,Kith,Keychains,45144164696192,OS,2000454955,35.0,True,,https://kith.com/products/khla150162-9999
8286746673280,Kith & '47 for the New York Yankees Sun Faded Franchise LS Cap - Buzz,khma050113-8020,Kith,Fitted Caps,45144089428096,XS (6 3/4),2000414527,65.0,False,,https://kith.com/products/khma050113-8020
8286746673280,Kith & '47 for the New York Yankees Sun Faded Franchise LS Cap - Buzz,khma050113-8020,Kith,Fitted Caps,45144089460864,S (6 7/8 - 7),2000414528,65.0,True,,https://kith.com/products/khma050113-8020
8286746673280,Kith & '47 for the New York Yankees Sun Faded Franchise LS Cap - Buzz,khma050113-8020,Kith,Fitted Caps,45144089493632,M (7 - 7 1/8),2000414529,65.0,True,,https://kith.com/products/khma050113-8020
8286746673280,Kith & '47 for the New York Yankees Sun Faded Franchise LS Cap - Buzz,khma050113-8020,Kith,Fitted Caps,45144089526400,L (7 1/4),2000414530,65.0,True,,https://kith.com/products/khma050113-8020
8286746673280,Kith & '47 for the New York Yankees Sun Faded Franchise LS Cap - Buzz,khma050113-8020,Kith,Fitted Caps,45144089559168,XL (7 3/8 - 7 5/8),2000414531,65.0,True,,https://kith.com/products/khma050113-8020
8286746673280,Kith & '47 for the New York Yankees Sun Faded Franchise LS Cap - Buzz,khma050113-8020,Kith,Fitted Caps,45144089591936,XXL (7 5/8 - 7 3/4),2000414532,65.0,True,,https://kith.com/products/khma050113-8020
8286746640512,Kith for the New York Yankees Cap Terracotta Plant Holder - Multi,khl151084-906,Kith,Lifestyle,45144089395328,OS,2000327560,95.0,True,,https://kith.com/products/khl151084-906
8286746607744,Kith for the New York Yankees World Series Tapestry Blanket - Nocturnal,khla180072-413,Kith,Lifestyle,45144089329792,OS,2000374135,175.0,True,,https://kith.com/products/khla180072-413
8286746574976,Kith & '47 for the New York Yankees Ballpark Offside DT Cap - Sandrift,khma050119-104,Kith,Caps,45144089297024,OS,2000373837,60.0,False,,https://kith.com/products/khma050119-104
8286746542208,Kith & '47 for the New York Yankees Corduroy Curve Clean Up Cap - Nocturnal,khma050118-413,Kith,Caps,45144089362560,OS,2000373838,60.0,True,,https://kith.com/products/khma050118-413
8286746509440,Kith & '47 for the New York Yankees Ballpark Offside DT Cap - Nocturnal,khma050119-413,Kith,Caps,45144089264256,OS,2000373836,60.0,True,,https://kith.com/products/khma050119-413
8286746476672,Kith & '47 for the New York Yankees Clean Up Duck Canvas Long Visor Cap - Sandrift,khma050114-104,Kith,Caps,45144089198720,OS,2000373840,60.0,True,,https://kith.com/products/khma050114-104
8286746443904,Kith for the New York Yankees Baseball Glove Catchall Tray - Multi,khla150124-906,Kith,Lifestyle,45144089231488,OS,2000374131,55.0,False,,https://kith.com/products/khla150124-906
8286746411136,Kith for the New York Yankees Leather Baseball Pouch - Sandrift,khla340072-104,Kith,Bags,45144089165952,OS,2000373901,95.0,True,,https://kith.com/products/khla340072-104
8286746378368,Kith for the New York Yankees Silk Foulard Tie - Skyscraper,khma150072-2033,Kith,Ties,45144089133184,OS,2000373891,75.0,True,,https://kith.com/products/khma150072-2033
8286746345600,Kith & '47 for the New York Yankees Sun Faded Franchise LS Cap - Marquee,khma050113-7067,Kith,Fitted Caps,45144088936576,XS (6 3/4),2000373861,65.0,False,,https://kith.com/products/khma050113-7067
8286746345600,Kith & '47 for the New York Yankees Sun Faded Franchise LS Cap - Marquee,khma050113-7067,Kith,Fitted Caps,45144088969344,S (6 7/8 - 7),2000373862,65.0,True,,https://kith.com/products/khma050113-7067
8286746345600,Kith & '47 for the New York Yankees Sun Faded Franchise LS Cap - Marquee,khma050113-7067,Kith,Fitted Caps,45144089002112,M (7 - 7 1/8),2000373863,65.0,True,,https://kith.com/products/khma050113-7067
8286746345600,Kith & '47 for the New York Yankees Sun Faded Franchise LS Cap - Marquee,khma050113-7067,Kith,Fitted Caps,45144089034880,L (7 1/4),2000373864,65.0,True,,https://kith.com/products/khma050113-7067
8286746345600,Kith & '47 for the New York Yankees Sun Faded Franchise LS Cap - Marquee,khma050113-7067,Kith,Fitted Caps,45144089067648,XL (7 3/8 - 7 5/8),2000373865,65.0,True,,https://kith.com/products/khma050113-7067
8286746345600,Kith & '47 for the New York Yankees Sun Faded Franchise LS Cap - Marquee,khma050113-7067,Kith,Fitted Caps,45144089100416,XXL (7 5/8 - 7 3/4),2000373866,65.0,True,,https://kith.com/products/khma050113-7067
8286746312832,Kith for the New York Yankees Bumper Sticker - Multi,khla150137-906,Kith,Lifestyle,45144088903808,OS,2000374125,10.0,True,,https://kith.com/products/khla150137-906
8286746280064,Kith & '47 for the New York Yankees Sun Faded Franchise LS Cap - Black,khma050113-001,Kith,Fitted Caps,45144088707200,XS (6 3/4),2000373885,65.0,False,,https://kith.com/products/khma050113-001
8286746280064,Kith & '47 for the New York Yankees Sun Faded Franchise LS Cap - Black,khma050113-001,Kith,Fitted Caps,45144088739968,S (6 7/8 - 7),2000373886,65.0,True,,https://kith.com/products/khma050113-001
8286746280064,Kith & '47 for the New York Yankees Sun Faded Franchise LS Cap - Black,khma050113-001,Kith,Fitted Caps,45144088772736,M (7 - 7 1/8),2000373887,65.0,True,,https://kith.com/products/khma050113-001
8286746280064,Kith & '47 for the New York Yankees Sun Faded Franchise LS Cap - Black,khma050113-001,Kith,Fitted Caps,45144088805504,L (7 1/4),2000373888,65.0,True,,https://kith.com/products/khma050113-001
8286746280064,Kith & '47 for the New York Yankees Sun Faded Franchise LS Cap - Black,khma050113-001,Kith,Fitted Caps,45144088838272,XL (7 3/8 - 7 5/8),2000373889,65.0,True,,https://kith.com/products/khma050113-001
8286746280064,Kith & '47 for the New York Yankees Sun Faded Franchise LS Cap - Black,khma050113-001,Kith,Fitted Caps,45144088871040,XXL (7 5/8 - 7 3/4),2000373890,65.0,True,,https://kith.com/products/khma050113-001
8286746247296,Kith for the New York Yankees Set of 6 Pin Set - Multi,khla310073-906,Kith,Lifestyle,45144088674432,OS,2000374129,45.0,False,,https://kith.com/products/khla310073-906
8286746214528,Kith & '47 for the New York Yankees Double-Face Wool Drivers Cap - Sandrift,khm051593-104,Kith,Caps,45144088641664,OS,2000440163,75.0,True,,https://kith.com/products/khm051593-104
8286746181760,Kith & '47 for the New York Yankees Wool K Clean Up Cap - Nocturnal,khma050115-413,Kith,Caps,45144088608896,OS,2000373839,60.0,True,,https://kith.com/products/khma050115-413
8286746148992,Kith & '47 for the New York Yankees Sun Faded Franchise LS Cap - Kelly,khma050113-4041,Kith,Fitted Caps,45144088412288,XS (6 3/4),2000373849,65.0,False,,https://kith.com/products/khma050113-4041
8286746148992,Kith & '47 for the New York Yankees Sun Faded Franchise LS Cap - Kelly,khma050113-4041,Kith,Fitted Caps,45144088445056,S (6 7/8 - 7),2000373850,65.0,True,,https://kith.com/products/khma050113-4041
8286746148992,Kith & '47 for the New York Yankees Sun Faded Franchise LS Cap - Kelly,khma050113-4041,Kith,Fitted Caps,45144088477824,M (7 - 7 1/8),2000373851,65.0,True,,https://kith.com/products/khma050113-4041
8286746148992,Kith & '47 for the New York Yankees Sun Faded Franchise LS Cap - Kelly,khma050113-4041,Kith,Fitted Caps,45144088510592,L (7 1/4),2000373852,65.0,True,,https://kith.com/products/khma050113-4041
8286746148992,Kith & '47 for the New York Yankees Sun Faded Franchise LS Cap - Kelly,khma050113-4041,Kith,Fitted Caps,45144088543360,XL (7 3/8 - 7 5/8),2000373853,65.0,False,,https://kith.com/products/khma050113-4041
8286746148992,Kith & '47 for the New York Yankees Sun Faded Franchise LS Cap - Kelly,khma050113-4041,Kith,Fitted Caps,45144088576128,XXL (7 5/8 - 7 3/4),2000373854,65.0,False,,https://kith.com/products/khma050113-4041
8286746116224,Kith for the New York Yankees Printed Silk Bandana - Sandrift,khma130072-104,Kith,Scarves,45144088379520,OS,2000373829,55.0,False,,https://kith.com/products/khma130072-104
8286746083456,Kith & '47 for the New York Yankees Sun Faded Franchise LS Cap - Nocturnal,khma050113-413,Kith,Fitted Caps,45144088182912,XS (6 3/4),2000373843,65.0,False,,https://kith.com/products/khma050113-413
8286746083456,Kith & '47 for the New York Yankees Sun Faded Franchise LS Cap - Nocturnal,khma050113-413,Kith,Fitted Caps,45144088215680,S (6 7/8 - 7),2000373844,65.0,True,,https://kith.com/products/khma050113-413
8286746083456,Kith & '47 for the New York Yankees Sun Faded Franchise LS Cap - Nocturnal,khma050113-413,Kith,Fitted Caps,45144088248448,M (7 - 7 1/8),2000373845,65.0,True,,https://kith.com/products/khma050113-413
8286746083456,Kith & '47 for the New York Yankees Sun Faded Franchise LS Cap - Nocturnal,khma050113-413,Kith,Fitted Caps,45144088281216,L (7 1/4),2000373846,65.0,True,,https://kith.com/products/khma050113-413
8286746083456,Kith & '47 for the New York Yankees Sun Faded Franchise LS Cap - Nocturnal,khma050113-413,Kith,Fitted Caps,45144088313984,XL (7 3/8 - 7 5/8),2000373847,65.0,True,,https://kith.com/products/khma050113-413
8286746083456,Kith & '47 for the New York Yankees Sun Faded Franchise LS Cap - Nocturnal,khma050113-413,Kith,Fitted Caps,45144088346752,XXL (7 5/8 - 7 3/4),2000373848,65.0,True,,https://kith.com/products/khma050113-413
8286746050688,Kith & ‘47 for the New York Yankees Sun Faded Franchise LS Cap - Solitaire,khma050113-6025,Kith,Fitted Caps,45144087986304,XS (6 3/4),2000373873,65.0,False,,https://kith.com/products/khma050113-6025
8286746050688,Kith & ‘47 for the New York Yankees Sun Faded Franchise LS Cap - Solitaire,khma050113-6025,Kith,Fitted Caps,45144088019072,S (6 7/8 - 7),2000373874,65.0,True,,https://kith.com/products/khma050113-6025
8286746050688,Kith & ‘47 for the New York Yankees Sun Faded Franchise LS Cap - Solitaire,khma050113-6025,Kith,Fitted Caps,45144088051840,M (7 - 7 1/8),2000373875,65.0,True,,https://kith.com/products/khma050113-6025
8286746050688,Kith & ‘47 for the New York Yankees Sun Faded Franchise LS Cap - Solitaire,khma050113-6025,Kith,Fitted Caps,45144088084608,L (7 1/4),2000373876,65.0,True,,https://kith.com/products/khma050113-6025
8286746050688,Kith & ‘47 for the New York Yankees Sun Faded Franchise LS Cap - Solitaire,khma050113-6025,Kith,Fitted Caps,45144088117376,XL (7 3/8 - 7 5/8),2000373877,65.0,True,,https://kith.com/products/khma050113-6025
8286746050688,Kith & ‘47 for the New York Yankees Sun Faded Franchise LS Cap - Solitaire,khma050113-6025,Kith,Fitted Caps,45144088150144,XXL (7 5/8 - 7 3/4),2000373878,65.0,False,,https://kith.com/products/khma050113-6025
8286746017920,Kith & ‘47 for the New York Yankees Sun Faded Franchise LS Cap - Garnet,khma050113-7068,Kith,Fitted Caps,45144087789696,XS (6 3/4),2000373867,65.0,False,,https://kith.com/products/khma050113-7068
8286746017920,Kith & ‘47 for the New York Yankees Sun Faded Franchise LS Cap - Garnet,khma050113-7068,Kith,Fitted Caps,45144087822464,S (6 7/8 - 7),2000373868,65.0,True,,https://kith.com/products/khma050113-7068
8286746017920,Kith & ‘47 for the New York Yankees Sun Faded Franchise LS Cap - Garnet,khma050113-7068,Kith,Fitted Caps,45144087855232,M (7 - 7 1/8),2000373869,65.0,True,,https://kith.com/products/khma050113-7068
8286746017920,Kith & ‘47 for the New York Yankees Sun Faded Franchise LS Cap - Garnet,khma050113-7068,Kith,Fitted Caps,45144087888000,L (7 1/4),2000373870,65.0,True,,https://kith.com/products/khma050113-7068
8286746017920,Kith & ‘47 for the New York Yankees Sun Faded Franchise LS Cap - Garnet,khma050113-7068,Kith,Fitted Caps,45144087920768,XL (7 3/8 - 7 5/8),2000373871,65.0,True,,https://kith.com/products/khma050113-7068
8286746017920,Kith & ‘47 for the New York Yankees Sun Faded Franchise LS Cap - Garnet,khma050113-7068,Kith,Fitted Caps,45144087953536,XXL (7 5/8 - 7 3/4),2000373872,65.0,True,,https://kith.com/products/khma050113-7068
8286745985152,Kith for the New York Yankees Pennant Flag - Nocturnal,khla150121-413,Kith,Lifestyle,45144087756928,OS,2000373899,15.0,True,,https://kith.com/products/khla150121-413
8286745952384,Kith for the New York Yankees Slim Zippo Lighter - Gold,khla150127-914,Kith,Lifestyle,45144087724160,OS,2000374134,55.0,False,,https://kith.com/products/khla150127-914
8286745919616,Kith for the New York Yankees Fridge Magnet - Multi,khla150139-906,Kith,Lifestyle,45144087691392,OS,2000374127,20.0,True,,https://kith.com/products/khla150139-906
8286745886848,Kith for the New York Yankees Baseball Cap Leather Pouch - Sandrift,khla340073-104,Kith,Bags,45144087658624,OS,2000373900,95.0,True,,https://kith.com/products/khla340073-104
8286745854080,Kith for the New York Yankees Rug - Multi,khla270079-906,Kith,Lifestyle,45144087625856,OS,2000374132,225.0,True,,https://kith.com/products/khla270079-906
8286745821312,Kith for the New York Yankees Silk Pinstripe Tie - Nocturnal,khma150071-413,Kith,Ties,45144087560320,OS,2000373892,75.0,True,,https://kith.com/products/khma150071-413
8286745788544,Kith for the New York Yankees Baseball & Bat Keychain - Multi,khla150125-906,Kith,Keychains,45144087527552,OS,2000374130,30.0,True,,https://kith.com/products/khla150125-906
8286745755776,Kith for the New York Yankees Vinyl Sticker - Multi,khla150133-906,Kith,Lifestyle,45144087593088,OS,2000374126,10.0,True,,https://kith.com/products/khla150133-906
8286745723008,Kith for the New York Yankees Leather Domino Set - Nocturnal,khla270076-413,Kith,Lifestyle,45144087494784,OS,2000373902,345.0,True,,https://kith.com/products/khla270076-413
8286745690240,Kith for the New York Yankees Slim Zippo Lighter - Silver,khla150127-910,Kith,Lifestyle,45144087462016,OS,2000374133,55.0,False,,https://kith.com/products/khla150127-910
8286745657472,Kith for the New York Yankees Wall Clock - Sandrift,khla150206,Kith,Decor & Accessories,45144087429248,OS,2000374437,90.0,True,,https://kith.com/products/khla150206
8286745591936,Kith for the New York Yankees Fridge Magnet - Multi,khla150138-906,Kith,Lifestyle,45144087363712,OS,2000374128,20.0,True,,https://kith.com/products/khla150138-906
8286745526400,Kith & Rawlings for the New York Yankees Commemorative Baseball - Sandrift,rawr00752685,Kith,Lifestyle,45144087298176,OS,2000376076,30.0,False,,https://kith.com/products/rawr00752685
8286745493632,Kith for the New York Yankees Teddy Bear - Skyscraper,khla270080-2033,Kith,Lifestyle,45144087134336,OS,2000388290,85.0,True,,https://kith.com/products/khla270080-2033
8286745460864,Kith & Franklin for the New York Yankees CFX Pro Gloves - Multi,bb10182114,Kith,Gloves,45144087167104,S,2000374837,95.0,False,,https://kith.com/products/bb10182114
8286745460864,Kith & Franklin for the New York Yankees CFX Pro Gloves - Multi,bb10182114,Kith,Gloves,45144087199872,M,2000374838,95.0,True,,https://kith.com/products/bb10182114
8286745460864,Kith & Franklin for the New York Yankees CFX Pro Gloves - Multi,bb10182114,Kith,Gloves,45144087232640,L,2000374839,95.0,True,,https://kith.com/products/bb10182114
8286745460864,Kith & Franklin for the New York Yankees CFX Pro Gloves - Multi,bb10182114,Kith,Gloves,45144087265408,XL,2000374840,95.0,False,,https://kith.com/products/bb10182114
8286745428096,Kith for the New York Yankees Teddy Bear - Sandrift,khla270080-104,Kith,Lifestyle,45144087101568,OS,2000388289,85.0,False,,https://kith.com/products/khla270080-104
8286745395328,Kith & '47 for the New York Yankees Clean Up Round Visor Cap - Retro,khma050116-610,Kith,Caps,45144086872192,OS,2000413917,60.0,True,,https://kith.com/products/khma050116-610
8286745362560,Kith & '47 for the New York Yankees Heavy Twill Franchise LS Cap - Retro,khma050318-610,Kith,Fitted Caps,45144086904960,XS (6 3/4),2000415383,65.0,False,,https://kith.com/products/khma050318-610
8286745362560,Kith & '47 for the New York Yankees Heavy Twill Franchise LS Cap - Retro,khma050318-610,Kith,Fitted Caps,45144086937728,S (6 7/8 - 7),2000415384,65.0,True,,https://kith.com/products/khma050318-610
8286745362560,Kith & '47 for the New York Yankees Heavy Twill Franchise LS Cap - Retro,khma050318-610,Kith,Fitted Caps,45144086970496,M (7 - 7 1/8),2000415385,65.0,True,,https://kith.com/products/khma050318-610
8286745362560,Kith & '47 for the New York Yankees Heavy Twill Franchise LS Cap - Retro,khma050318-610,Kith,Fitted Caps,45144087003264,L (7 1/4),2000415386,65.0,True,,https://kith.com/products/khma050318-610
8286745362560,Kith & '47 for the New York Yankees Heavy Twill Franchise LS Cap - Retro,khma050318-610,Kith,Fitted Caps,45144087036032,XL (7 3/8 - 7 5/8),2000415387,65.0,True,,https://kith.com/products/khma050318-610
8286745362560,Kith & '47 for the New York Yankees Heavy Twill Franchise LS Cap - Retro,khma050318-610,Kith,Fitted Caps,45144087068800,XXL (7 5/8 - 7 3/4),2000415388,65.0,True,,https://kith.com/products/khma050318-610
8286745329792,Kith & '47 for the New York Yankees Clean Up Round Visor Cap - Buzz,khma050116-8020,Kith,Caps,45144086839424,OS,2000413918,60.0,True,,https://kith.com/products/khma050116-8020
8286745297024,Kith & '47 for the New York Yankees Heavy Twill Franchise LS Cap - Kelly,khma050318-4041,Kith,Fitted Caps,45144086642816,XS (6 3/4),2000415389,65.0,False,,https://kith.com/products/khma050318-4041
8286745297024,Kith & '47 for the New York Yankees Heavy Twill Franchise LS Cap - Kelly,khma050318-4041,Kith,Fitted Caps,45144086675584,S (6 7/8 - 7),2000415390,65.0,True,,https://kith.com/products/khma050318-4041
8286745297024,Kith & '47 for the New York Yankees Heavy Twill Franchise LS Cap - Kelly,khma050318-4041,Kith,Fitted Caps,45144086708352,M (7 - 7 1/8),2000415391,65.0,True,,https://kith.com/products/khma050318-4041
8286745297024,Kith & '47 for the New York Yankees Heavy Twill Franchise LS Cap - Kelly,khma050318-4041,Kith,Fitted Caps,45144086741120,L (7 1/4),2000415392,65.0,True,,https://kith.com/products/khma050318-4041
8286745297024,Kith & '47 for the New York Yankees Heavy Twill Franchise LS Cap - Kelly,khma050318-4041,Kith,Fitted Caps,45144086773888,XL (7 3/8 - 7 5/8),2000415393,65.0,True,,https://kith.com/products/khma050318-4041
8286745297024,Kith & '47 for the New York Yankees Heavy Twill Franchise LS Cap - Kelly,khma050318-4041,Kith,Fitted Caps,45144086806656,XXL (7 5/8 - 7 3/4),2000415394,65.0,True,,https://kith.com/products/khma050318-4041
8286740250752,MADE-TO-ORDER | Kith & Kasra Rugs for the New York Yankees 4' x 6' Hand-Knotted Rug - Nocturnal,kr-wb-4x6,Kith,Decor & Accessories,45144053055616,OS,2000447190,1000.0,True,,https://kith.com/products/kr-wb-4x6
8286740217984,MADE-TO-ORDER | Kith & Kasra Rugs for the New York Yankees 3' x 5' Hand-Knotted Rug - Nocturnal,kr-wb-3x5,Kith,Decor & Accessories,45144053022848,OS,2000447191,600.0,True,,https://kith.com/products/kr-wb-3x5
8286740185216,MADE-TO-ORDER | Kith & Kasra Rugs for the New York Yankees 5' x 8' Hand-Knotted Rug - Multi,kr-wr-5x8,Kith,Decor & Accessories,45144052990080,OS,2000447195,1750.0,True,,https://kith.com/products/kr-wr-5x8
8286740152448,MADE-TO-ORDER | Kith & Kasra Rugs for the New York Yankees 8' x 10' Hand-Knotted Rug - Nocturnal,kr-wb-8x10,Kith,Decor & Accessories,45144052957312,OS,2000447194,3000.0,True,,https://kith.com/products/kr-wb-8x10
8286740119680,MADE-TO-ORDER | Kith & Kasra Rugs for the New York Yankees 4' x 6' Hand-Knotted Rug - Multi,kr-wr-4x6,Kith,Decor & Accessories,45144052924544,OS,2000447189,1000.0,True,,https://kith.com/products/kr-wr-4x6
8286740086912,MADE-TO-ORDER | Kith & Kasra Rugs for the New York Yankees 8' x 10' Hand-Knotted Rug - Multi,kr-wr-8x10,Kith,Decor & Accessories,45144052891776,OS,2000447193,3000.0,True,,https://kith.com/products/kr-wr-8x10
8286740054144,MADE-TO-ORDER | Kith & Kasra Rugs for the New York Yankees 5' x 8' Hand-Knotted Rug - Nocturnal,kr-wb-5x8,Kith,Decor & Accessories,45144052859008,OS,2000447196,1750.0,True,,https://kith.com/products/kr-wb-5x8
8286740021376,MADE-TO-ORDER | Kith & Kasra Rugs for the New York Yankees 3' x 5' Hand-Knotted Rug - Multi,kr-wr-3x5,Kith,Decor & Accessories,45144052826240,OS,2000447192,600.0,True,,https://kith.com/products/kr-wr-3x5
8285989077120,Kith for the New York Yankees Cookie Cutter - Nocturnal,khl150821-413,Kith,Lifestyle,45136910876800,OS,2000264037,15.0,True,,https://kith.com/products/khl150821-413
8286750244992,adidas x Pharrell Williams Water Moc - Lucid Ray Blue / Silver Metallic / Aurora Onix,aalb2845,adidas,Low Top Sneakers,45144256381056,3,10884634,140.0,False,,https://kith.com/products/aalb2845
8286750244992,adidas x Pharrell Williams Water Moc - Lucid Ray Blue / Silver Metallic / Aurora Onix,aalb2845,adidas,Low Top Sneakers,45144256413824,3.5,10884635,140.0,False,,https://kith.com/products/aalb2845
8286750244992,adidas x Pharrell Williams Water Moc - Lucid Ray Blue / Silver Metallic / Aurora Onix,aalb2845,adidas,Low Top Sneakers,45144256446592,4,10884636,140.0,False,,https://kith.com/products/aalb2845
8286750244992,adidas x Pharrell Williams Water Moc - Lucid Ray Blue / Silver Metallic / Aurora Onix,aalb2845,adidas,Low Top Sneakers,45144256479360,4.5,10884637,140.0,False,,https://kith.com/products/aalb2845
8286750244992,adidas x Pharrell Williams Water Moc - Lucid Ray Blue / Silver Metallic / Aurora Onix,aalb2845,adidas,Low Top Sneakers,45144256512128,5,10884638,140.0,False,,https://kith.com/products/aalb2845
8286750244992,adidas x Pharrell Williams Water Moc - Lucid Ray Blue / Silver Metallic / Aurora Onix,aalb2845,adidas,Low Top Sneakers,45144256544896,5.5,10884639,140.0,False,,https://kith.com/products/aalb2845
8286750244992,adidas x Pharrell Williams Water Moc - Lucid Ray Blue / Silver Metallic / Aurora Onix,aalb2845,adidas,Low Top Sneakers,45144256577664,6,10884640,140.0,False,,https://kith.com/products/aalb2845
8286750244992,adidas x Pharrell Williams Water Moc - Lucid Ray Blue / Silver Metallic / Aurora Onix,aalb2845,adidas,Low Top Sneakers,45144256610432,6.5,10884641,140.0,False,,https://kith.com/products/aalb2845
8286750244992,adidas x Pharrell Williams Water Moc - Lucid Ray Blue / Silver Metallic / Aurora Onix,aalb2845,adidas,Low Top Sneakers,45144256643200,7,10884642,140.0,False,,https://kith.com/products/aalb2845
8286750244992,adidas x Pharrell Williams Water Moc - Lucid Ray Blue / Silver Metallic / Aurora Onix,aalb2845,adidas,Low Top Sneakers,45144256675968,7.5,10884643,140.0,False,,https://kith.com/products/aalb2845
8286750244992,adidas x Pharrell Williams Water Moc - Lucid Ray Blue / Silver Metallic / Aurora Onix,aalb2845,adidas,Low Top Sneakers,45144256708736,8,10884644,140.0,True,,https://kith.com/products/aalb2845
8286750244992,adidas x Pharrell Williams Water Moc - Lucid Ray Blue / Silver Metallic / Aurora Onix,aalb2845,adidas,Low Top Sneakers,45144256741504,8.5,10884645,140.0,True,,https://kith.com/products/aalb2845
8286750244992,adidas x Pharrell Williams Water Moc - Lucid Ray Blue / Silver Metallic / Aurora Onix,aalb2845,adidas,Low Top Sneakers,45144256774272,9,10884646,140.0,True,,https://kith.com/products/aalb2845
8286750244992,adidas x Pharrell Williams Water Moc - Lucid Ray Blue / Silver Metallic / Aurora Onix,aalb2845,adidas,Low Top Sneakers,45144256807040,9.5,10884647,140.0,True,,https://kith.com/products/aalb2845
8286750244992,adidas x Pharrell Williams Water Moc - Lucid Ray Blue / Silver Metallic / Aurora Onix,aalb2845,adidas,Low Top Sneakers,45144256839808,10,10884648,140.0,True,,https://kith.com/products/aalb2845
8286750244992,adidas x Pharrell Williams Water Moc - Lucid Ray Blue / Silver Metallic / Aurora Onix,aalb2845,adidas,Low Top Sneakers,45144256872576,10.5,10884649,140.0,True,,https://kith.com/products/aalb2845
8286750244992,adidas x Pharrell Williams Water Moc - Lucid Ray Blue / Silver Metallic / Aurora Onix,aalb2845,adidas,Low Top Sneakers,45144256905344,11,10884650,140.0,True,,https://kith.com/products/aalb2845
8286750244992,adidas x Pharrell Williams Water Moc - Lucid Ray Blue / Silver Metallic / Aurora Onix,aalb2845,adidas,Low Top Sneakers,45144256938112,11.5,10884651,140.0,True,,https://kith.com/products/aalb2845
8286750244992,adidas x Pharrell Williams Water Moc - Lucid Ray Blue / Silver Metallic / Aurora Onix,aalb2845,adidas,Low Top Sneakers,45144256970880,12,10884652,140.0,True,,https://kith.com/products/aalb2845
8286750244992,adidas x Pharrell Williams Water Moc - Lucid Ray Blue / Silver Metallic / Aurora Onix,aalb2845,adidas,Low Top Sneakers,45144257003648,12.5,10884653,140.0,False,,https://kith.com/products/aalb2845
8286750244992,adidas x Pharrell Williams Water Moc - Lucid Ray Blue / Silver Metallic / Aurora Onix,aalb2845,adidas,Low Top Sneakers,45144257036416,13,10884654,140.0,False,,https://kith.com/products/aalb2845
8286750244992,adidas x Pharrell Williams Water Moc - Lucid Ray Blue / Silver Metallic / Aurora Onix,aalb2845,adidas,Low Top Sneakers,45144257069184,13.5,10884655,140.0,False,,https://kith.com/products/aalb2845
8286750244992,adidas x Pharrell Williams Water Moc - Lucid Ray Blue / Silver Metallic / Aurora Onix,aalb2845,adidas,Low Top Sneakers,45144257101952,14,10884656,140.0,False,,https://kith.com/products/aalb2845
8286750244992,adidas x Pharrell Williams Water Moc - Lucid Ray Blue / Silver Metallic / Aurora Onix,aalb2845,adidas,Low Top Sneakers,45144257134720,14.5,10884657,140.0,False,,https://kith.com/products/aalb2845
8286750244992,adidas x Pharrell Williams Water Moc - Lucid Ray Blue / Silver Metallic / Aurora Onix,aalb2845,adidas,Low Top Sneakers,45144257167488,15,10884658,140.0,False,,https://kith.com/products/aalb2845
8286750244992,adidas x Pharrell Williams Water Moc - Lucid Ray Blue / Silver Metallic / Aurora Onix,aalb2845,adidas,Low Top Sneakers,45144257200256,15.5,10884659,140.0,False,,https://kith.com/products/aalb2845
8286750244992,adidas x Pharrell Williams Water Moc - Lucid Ray Blue / Silver Metallic / Aurora Onix,aalb2845,adidas,Low Top Sneakers,45144257233024,16,10884660,140.0,False,,https://kith.com/products/aalb2845
8286750244992,adidas x Pharrell Williams Water Moc - Lucid Ray Blue / Silver Metallic / Aurora Onix,aalb2845,adidas,Low Top Sneakers,45144257265792,16.5,10884661,140.0,False,,https://kith.com/products/aalb2845
8286750244992,adidas x Pharrell Williams Water Moc - Lucid Ray Blue / Silver Metallic / Aurora Onix,aalb2845,adidas,Low Top Sneakers,45144257298560,17,10884662,140.0,False,,https://kith.com/products/aalb2845
8286750244992,adidas x Pharrell Williams Water Moc - Lucid Ray Blue / Silver Metallic / Aurora Onix,aalb2845,adidas,Low Top Sneakers,45144257331328,18,10884663,140.0,False,,https://kith.com/products/aalb2845
8286750048384,Salomon XT-EVO - Black / Black / Asphalt,sall45404200,Salomon,Low Top Sneakers,45144249335936,3,98293717,200.0,False,,https://kith.com/products/sall45404200
8286750048384,Salomon XT-EVO - Black / Black / Asphalt,sall45404200,Salomon,Low Top Sneakers,45144249368704,3.5,98293718,200.0,False,,https://kith.com/products/sall45404200
8286750048384,Salomon XT-EVO - Black / Black / Asphalt,sall45404200,Salomon,Low Top Sneakers,45144249401472,4,98293719,200.0,False,,https://kith.com/products/sall45404200
8286750048384,Salomon XT-EVO - Black / Black / Asphalt,sall45404200,Salomon,Low Top Sneakers,45144249434240,4.5,98293720,200.0,False,,https://kith.com/products/sall45404200
8286750048384,Salomon XT-EVO - Black / Black / Asphalt,sall45404200,Salomon,Low Top Sneakers,45144249467008,5,98293721,200.0,False,,https://kith.com/products/sall45404200
8286750048384,Salomon XT-EVO - Black / Black / Asphalt,sall45404200,Salomon,Low Top Sneakers,45144249499776,5.5,98293722,200.0,False,,https://kith.com/products/sall45404200
8286750048384,Salomon XT-EVO - Black / Black / Asphalt,sall45404200,Salomon,Low Top Sneakers,45144249532544,6,98293723,200.0,False,,https://kith.com/products/sall45404200
8286750048384,Salomon XT-EVO - Black / Black / Asphalt,sall45404200,Salomon,Low Top Sneakers,45144249565312,6.5,98293041,200.0,False,,https://kith.com/products/sall45404200
8286750048384,Salomon XT-EVO - Black / Black / Asphalt,sall45404200,Salomon,Low Top Sneakers,45144249598080,7,98293042,200.0,False,,https://kith.com/products/sall45404200
8286750048384,Salomon XT-EVO - Black / Black / Asphalt,sall45404200,Salomon,Low Top Sneakers,45144249630848,7.5,98293043,200.0,False,,https://kith.com/products/sall45404200
8286750048384,Salomon XT-EVO - Black / Black / Asphalt,sall45404200,Salomon,Low Top Sneakers,45144249663616,8,98293044,200.0,True,,https://kith.com/products/sall45404200
8286750048384,Salomon XT-EVO - Black / Black / Asphalt,sall45404200,Salomon,Low Top Sneakers,45144249696384,8.5,98293045,200.0,True,,https://kith.com/products/sall45404200
8286750048384,Salomon XT-EVO - Black / Black / Asphalt,sall45404200,Salomon,Low Top Sneakers,45144249729152,9,98293046,200.0,True,,https://kith.com/products/sall45404200
8286750048384,Salomon XT-EVO - Black / Black / Asphalt,sall45404200,Salomon,Low Top Sneakers,45144249761920,9.5,98293047,200.0,True,,https://kith.com/products/sall45404200
8286750048384,Salomon XT-EVO - Black / Black / Asphalt,sall45404200,Salomon,Low Top Sneakers,45144249794688,10,98293035,200.0,True,,https://kith.com/products/sall45404200
8286750048384,Salomon XT-EVO - Black / Black / Asphalt,sall45404200,Salomon,Low Top Sneakers,45144249827456,10.5,98293036,200.0,True,,https://kith.com/products/sall45404200
8286750048384,Salomon XT-EVO - Black / Black / Asphalt,sall45404200,Salomon,Low Top Sneakers,45144249860224,11,98293037,200.0,True,,https://kith.com/products/sall45404200
8286750048384,Salomon XT-EVO - Black / Black / Asphalt,sall45404200,Salomon,Low Top Sneakers,45144249892992,11.5,98293038,200.0,True,,https://kith.com/products/sall45404200
8286750048384,Salomon XT-EVO - Black / Black / Asphalt,sall45404200,Salomon,Low Top Sneakers,45144249925760,12,98293039,200.0,True,,https://kith.com/products/sall45404200
8286750048384,Salomon XT-EVO - Black / Black / Asphalt,sall45404200,Salomon,Low Top Sneakers,45144249958528,12.5,98293040,200.0,False,,https://kith.com/products/sall45404200
8286750048384,Salomon XT-EVO - Black / Black / Asphalt,sall45404200,Salomon,Low Top Sneakers,45144249991296,13,98293724,200.0,False,,https://kith.com/products/sall45404200
8286750048384,Salomon XT-EVO - Black / Black / Asphalt,sall45404200,Salomon,Low Top Sneakers,45144250024064,13.5,98293725,200.0,False,,https://kith.com/products/sall45404200
8286750048384,Salomon XT-EVO - Black / Black / Asphalt,sall45404200,Salomon,Low Top Sneakers,45144250056832,14,98293726,200.0,False,,https://kith.com/products/sall45404200
8286750048384,Salomon XT-EVO - Black / Black / Asphalt,sall45404200,Salomon,Low Top Sneakers,45144250089600,14.5,98293727,200.0,False,,https://kith.com/products/sall45404200
8286750048384,Salomon XT-EVO - Black / Black / Asphalt,sall45404200,Salomon,Low Top Sneakers,45144250122368,15,98293728,200.0,False,,https://kith.com/products/sall45404200
8286750048384,Salomon XT-EVO - Black / Black / Asphalt,sall45404200,Salomon,Low Top Sneakers,45144250155136,15.5,98293729,200.0,False,,https://kith.com/products/sall45404200
8286750048384,Salomon XT-EVO - Black / Black / Asphalt,sall45404200,Salomon,Low Top Sneakers,45144250187904,16,98293730,200.0,False,,https://kith.com/products/sall45404200
8286750048384,Salomon XT-EVO - Black / Black / Asphalt,sall45404200,Salomon,Low Top Sneakers,45144250220672,16.5,98293731,200.0,False,,https://kith.com/products/sall45404200
8286750048384,Salomon XT-EVO - Black / Black / Asphalt,sall45404200,Salomon,Low Top Sneakers,45144250253440,17,98293732,200.0,False,,https://kith.com/products/sall45404200
8286750048384,Salomon XT-EVO - Black / Black / Asphalt,sall45404200,Salomon,Low Top Sneakers,45144250286208,18,98293733,200.0,False,,https://kith.com/products/sall45404200
8286750015616,Salomon XT-EVO - Black / Fiery Red / White,sall49177900,Salomon,Low Top Sneakers,45144250318976,3,98293931,200.0,False,,https://kith.com/products/sall49177900
8286750015616,Salomon XT-EVO - Black / Fiery Red / White,sall49177900,Salomon,Low Top Sneakers,45144250351744,3.5,98293932,200.0,False,,https://kith.com/products/sall49177900
8286750015616,Salomon XT-EVO - Black / Fiery Red / White,sall49177900,Salomon,Low Top Sneakers,45144250384512,4,98293933,200.0,False,,https://kith.com/products/sall49177900
8286750015616,Salomon XT-EVO - Black / Fiery Red / White,sall49177900,Salomon,Low Top Sneakers,45144250417280,4.5,98293934,200.0,False,,https://kith.com/products/sall49177900
8286750015616,Salomon XT-EVO - Black / Fiery Red / White,sall49177900,Salomon,Low Top Sneakers,45144250450048,5,98293935,200.0,False,,https://kith.com/products/sall49177900
8286750015616,Salomon XT-EVO - Black / Fiery Red / White,sall49177900,Salomon,Low Top Sneakers,45144250482816,5.5,98293936,200.0,False,,https://kith.com/products/sall49177900
8286750015616,Salomon XT-EVO - Black / Fiery Red / White,sall49177900,Salomon,Low Top Sneakers,45144250515584,6,98293937,200.0,False,,https://kith.com/products/sall49177900
8286750015616,Salomon XT-EVO - Black / Fiery Red / White,sall49177900,Salomon,Low Top Sneakers,45144250548352,6.5,98293246,200.0,False,,https://kith.com/products/sall49177900
8286750015616,Salomon XT-EVO - Black / Fiery Red / White,sall49177900,Salomon,Low Top Sneakers,45144250581120,7,98293247,200.0,False,,https://kith.com/products/sall49177900
8286750015616,Salomon XT-EVO - Black / Fiery Red / White,sall49177900,Salomon,Low Top Sneakers,45144250613888,7.5,98293248,200.0,False,,https://kith.com/products/sall49177900
8286750015616,Salomon XT-EVO - Black / Fiery Red / White,sall49177900,Salomon,Low Top Sneakers,45144250646656,8,98293249,200.0,True,,https://kith.com/products/sall49177900
8286750015616,Salomon XT-EVO - Black / Fiery Red / White,sall49177900,Salomon,Low Top Sneakers,45144250679424,8.5,98293250,200.0,True,,https://kith.com/products/sall49177900
8286750015616,Salomon XT-EVO - Black / Fiery Red / White,sall49177900,Salomon,Low Top Sneakers,45144250712192,9,98293251,200.0,True,,https://kith.com/products/sall49177900
8286750015616,Salomon XT-EVO - Black / Fiery Red / White,sall49177900,Salomon,Low Top Sneakers,45144250744960,9.5,98293252,200.0,True,,https://kith.com/products/sall49177900
8286750015616,Salomon XT-EVO - Black / Fiery Red / White,sall49177900,Salomon,Low Top Sneakers,45144250777728,10,98293241,200.0,True,,https://kith.com/products/sall49177900
8286750015616,Salomon XT-EVO - Black / Fiery Red / White,sall49177900,Salomon,Low Top Sneakers,45144250810496,10.5,98293242,200.0,True,,https://kith.com/products/sall49177900
8286750015616,Salomon XT-EVO - Black / Fiery Red / White,sall49177900,Salomon,Low Top Sneakers,45144250843264,11,98293243,200.0,True,,https://kith.com/products/sall49177900
8286750015616,Salomon XT-EVO - Black / Fiery Red / White,sall49177900,Salomon,Low Top Sneakers,45144250876032,11.5,98293244,200.0,True,,https://kith.com/products/sall49177900
8286750015616,Salomon XT-EVO - Black / Fiery Red / White,sall49177900,Salomon,Low Top Sneakers,45144250908800,12,98293245,200.0,True,,https://kith.com/products/sall49177900
8286750015616,Salomon XT-EVO - Black / Fiery Red / White,sall49177900,Salomon,Low Top Sneakers,45144250941568,12.5,98293938,200.0,False,,https://kith.com/products/sall49177900
8286750015616,Salomon XT-EVO - Black / Fiery Red / White,sall49177900,Salomon,Low Top Sneakers,45144250974336,13,98293939,200.0,False,,https://kith.com/products/sall49177900
8286750015616,Salomon XT-EVO - Black / Fiery Red / White,sall49177900,Salomon,Low Top Sneakers,45144251007104,13.5,98293940,200.0,False,,https://kith.com/products/sall49177900
8286750015616,Salomon XT-EVO - Black / Fiery Red / White,sall49177900,Salomon,Low Top Sneakers,45144251039872,14,98293941,200.0,False,,https://kith.com/products/sall49177900
8286750015616,Salomon XT-EVO - Black / Fiery Red / White,sall49177900,Salomon,Low Top Sneakers,45144251072640,14.5,98293942,200.0,False,,https://kith.com/products/sall49177900
8286750015616,Salomon XT-EVO - Black / Fiery Red / White,sall49177900,Salomon,Low Top Sneakers,45144251105408,15,98293943,200.0,False,,https://kith.com/products/sall49177900
8286750015616,Salomon XT-EVO - Black / Fiery Red / White,sall49177900,Salomon,Low Top Sneakers,45144251138176,15.5,98293944,200.0,False,,https://kith.com/products/sall49177900
8286750015616,Salomon XT-EVO - Black / Fiery Red / White,sall49177900,Salomon,Low Top Sneakers,45144251170944,16,98293945,200.0,False,,https://kith.com/products/sall49177900
8286750015616,Salomon XT-EVO - Black / Fiery Red / White,sall49177900,Salomon,Low Top Sneakers,45144251203712,16.5,98293946,200.0,False,,https://kith.com/products/sall49177900
8286750015616,Salomon XT-EVO - Black / Fiery Red / White,sall49177900,Salomon,Low Top Sneakers,45144251236480,17,98293947,200.0,False,,https://kith.com/products/sall49177900
8286750015616,Salomon XT-EVO - Black / Fiery Red / White,sall49177900,Salomon,Low Top Sneakers,45144251269248,18,98293948,200.0,False,,https://kith.com/products/sall49177900
8286737662080,Kith Kids Micro Plaid Pleated Skirt - Chest,khk060655-5010,Kith Kids,Mini Skirts,45144025694336,2T,2000365662,85.0,True,,https://kith.com/products/khk060655-5010
8286737662080,Kith Kids Micro Plaid Pleated Skirt - Chest,khk060655-5010,Kith Kids,Mini Skirts,45144025727104,3T,2000365663,85.0,True,,https://kith.com/products/khk060655-5010
8286737662080,Kith Kids Micro Plaid Pleated Skirt - Chest,khk060655-5010,Kith Kids,Mini Skirts,45144025759872,4T,2000365664,85.0,True,,https://kith.com/products/khk060655-5010
8286737662080,Kith Kids Micro Plaid Pleated Skirt - Chest,khk060655-5010,Kith Kids,Mini Skirts,45144025792640,XS,2000365665,85.0,True,,https://kith.com/products/khk060655-5010
8286737662080,Kith Kids Micro Plaid Pleated Skirt - Chest,khk060655-5010,Kith Kids,Mini Skirts,45144025825408,S,2000365666,85.0,True,,https://kith.com/products/khk060655-5010
8286737662080,Kith Kids Micro Plaid Pleated Skirt - Chest,khk060655-5010,Kith Kids,Mini Skirts,45144025858176,M,2000365667,85.0,True,,https://kith.com/products/khk060655-5010
8286737662080,Kith Kids Micro Plaid Pleated Skirt - Chest,khk060655-5010,Kith Kids,Mini Skirts,45144025890944,L,2000365668,85.0,True,,https://kith.com/products/khk060655-5010
8286737662080,Kith Kids Micro Plaid Pleated Skirt - Chest,khk060655-5010,Kith Kids,Mini Skirts,45144025923712,XL,2000365669,85.0,True,,https://kith.com/products/khk060655-5010
8286737596544,Kith Kids Patchwork Textured Denim Gi Shirt - Indigo,khk010324-403,Kith Kids,Gi Shirts,45144025170048,2T,2000365629,135.0,True,,https://kith.com/products/khk010324-403
8286737596544,Kith Kids Patchwork Textured Denim Gi Shirt - Indigo,khk010324-403,Kith Kids,Gi Shirts,45144025202816,3T,2000365630,135.0,True,,https://kith.com/products/khk010324-403
8286737596544,Kith Kids Patchwork Textured Denim Gi Shirt - Indigo,khk010324-403,Kith Kids,Gi Shirts,45144025235584,4T,2000365631,135.0,True,,https://kith.com/products/khk010324-403
8286737596544,Kith Kids Patchwork Textured Denim Gi Shirt - Indigo,khk010324-403,Kith Kids,Gi Shirts,45144025268352,XS,2000365632,135.0,True,,https://kith.com/products/khk010324-403
8286737596544,Kith Kids Patchwork Textured Denim Gi Shirt - Indigo,khk010324-403,Kith Kids,Gi Shirts,45144025301120,S,2000365633,135.0,True,,https://kith.com/products/khk010324-403
8286737596544,Kith Kids Patchwork Textured Denim Gi Shirt - Indigo,khk010324-403,Kith Kids,Gi Shirts,45144025333888,M,2000365634,135.0,True,,https://kith.com/products/khk010324-403
8286737596544,Kith Kids Patchwork Textured Denim Gi Shirt - Indigo,khk010324-403,Kith Kids,Gi Shirts,45144025366656,L,2000365635,135.0,True,,https://kith.com/products/khk010324-403
8286737596544,Kith Kids Patchwork Textured Denim Gi Shirt - Indigo,khk010324-403,Kith Kids,Gi Shirts,45144025399424,XL,2000365636,135.0,True,,https://kith.com/products/khk010324-403
8286737563776,Kith Kids Patchwork Plaid Overall Dress - Chest,khk080109-5010,Kith Kids,Mini Dresses,45144024907904,2T,2000365646,120.0,True,,https://kith.com/products/khk080109-5010
8286737563776,Kith Kids Patchwork Plaid Overall Dress - Chest,khk080109-5010,Kith Kids,Mini Dresses,45144024940672,3T,2000365647,120.0,True,,https://kith.com/products/khk080109-5010
8286737563776,Kith Kids Patchwork Plaid Overall Dress - Chest,khk080109-5010,Kith Kids,Mini Dresses,45144024973440,4T,2000365648,120.0,True,,https://kith.com/products/khk080109-5010
8286737563776,Kith Kids Patchwork Plaid Overall Dress - Chest,khk080109-5010,Kith Kids,Mini Dresses,45144025006208,XS,2000365649,120.0,True,,https://kith.com/products/khk080109-5010
8286737563776,Kith Kids Patchwork Plaid Overall Dress - Chest,khk080109-5010,Kith Kids,Mini Dresses,45144025038976,S,2000365650,120.0,True,,https://kith.com/products/khk080109-5010
8286737563776,Kith Kids Patchwork Plaid Overall Dress - Chest,khk080109-5010,Kith Kids,Mini Dresses,45144025071744,M,2000365651,120.0,True,,https://kith.com/products/khk080109-5010
8286737563776,Kith Kids Patchwork Plaid Overall Dress - Chest,khk080109-5010,Kith Kids,Mini Dresses,45144025104512,L,2000365652,120.0,True,,https://kith.com/products/khk080109-5010
8286737563776,Kith Kids Patchwork Plaid Overall Dress - Chest,khk080109-5010,Kith Kids,Mini Dresses,45144025137280,XL,2000365653,120.0,True,,https://kith.com/products/khk080109-5010
8286737465472,Kith Kids Logo Blocked Hunter Quarter Zip - Nocturnal,khk031394-413,Kith Kids,Quarter Zips,45144024121472,2T,2000365758,90.0,True,,https://kith.com/products/khk031394-413
8286737465472,Kith Kids Logo Blocked Hunter Quarter Zip - Nocturnal,khk031394-413,Kith Kids,Quarter Zips,45144024154240,3T,2000365759,90.0,True,,https://kith.com/products/khk031394-413
8286737465472,Kith Kids Logo Blocked Hunter Quarter Zip - Nocturnal,khk031394-413,Kith Kids,Quarter Zips,45144024187008,4T,2000365760,90.0,True,,https://kith.com/products/khk031394-413
8286737465472,Kith Kids Logo Blocked Hunter Quarter Zip - Nocturnal,khk031394-413,Kith Kids,Quarter Zips,45144024219776,XS,2000365761,90.0,True,,https://kith.com/products/khk031394-413
8286737465472,Kith Kids Logo Blocked Hunter Quarter Zip - Nocturnal,khk031394-413,Kith Kids,Quarter Zips,45144024252544,S,2000365762,90.0,True,,https://kith.com/products/khk031394-413
8286737465472,Kith Kids Logo Blocked Hunter Quarter Zip - Nocturnal,khk031394-413,Kith Kids,Quarter Zips,45144024285312,M,2000365763,90.0,True,,https://kith.com/products/khk031394-413
8286737465472,Kith Kids Logo Blocked Hunter Quarter Zip - Nocturnal,khk031394-413,Kith Kids,Quarter Zips,45144024318080,L,2000365764,90.0,True,,https://kith.com/products/khk031394-413
8286737465472,Kith Kids Logo Blocked Hunter Quarter Zip - Nocturnal,khk031394-413,Kith Kids,Quarter Zips,45144024350848,XL,2000365765,90.0,True,,https://kith.com/products/khk031394-413
8286737399936,Kith Kids Varsity Letter Nelson Sweatpant - Stadium,khk060659-302,Kith Kids,Sweatpants,45144023597184,2T,2000365795,85.0,True,,https://kith.com/products/khk060659-302
8286737399936,Kith Kids Varsity Letter Nelson Sweatpant - Stadium,khk060659-302,Kith Kids,Sweatpants,45144023629952,3T,2000365796,85.0,True,,https://kith.com/products/khk060659-302
8286737399936,Kith Kids Varsity Letter Nelson Sweatpant - Stadium,khk060659-302,Kith Kids,Sweatpants,45144023662720,4T,2000365797,85.0,True,,https://kith.com/products/khk060659-302
8286737399936,Kith Kids Varsity Letter Nelson Sweatpant - Stadium,khk060659-302,Kith Kids,Sweatpants,45144023695488,XS,2000365798,85.0,True,,https://kith.com/products/khk060659-302
8286737399936,Kith Kids Varsity Letter Nelson Sweatpant - Stadium,khk060659-302,Kith Kids,Sweatpants,45144023728256,S,2000365799,85.0,True,,https://kith.com/products/khk060659-302
8286737399936,Kith Kids Varsity Letter Nelson Sweatpant - Stadium,khk060659-302,Kith Kids,Sweatpants,45144023761024,M,2000365800,85.0,True,,https://kith.com/products/khk060659-302
8286737399936,Kith Kids Varsity Letter Nelson Sweatpant - Stadium,khk060659-302,Kith Kids,Sweatpants,45144023793792,L,2000365801,85.0,True,,https://kith.com/products/khk060659-302
8286737399936,Kith Kids Varsity Letter Nelson Sweatpant - Stadium,khk060659-302,Kith Kids,Sweatpants,45144023826560,XL,2000365802,85.0,True,,https://kith.com/products/khk060659-302
8286737268864,Kith Kids for Matthew Langille Nelson Sweatpant - Sandrift,khk060660-104,Kith Kids,Sweatpants,45144022286464,2T,2000365766,85.0,True,,https://kith.com/products/khk060660-104
8286737268864,Kith Kids for Matthew Langille Nelson Sweatpant - Sandrift,khk060660-104,Kith Kids,Sweatpants,45144022319232,3T,2000365767,85.0,True,,https://kith.com/products/khk060660-104
8286737268864,Kith Kids for Matthew Langille Nelson Sweatpant - Sandrift,khk060660-104,Kith Kids,Sweatpants,45144022352000,4T,2000365768,85.0,True,,https://kith.com/products/khk060660-104
8286737268864,Kith Kids for Matthew Langille Nelson Sweatpant - Sandrift,khk060660-104,Kith Kids,Sweatpants,45144022384768,XS,2000365769,85.0,True,,https://kith.com/products/khk060660-104
8286737268864,Kith Kids for Matthew Langille Nelson Sweatpant - Sandrift,khk060660-104,Kith Kids,Sweatpants,45144022417536,S,2000365770,85.0,True,,https://kith.com/products/khk060660-104
8286737268864,Kith Kids for Matthew Langille Nelson Sweatpant - Sandrift,khk060660-104,Kith Kids,Sweatpants,45144022450304,M,2000365771,85.0,True,,https://kith.com/products/khk060660-104
8286737268864,Kith Kids for Matthew Langille Nelson Sweatpant - Sandrift,khk060660-104,Kith Kids,Sweatpants,45144022483072,L,2000365772,85.0,True,,https://kith.com/products/khk060660-104
8286737268864,Kith Kids for Matthew Langille Nelson Sweatpant - Sandrift,khk060660-104,Kith Kids,Sweatpants,45144022515840,XL,2000365773,85.0,True,,https://kith.com/products/khk060660-104
8286737236096,Kith Kids Logo Blocked Nelson Sweatpant - Nocturnal,khk060662-413,Kith Kids,Sweatpants,45144022548608,2T,2000365742,85.0,True,,https://kith.com/products/khk060662-413
8286737236096,Kith Kids Logo Blocked Nelson Sweatpant - Nocturnal,khk060662-413,Kith Kids,Sweatpants,45144022581376,3T,2000365743,85.0,True,,https://kith.com/products/khk060662-413
8286737236096,Kith Kids Logo Blocked Nelson Sweatpant - Nocturnal,khk060662-413,Kith Kids,Sweatpants,45144022614144,4T,2000365744,85.0,True,,https://kith.com/products/khk060662-413
8286737236096,Kith Kids Logo Blocked Nelson Sweatpant - Nocturnal,khk060662-413,Kith Kids,Sweatpants,45144022646912,XS,2000365745,85.0,True,,https://kith.com/products/khk060662-413
8286737236096,Kith Kids Logo Blocked Nelson Sweatpant - Nocturnal,khk060662-413,Kith Kids,Sweatpants,45144022679680,S,2000365746,85.0,True,,https://kith.com/products/khk060662-413
8286737236096,Kith Kids Logo Blocked Nelson Sweatpant - Nocturnal,khk060662-413,Kith Kids,Sweatpants,45144022712448,M,2000365747,85.0,True,,https://kith.com/products/khk060662-413
8286737236096,Kith Kids Logo Blocked Nelson Sweatpant - Nocturnal,khk060662-413,Kith Kids,Sweatpants,45144022745216,L,2000365748,85.0,True,,https://kith.com/products/khk060662-413
8286737236096,Kith Kids Logo Blocked Nelson Sweatpant - Nocturnal,khk060662-413,Kith Kids,Sweatpants,45144022777984,XL,2000365749,85.0,True,,https://kith.com/products/khk060662-413
8286737203328,Kith Kids Athletic Nelson Short - Medium Heather Grey,khk060656-154,Kith Kids,Shorts,45144022024320,2T,2000365715,65.0,True,,https://kith.com/products/khk060656-154
8286737203328,Kith Kids Athletic Nelson Short - Medium Heather Grey,khk060656-154,Kith Kids,Shorts,45144022057088,3T,2000365716,65.0,True,,https://kith.com/products/khk060656-154
8286737203328,Kith Kids Athletic Nelson Short - Medium Heather Grey,khk060656-154,Kith Kids,Shorts,45144022089856,4T,2000365717,65.0,True,,https://kith.com/products/khk060656-154
8286737203328,Kith Kids Athletic Nelson Short - Medium Heather Grey,khk060656-154,Kith Kids,Shorts,45144022122624,XS,2000365718,65.0,True,,https://kith.com/products/khk060656-154
8286737203328,Kith Kids Athletic Nelson Short - Medium Heather Grey,khk060656-154,Kith Kids,Shorts,45144022155392,S,2000365719,65.0,True,,https://kith.com/products/khk060656-154
8286737203328,Kith Kids Athletic Nelson Short - Medium Heather Grey,khk060656-154,Kith Kids,Shorts,45144022188160,M,2000365720,65.0,True,,https://kith.com/products/khk060656-154
8286737203328,Kith Kids Athletic Nelson Short - Medium Heather Grey,khk060656-154,Kith Kids,Shorts,45144022220928,L,2000365721,65.0,True,,https://kith.com/products/khk060656-154
8286737203328,Kith Kids Athletic Nelson Short - Medium Heather Grey,khk060656-154,Kith Kids,Shorts,45144022253696,XL,2000365722,65.0,True,,https://kith.com/products/khk060656-154
8286737170560,Kith Kids Logo Blocked Nelson Sweatpant - Black,khk060662-001,Kith Kids,Sweatpants,45144021762176,2T,2000365734,85.0,True,,https://kith.com/products/khk060662-001
8286737170560,Kith Kids Logo Blocked Nelson Sweatpant - Black,khk060662-001,Kith Kids,Sweatpants,45144021794944,3T,2000365735,85.0,True,,https://kith.com/products/khk060662-001
8286737170560,Kith Kids Logo Blocked Nelson Sweatpant - Black,khk060662-001,Kith Kids,Sweatpants,45144021827712,4T,2000365736,85.0,True,,https://kith.com/products/khk060662-001
8286737170560,Kith Kids Logo Blocked Nelson Sweatpant - Black,khk060662-001,Kith Kids,Sweatpants,45144021860480,XS,2000365737,85.0,True,,https://kith.com/products/khk060662-001
8286737170560,Kith Kids Logo Blocked Nelson Sweatpant - Black,khk060662-001,Kith Kids,Sweatpants,45144021893248,S,2000365738,85.0,True,,https://kith.com/products/khk060662-001
8286737170560,Kith Kids Logo Blocked Nelson Sweatpant - Black,khk060662-001,Kith Kids,Sweatpants,45144021926016,M,2000365739,85.0,True,,https://kith.com/products/khk060662-001
8286737170560,Kith Kids Logo Blocked Nelson Sweatpant - Black,khk060662-001,Kith Kids,Sweatpants,45144021958784,L,2000365740,85.0,True,,https://kith.com/products/khk060662-001
8286737170560,Kith Kids Logo Blocked Nelson Sweatpant - Black,khk060662-001,Kith Kids,Sweatpants,45144021991552,XL,2000365741,85.0,True,,https://kith.com/products/khk060662-001
8286737072256,Kith Kids Blurred Stripe Soccer Jersey - Cyanotype,khk031372-424,Kith Kids,Jerseys,45144020975744,2T,2000365447,65.0,True,,https://kith.com/products/khk031372-424
8286737072256,Kith Kids Blurred Stripe Soccer Jersey - Cyanotype,khk031372-424,Kith Kids,Jerseys,45144021008512,3T,2000365448,65.0,True,,https://kith.com/products/khk031372-424
8286737072256,Kith Kids Blurred Stripe Soccer Jersey - Cyanotype,khk031372-424,Kith Kids,Jerseys,45144021041280,4T,2000365449,65.0,True,,https://kith.com/products/khk031372-424
8286737072256,Kith Kids Blurred Stripe Soccer Jersey - Cyanotype,khk031372-424,Kith Kids,Jerseys,45144021074048,XS,2000365450,65.0,True,,https://kith.com/products/khk031372-424
8286737072256,Kith Kids Blurred Stripe Soccer Jersey - Cyanotype,khk031372-424,Kith Kids,Jerseys,45144021106816,S,2000365451,65.0,True,,https://kith.com/products/khk031372-424
8286737072256,Kith Kids Blurred Stripe Soccer Jersey - Cyanotype,khk031372-424,Kith Kids,Jerseys,45144021139584,M,2000365452,65.0,True,,https://kith.com/products/khk031372-424
8286737072256,Kith Kids Blurred Stripe Soccer Jersey - Cyanotype,khk031372-424,Kith Kids,Jerseys,45144021172352,L,2000365453,65.0,True,,https://kith.com/products/khk031372-424
8286737072256,Kith Kids Blurred Stripe Soccer Jersey - Cyanotype,khk031372-424,Kith Kids,Jerseys,45144021205120,XL,2000365454,65.0,True,,https://kith.com/products/khk031372-424
8286737006720,Kith Kids Micro Plaid Snap Harrison Hoodie - Chest,khk031383-5010,Kith Kids,Hoodies,45144020451456,2T,2000365678,145.0,True,,https://kith.com/products/khk031383-5010
8286737006720,Kith Kids Micro Plaid Snap Harrison Hoodie - Chest,khk031383-5010,Kith Kids,Hoodies,45144020484224,3T,2000365679,145.0,True,,https://kith.com/products/khk031383-5010
8286737006720,Kith Kids Micro Plaid Snap Harrison Hoodie - Chest,khk031383-5010,Kith Kids,Hoodies,45144020516992,4T,2000365680,145.0,True,,https://kith.com/products/khk031383-5010
8286737006720,Kith Kids Micro Plaid Snap Harrison Hoodie - Chest,khk031383-5010,Kith Kids,Hoodies,45144020549760,XS,2000365681,145.0,True,,https://kith.com/products/khk031383-5010
8286737006720,Kith Kids Micro Plaid Snap Harrison Hoodie - Chest,khk031383-5010,Kith Kids,Hoodies,45144020582528,S,2000365682,145.0,True,,https://kith.com/products/khk031383-5010
8286737006720,Kith Kids Micro Plaid Snap Harrison Hoodie - Chest,khk031383-5010,Kith Kids,Hoodies,45144020615296,M,2000365683,145.0,True,,https://kith.com/products/khk031383-5010
8286737006720,Kith Kids Micro Plaid Snap Harrison Hoodie - Chest,khk031383-5010,Kith Kids,Hoodies,45144020648064,L,2000365684,145.0,True,,https://kith.com/products/khk031383-5010
8286737006720,Kith Kids Micro Plaid Snap Harrison Hoodie - Chest,khk031383-5010,Kith Kids,Hoodies,45144020680832,XL,2000365685,145.0,True,,https://kith.com/products/khk031383-5010
8286736973952,Kith Kids for Matthew Langille Printed Rye Pant - Durum,khk060649-957,Kith Kids,Pants,45144020189312,2T,2000365317,105.0,True,,https://kith.com/products/khk060649-957
8286736973952,Kith Kids for Matthew Langille Printed Rye Pant - Durum,khk060649-957,Kith Kids,Pants,45144020222080,3T,2000365318,105.0,True,,https://kith.com/products/khk060649-957
8286736973952,Kith Kids for Matthew Langille Printed Rye Pant - Durum,khk060649-957,Kith Kids,Pants,45144020254848,4T,2000365319,105.0,True,,https://kith.com/products/khk060649-957
8286736973952,Kith Kids for Matthew Langille Printed Rye Pant - Durum,khk060649-957,Kith Kids,Pants,45144020287616,XS,2000365320,105.0,True,,https://kith.com/products/khk060649-957
8286736973952,Kith Kids for Matthew Langille Printed Rye Pant - Durum,khk060649-957,Kith Kids,Pants,45144020320384,S,2000365321,105.0,True,,https://kith.com/products/khk060649-957
8286736973952,Kith Kids for Matthew Langille Printed Rye Pant - Durum,khk060649-957,Kith Kids,Pants,45144020353152,M,2000365322,105.0,True,,https://kith.com/products/khk060649-957
8286736973952,Kith Kids for Matthew Langille Printed Rye Pant - Durum,khk060649-957,Kith Kids,Pants,45144020385920,L,2000365323,105.0,True,,https://kith.com/products/khk060649-957
8286736973952,Kith Kids for Matthew Langille Printed Rye Pant - Durum,khk060649-957,Kith Kids,Pants,45144020418688,XL,2000365324,105.0,True,,https://kith.com/products/khk060649-957
8286736941184,Kith Kids Moto Mesh Long Sleeve Donovan Tee - Black,khk031376-001,Kith Kids,Long Sleeve Tees,45144019665024,2T,2000365562,75.0,True,,https://kith.com/products/khk031376-001
8286736941184,Kith Kids Moto Mesh Long Sleeve Donovan Tee - Black,khk031376-001,Kith Kids,Long Sleeve Tees,45144019697792,3T,2000365563,75.0,True,,https://kith.com/products/khk031376-001
8286736941184,Kith Kids Moto Mesh Long Sleeve Donovan Tee - Black,khk031376-001,Kith Kids,Long Sleeve Tees,45144019730560,4T,2000365564,75.0,True,,https://kith.com/products/khk031376-001
8286736941184,Kith Kids Moto Mesh Long Sleeve Donovan Tee - Black,khk031376-001,Kith Kids,Long Sleeve Tees,45144019763328,XS,2000365565,75.0,True,,https://kith.com/products/khk031376-001
8286736941184,Kith Kids Moto Mesh Long Sleeve Donovan Tee - Black,khk031376-001,Kith Kids,Long Sleeve Tees,45144019796096,S,2000365566,75.0,True,,https://kith.com/products/khk031376-001
8286736941184,Kith Kids Moto Mesh Long Sleeve Donovan Tee - Black,khk031376-001,Kith Kids,Long Sleeve Tees,45144019828864,M,2000365567,75.0,True,,https://kith.com/products/khk031376-001
8286736941184,Kith Kids Moto Mesh Long Sleeve Donovan Tee - Black,khk031376-001,Kith Kids,Long Sleeve Tees,45144019861632,L,2000365568,75.0,True,,https://kith.com/products/khk031376-001
8286736941184,Kith Kids Moto Mesh Long Sleeve Donovan Tee - Black,khk031376-001,Kith Kids,Long Sleeve Tees,45144019894400,XL,2000365569,75.0,True,,https://kith.com/products/khk031376-001
8286736810112,Kith Kids New York Scenic Shacket - Roman Wash,khk010325-5100,Kith Kids,Jackets,45144018878592,2T,2000365613,130.0,True,,https://kith.com/products/khk010325-5100
8286736810112,Kith Kids New York Scenic Shacket - Roman Wash,khk010325-5100,Kith Kids,Jackets,45144018911360,3T,2000365614,130.0,True,,https://kith.com/products/khk010325-5100
8286736810112,Kith Kids New York Scenic Shacket - Roman Wash,khk010325-5100,Kith Kids,Jackets,45144018944128,4T,2000365615,130.0,True,,https://kith.com/products/khk010325-5100
8286736810112,Kith Kids New York Scenic Shacket - Roman Wash,khk010325-5100,Kith Kids,Jackets,45144018976896,XS,2000365616,130.0,True,,https://kith.com/products/khk010325-5100
8286736810112,Kith Kids New York Scenic Shacket - Roman Wash,khk010325-5100,Kith Kids,Jackets,45144019009664,S,2000365617,130.0,True,,https://kith.com/products/khk010325-5100
8286736810112,Kith Kids New York Scenic Shacket - Roman Wash,khk010325-5100,Kith Kids,Jackets,45144019042432,M,2000365618,130.0,True,,https://kith.com/products/khk010325-5100
8286736810112,Kith Kids New York Scenic Shacket - Roman Wash,khk010325-5100,Kith Kids,Jackets,45144019075200,L,2000365619,130.0,True,,https://kith.com/products/khk010325-5100
8286736810112,Kith Kids New York Scenic Shacket - Roman Wash,khk010325-5100,Kith Kids,Jackets,45144019107968,XL,2000365620,130.0,True,,https://kith.com/products/khk010325-5100
8286736777344,Kith Kids Micro Plaid Cole Short - Chest,khk060654-5010,Kith Kids,Shorts,45144018616448,2T,2000365670,85.0,True,,https://kith.com/products/khk060654-5010
8286736777344,Kith Kids Micro Plaid Cole Short - Chest,khk060654-5010,Kith Kids,Shorts,45144018649216,3T,2000365671,85.0,True,,https://kith.com/products/khk060654-5010
8286736777344,Kith Kids Micro Plaid Cole Short - Chest,khk060654-5010,Kith Kids,Shorts,45144018681984,4T,2000365672,85.0,True,,https://kith.com/products/khk060654-5010
8286736777344,Kith Kids Micro Plaid Cole Short - Chest,khk060654-5010,Kith Kids,Shorts,45144018714752,XS,2000365673,85.0,True,,https://kith.com/products/khk060654-5010
8286736777344,Kith Kids Micro Plaid Cole Short - Chest,khk060654-5010,Kith Kids,Shorts,45144018747520,S,2000365674,85.0,True,,https://kith.com/products/khk060654-5010
8286736777344,Kith Kids Micro Plaid Cole Short - Chest,khk060654-5010,Kith Kids,Shorts,45144018780288,M,2000365675,85.0,True,,https://kith.com/products/khk060654-5010
8286736777344,Kith Kids Micro Plaid Cole Short - Chest,khk060654-5010,Kith Kids,Shorts,45144018813056,L,2000365676,85.0,True,,https://kith.com/products/khk060654-5010
8286736777344,Kith Kids Micro Plaid Cole Short - Chest,khk060654-5010,Kith Kids,Shorts,45144018845824,XL,2000365677,85.0,True,,https://kith.com/products/khk060654-5010
8286736744576,Kith Kids Textured Malik Jersey - Battleship,khk031375-501,Kith Kids,Jerseys,45144018354304,2T,2000368833,95.0,True,,https://kith.com/products/khk031375-501
8286736744576,Kith Kids Textured Malik Jersey - Battleship,khk031375-501,Kith Kids,Jerseys,45144018387072,3T,2000368834,95.0,True,,https://kith.com/products/khk031375-501
8286736744576,Kith Kids Textured Malik Jersey - Battleship,khk031375-501,Kith Kids,Jerseys,45144018419840,4T,2000368835,95.0,True,,https://kith.com/products/khk031375-501
8286736744576,Kith Kids Textured Malik Jersey - Battleship,khk031375-501,Kith Kids,Jerseys,45144018452608,XS,2000368836,95.0,True,,https://kith.com/products/khk031375-501
8286736744576,Kith Kids Textured Malik Jersey - Battleship,khk031375-501,Kith Kids,Jerseys,45144018485376,S,2000368837,95.0,True,,https://kith.com/products/khk031375-501
8286736744576,Kith Kids Textured Malik Jersey - Battleship,khk031375-501,Kith Kids,Jerseys,45144018518144,M,2000368838,95.0,True,,https://kith.com/products/khk031375-501
8286736744576,Kith Kids Textured Malik Jersey - Battleship,khk031375-501,Kith Kids,Jerseys,45144018550912,L,2000368839,95.0,True,,https://kith.com/products/khk031375-501
8286736744576,Kith Kids Textured Malik Jersey - Battleship,khk031375-501,Kith Kids,Jerseys,45144018583680,XL,2000368840,95.0,True,,https://kith.com/products/khk031375-501
8286736711808,Kith Kids Novelty Dawson Pant - Black,khk060657-001,Kith Kids,Pants,45144018092160,2T,2000365707,95.0,True,,https://kith.com/products/khk060657-001
8286736711808,Kith Kids Novelty Dawson Pant - Black,khk060657-001,Kith Kids,Pants,45144018124928,3T,2000365708,95.0,True,,https://kith.com/products/khk060657-001
8286736711808,Kith Kids Novelty Dawson Pant - Black,khk060657-001,Kith Kids,Pants,45144018157696,4T,2000365709,95.0,True,,https://kith.com/products/khk060657-001
8286736711808,Kith Kids Novelty Dawson Pant - Black,khk060657-001,Kith Kids,Pants,45144018190464,XS,2000365710,95.0,True,,https://kith.com/products/khk060657-001
8286736711808,Kith Kids Novelty Dawson Pant - Black,khk060657-001,Kith Kids,Pants,45144018223232,S,2000365711,95.0,True,,https://kith.com/products/khk060657-001
8286736711808,Kith Kids Novelty Dawson Pant - Black,khk060657-001,Kith Kids,Pants,45144018256000,M,2000365712,95.0,True,,https://kith.com/products/khk060657-001
8286736711808,Kith Kids Novelty Dawson Pant - Black,khk060657-001,Kith Kids,Pants,45144018288768,L,2000365713,95.0,True,,https://kith.com/products/khk060657-001
8286736711808,Kith Kids Novelty Dawson Pant - Black,khk060657-001,Kith Kids,Pants,45144018321536,XL,2000365714,95.0,True,,https://kith.com/products/khk060657-001
8286736613504,Kith Kids for Matthew Langille Nelson Hoodie - Sandrift,khk031392-104,Kith Kids,Hoodies,45144017305728,2T,2000365774,95.0,True,,https://kith.com/products/khk031392-104
8286736613504,Kith Kids for Matthew Langille Nelson Hoodie - Sandrift,khk031392-104,Kith Kids,Hoodies,45144017338496,3T,2000365775,95.0,True,,https://kith.com/products/khk031392-104
8286736613504,Kith Kids for Matthew Langille Nelson Hoodie - Sandrift,khk031392-104,Kith Kids,Hoodies,45144017371264,4T,2000365776,95.0,True,,https://kith.com/products/khk031392-104
8286736613504,Kith Kids for Matthew Langille Nelson Hoodie - Sandrift,khk031392-104,Kith Kids,Hoodies,45144017404032,XS,2000365777,95.0,True,,https://kith.com/products/khk031392-104
8286736613504,Kith Kids for Matthew Langille Nelson Hoodie - Sandrift,khk031392-104,Kith Kids,Hoodies,45144017436800,S,2000365778,95.0,True,,https://kith.com/products/khk031392-104
8286736613504,Kith Kids for Matthew Langille Nelson Hoodie - Sandrift,khk031392-104,Kith Kids,Hoodies,45144017469568,M,2000365779,95.0,True,,https://kith.com/products/khk031392-104
8286736613504,Kith Kids for Matthew Langille Nelson Hoodie - Sandrift,khk031392-104,Kith Kids,Hoodies,45144017502336,L,2000365780,95.0,True,,https://kith.com/products/khk031392-104
8286736613504,Kith Kids for Matthew Langille Nelson Hoodie - Sandrift,khk031392-104,Kith Kids,Hoodies,45144017535104,XL,2000365781,95.0,True,,https://kith.com/products/khk031392-104
8286736515200,Kith Kids Patchwork Plaid Apollo Shirt - Chest,khk031384-5010,Kith Kids,Button Up Shirts,45144016519296,2T,2000365654,110.0,True,,https://kith.com/products/khk031384-5010
8286736515200,Kith Kids Patchwork Plaid Apollo Shirt - Chest,khk031384-5010,Kith Kids,Button Up Shirts,45144016552064,3T,2000365655,110.0,True,,https://kith.com/products/khk031384-5010
8286736515200,Kith Kids Patchwork Plaid Apollo Shirt - Chest,khk031384-5010,Kith Kids,Button Up Shirts,45144016584832,4T,2000365656,110.0,True,,https://kith.com/products/khk031384-5010
8286736515200,Kith Kids Patchwork Plaid Apollo Shirt - Chest,khk031384-5010,Kith Kids,Button Up Shirts,45144016617600,XS,2000365657,110.0,True,,https://kith.com/products/khk031384-5010
8286736515200,Kith Kids Patchwork Plaid Apollo Shirt - Chest,khk031384-5010,Kith Kids,Button Up Shirts,45144016650368,S,2000365658,110.0,True,,https://kith.com/products/khk031384-5010
8286736515200,Kith Kids Patchwork Plaid Apollo Shirt - Chest,khk031384-5010,Kith Kids,Button Up Shirts,45144016683136,M,2000365659,110.0,True,,https://kith.com/products/khk031384-5010
8286736515200,Kith Kids Patchwork Plaid Apollo Shirt - Chest,khk031384-5010,Kith Kids,Button Up Shirts,45144016715904,L,2000365660,110.0,True,,https://kith.com/products/khk031384-5010
8286736515200,Kith Kids Patchwork Plaid Apollo Shirt - Chest,khk031384-5010,Kith Kids,Button Up Shirts,45144016748672,XL,2000365661,110.0,True,,https://kith.com/products/khk031384-5010
8286736449664,Kith Kids Varsity Letter Collared Nelson Dress - Stadium,khk080110-302,Kith Kids,Mini Dresses,45144015995008,2T,2000365782,110.0,True,,https://kith.com/products/khk080110-302
8286736449664,Kith Kids Varsity Letter Collared Nelson Dress - Stadium,khk080110-302,Kith Kids,Mini Dresses,45144016027776,3T,2000365783,110.0,True,,https://kith.com/products/khk080110-302
8286736449664,Kith Kids Varsity Letter Collared Nelson Dress - Stadium,khk080110-302,Kith Kids,Mini Dresses,45144016060544,4T,2000365784,110.0,True,,https://kith.com/products/khk080110-302
8286736449664,Kith Kids Varsity Letter Collared Nelson Dress - Stadium,khk080110-302,Kith Kids,Mini Dresses,45144016093312,XS,2000365785,110.0,True,,https://kith.com/products/khk080110-302
8286736449664,Kith Kids Varsity Letter Collared Nelson Dress - Stadium,khk080110-302,Kith Kids,Mini Dresses,45144016126080,S,2000365786,110.0,True,,https://kith.com/products/khk080110-302
8286736449664,Kith Kids Varsity Letter Collared Nelson Dress - Stadium,khk080110-302,Kith Kids,Mini Dresses,45144016158848,M,2000365787,110.0,True,,https://kith.com/products/khk080110-302
8286736449664,Kith Kids Varsity Letter Collared Nelson Dress - Stadium,khk080110-302,Kith Kids,Mini Dresses,45144016191616,L,2000365788,110.0,True,,https://kith.com/products/khk080110-302
8286736449664,Kith Kids Varsity Letter Collared Nelson Dress - Stadium,khk080110-302,Kith Kids,Mini Dresses,45144016224384,XL,2000365789,110.0,True,,https://kith.com/products/khk080110-302
8286736416896,Kith Kids Novelty Beckett Pullover - Black,khk031388-001,Kith Kids,Pullovers,45144015732864,2T,2000365723,100.0,True,,https://kith.com/products/khk031388-001
8286736416896,Kith Kids Novelty Beckett Pullover - Black,khk031388-001,Kith Kids,Pullovers,45144015765632,3T,2000365724,100.0,True,,https://kith.com/products/khk031388-001
8286736416896,Kith Kids Novelty Beckett Pullover - Black,khk031388-001,Kith Kids,Pullovers,45144015798400,4T,2000365725,100.0,True,,https://kith.com/products/khk031388-001
8286736416896,Kith Kids Novelty Beckett Pullover - Black,khk031388-001,Kith Kids,Pullovers,45144015831168,XS,2000365726,100.0,True,,https://kith.com/products/khk031388-001
8286736416896,Kith Kids Novelty Beckett Pullover - Black,khk031388-001,Kith Kids,Pullovers,45144015863936,S,2000365727,100.0,True,,https://kith.com/products/khk031388-001
8286736416896,Kith Kids Novelty Beckett Pullover - Black,khk031388-001,Kith Kids,Pullovers,45144015896704,M,2000365728,100.0,True,,https://kith.com/products/khk031388-001
8286736416896,Kith Kids Novelty Beckett Pullover - Black,khk031388-001,Kith Kids,Pullovers,45144015929472,L,2000365729,100.0,True,,https://kith.com/products/khk031388-001
8286736416896,Kith Kids Novelty Beckett Pullover - Black,khk031388-001,Kith Kids,Pullovers,45144015962240,XL,2000365730,100.0,True,,https://kith.com/products/khk031388-001
8286736318592,Kith Kids Textured Denim Zane Cargo Pant - Indigo,khk060652-403,Kith Kids,Cargo Pants,45144014684288,2T,2000365621,105.0,True,,https://kith.com/products/khk060652-403
8286736318592,Kith Kids Textured Denim Zane Cargo Pant - Indigo,khk060652-403,Kith Kids,Cargo Pants,45144014717056,3T,2000365622,105.0,True,,https://kith.com/products/khk060652-403
8286736318592,Kith Kids Textured Denim Zane Cargo Pant - Indigo,khk060652-403,Kith Kids,Cargo Pants,45144014749824,4T,2000365623,105.0,True,,https://kith.com/products/khk060652-403
8286736318592,Kith Kids Textured Denim Zane Cargo Pant - Indigo,khk060652-403,Kith Kids,Cargo Pants,45144014782592,XS,2000365624,105.0,True,,https://kith.com/products/khk060652-403
8286736318592,Kith Kids Textured Denim Zane Cargo Pant - Indigo,khk060652-403,Kith Kids,Cargo Pants,45144014815360,S,2000365625,105.0,True,,https://kith.com/products/khk060652-403
8286736318592,Kith Kids Textured Denim Zane Cargo Pant - Indigo,khk060652-403,Kith Kids,Cargo Pants,45144014848128,M,2000365626,105.0,True,,https://kith.com/products/khk060652-403
8286736318592,Kith Kids Textured Denim Zane Cargo Pant - Indigo,khk060652-403,Kith Kids,Cargo Pants,45144014880896,L,2000365627,105.0,True,,https://kith.com/products/khk060652-403
8286736318592,Kith Kids Textured Denim Zane Cargo Pant - Indigo,khk060652-403,Kith Kids,Cargo Pants,45144014913664,XL,2000365628,105.0,True,,https://kith.com/products/khk060652-403
8286736285824,Kith Kids Varsity Nelson Knit Crewneck - Cyanotype,khk031374-424,Kith Kids,Crewnecks,45144014946432,2T,2000365605,125.0,True,,https://kith.com/products/khk031374-424
8286736285824,Kith Kids Varsity Nelson Knit Crewneck - Cyanotype,khk031374-424,Kith Kids,Crewnecks,45144014979200,3T,2000365606,125.0,True,,https://kith.com/products/khk031374-424
8286736285824,Kith Kids Varsity Nelson Knit Crewneck - Cyanotype,khk031374-424,Kith Kids,Crewnecks,45144015011968,4T,2000365607,125.0,True,,https://kith.com/products/khk031374-424
8286736285824,Kith Kids Varsity Nelson Knit Crewneck - Cyanotype,khk031374-424,Kith Kids,Crewnecks,45144015044736,XS,2000365608,125.0,True,,https://kith.com/products/khk031374-424
8286736285824,Kith Kids Varsity Nelson Knit Crewneck - Cyanotype,khk031374-424,Kith Kids,Crewnecks,45144015077504,S,2000365609,125.0,True,,https://kith.com/products/khk031374-424
8286736285824,Kith Kids Varsity Nelson Knit Crewneck - Cyanotype,khk031374-424,Kith Kids,Crewnecks,45144015110272,M,2000365610,125.0,True,,https://kith.com/products/khk031374-424
8286736285824,Kith Kids Varsity Nelson Knit Crewneck - Cyanotype,khk031374-424,Kith Kids,Crewnecks,45144015143040,L,2000365611,125.0,True,,https://kith.com/products/khk031374-424
8286736285824,Kith Kids Varsity Nelson Knit Crewneck - Cyanotype,khk031374-424,Kith Kids,Crewnecks,45144015175808,XL,2000365612,125.0,True,,https://kith.com/products/khk031374-424
8286736253056,Kith Kids Collegiate Nelson Sweatpant - Light Heather Grey,khk060658-002,Kith Kids,Sweatpants,45144014422144,2T,2000365803,85.0,True,,https://kith.com/products/khk060658-002
8286736253056,Kith Kids Collegiate Nelson Sweatpant - Light Heather Grey,khk060658-002,Kith Kids,Sweatpants,45144014454912,3T,2000365804,85.0,True,,https://kith.com/products/khk060658-002
8286736253056,Kith Kids Collegiate Nelson Sweatpant - Light Heather Grey,khk060658-002,Kith Kids,Sweatpants,45144014487680,4T,2000365805,85.0,True,,https://kith.com/products/khk060658-002
8286736253056,Kith Kids Collegiate Nelson Sweatpant - Light Heather Grey,khk060658-002,Kith Kids,Sweatpants,45144014520448,XS,2000365806,85.0,True,,https://kith.com/products/khk060658-002
8286736253056,Kith Kids Collegiate Nelson Sweatpant - Light Heather Grey,khk060658-002,Kith Kids,Sweatpants,45144014553216,S,2000365807,85.0,True,,https://kith.com/products/khk060658-002
8286736253056,Kith Kids Collegiate Nelson Sweatpant - Light Heather Grey,khk060658-002,Kith Kids,Sweatpants,45144014585984,M,2000365808,85.0,True,,https://kith.com/products/khk060658-002
8286736253056,Kith Kids Collegiate Nelson Sweatpant - Light Heather Grey,khk060658-002,Kith Kids,Sweatpants,45144014618752,L,2000365809,85.0,True,,https://kith.com/products/khk060658-002
8286736253056,Kith Kids Collegiate Nelson Sweatpant - Light Heather Grey,khk060658-002,Kith Kids,Sweatpants,45144014651520,XL,2000365810,85.0,True,,https://kith.com/products/khk060658-002
8286736121984,Kith Kids Lady Liberty Nelson Hoodie - Dark Indigo,khka030001-416,Kith Kids,Hoodies,45144013373568,2T,2000365699,95.0,True,,https://kith.com/products/khka030001-416
8286736121984,Kith Kids Lady Liberty Nelson Hoodie - Dark Indigo,khka030001-416,Kith Kids,Hoodies,45144013406336,3T,2000365700,95.0,True,,https://kith.com/products/khka030001-416
8286736121984,Kith Kids Lady Liberty Nelson Hoodie - Dark Indigo,khka030001-416,Kith Kids,Hoodies,45144013439104,4T,2000365701,95.0,True,,https://kith.com/products/khka030001-416
8286736121984,Kith Kids Lady Liberty Nelson Hoodie - Dark Indigo,khka030001-416,Kith Kids,Hoodies,45144013471872,XS,2000365702,95.0,True,,https://kith.com/products/khka030001-416
8286736121984,Kith Kids Lady Liberty Nelson Hoodie - Dark Indigo,khka030001-416,Kith Kids,Hoodies,45144013504640,S,2000365703,95.0,True,,https://kith.com/products/khka030001-416
8286736121984,Kith Kids Lady Liberty Nelson Hoodie - Dark Indigo,khka030001-416,Kith Kids,Hoodies,45144013537408,M,2000365704,95.0,True,,https://kith.com/products/khka030001-416
8286736121984,Kith Kids Lady Liberty Nelson Hoodie - Dark Indigo,khka030001-416,Kith Kids,Hoodies,45144013570176,L,2000365705,95.0,True,,https://kith.com/products/khka030001-416
8286736121984,Kith Kids Lady Liberty Nelson Hoodie - Dark Indigo,khka030001-416,Kith Kids,Hoodies,45144013602944,XL,2000365706,95.0,True,,https://kith.com/products/khka030001-416
8286736089216,Kith Kids Logo Blocked Hunter Quarter Zip - Black,khk031394-001,Kith Kids,Quarter Zips,45144013111424,2T,2000365750,90.0,True,,https://kith.com/products/khk031394-001
8286736089216,Kith Kids Logo Blocked Hunter Quarter Zip - Black,khk031394-001,Kith Kids,Quarter Zips,45144013144192,3T,2000365751,90.0,True,,https://kith.com/products/khk031394-001
8286736089216,Kith Kids Logo Blocked Hunter Quarter Zip - Black,khk031394-001,Kith Kids,Quarter Zips,45144013176960,4T,2000365752,90.0,True,,https://kith.com/products/khk031394-001
8286736089216,Kith Kids Logo Blocked Hunter Quarter Zip - Black,khk031394-001,Kith Kids,Quarter Zips,45144013209728,XS,2000365753,90.0,True,,https://kith.com/products/khk031394-001
8286736089216,Kith Kids Logo Blocked Hunter Quarter Zip - Black,khk031394-001,Kith Kids,Quarter Zips,45144013242496,S,2000365754,90.0,True,,https://kith.com/products/khk031394-001
8286736089216,Kith Kids Logo Blocked Hunter Quarter Zip - Black,khk031394-001,Kith Kids,Quarter Zips,45144013275264,M,2000365755,90.0,True,,https://kith.com/products/khk031394-001
8286736089216,Kith Kids Logo Blocked Hunter Quarter Zip - Black,khk031394-001,Kith Kids,Quarter Zips,45144013308032,L,2000365756,90.0,True,,https://kith.com/products/khk031394-001
8286736089216,Kith Kids Logo Blocked Hunter Quarter Zip - Black,khk031394-001,Kith Kids,Quarter Zips,45144013340800,XL,2000365757,90.0,True,,https://kith.com/products/khk031394-001
8286736023680,Kith Kids Varsity Letter Collared Nelson Sweatshirt - Stadium,khk031391-302,Kith Kids,Sweatshirts,45144012587136,2T,2000365811,100.0,True,,https://kith.com/products/khk031391-302
8286736023680,Kith Kids Varsity Letter Collared Nelson Sweatshirt - Stadium,khk031391-302,Kith Kids,Sweatshirts,45144012619904,3T,2000365812,100.0,True,,https://kith.com/products/khk031391-302
8286736023680,Kith Kids Varsity Letter Collared Nelson Sweatshirt - Stadium,khk031391-302,Kith Kids,Sweatshirts,45144012652672,4T,2000365813,100.0,True,,https://kith.com/products/khk031391-302
8286736023680,Kith Kids Varsity Letter Collared Nelson Sweatshirt - Stadium,khk031391-302,Kith Kids,Sweatshirts,45144012685440,XS,2000365814,100.0,True,,https://kith.com/products/khk031391-302
8286736023680,Kith Kids Varsity Letter Collared Nelson Sweatshirt - Stadium,khk031391-302,Kith Kids,Sweatshirts,45144012718208,S,2000365815,100.0,True,,https://kith.com/products/khk031391-302
8286736023680,Kith Kids Varsity Letter Collared Nelson Sweatshirt - Stadium,khk031391-302,Kith Kids,Sweatshirts,45144012750976,M,2000365816,100.0,True,,https://kith.com/products/khk031391-302
8286736023680,Kith Kids Varsity Letter Collared Nelson Sweatshirt - Stadium,khk031391-302,Kith Kids,Sweatshirts,45144012783744,L,2000365817,100.0,True,,https://kith.com/products/khk031391-302
8286736023680,Kith Kids Varsity Letter Collared Nelson Sweatshirt - Stadium,khk031391-302,Kith Kids,Sweatshirts,45144012816512,XL,2000365818,100.0,True,,https://kith.com/products/khk031391-302
8286735990912,Kith Kids Collegiate Nelson Crewneck - Light Heather Grey,khk031390-002,Kith Kids,Crewnecks,45144012324992,2T,2000365819,80.0,True,,https://kith.com/products/khk031390-002
8286735990912,Kith Kids Collegiate Nelson Crewneck - Light Heather Grey,khk031390-002,Kith Kids,Crewnecks,45144012357760,3T,2000365820,80.0,True,,https://kith.com/products/khk031390-002
8286735990912,Kith Kids Collegiate Nelson Crewneck - Light Heather Grey,khk031390-002,Kith Kids,Crewnecks,45144012390528,4T,2000365821,80.0,True,,https://kith.com/products/khk031390-002
8286735990912,Kith Kids Collegiate Nelson Crewneck - Light Heather Grey,khk031390-002,Kith Kids,Crewnecks,45144012423296,XS,2000365822,80.0,True,,https://kith.com/products/khk031390-002
8286735990912,Kith Kids Collegiate Nelson Crewneck - Light Heather Grey,khk031390-002,Kith Kids,Crewnecks,45144012456064,S,2000365823,80.0,True,,https://kith.com/products/khk031390-002
8286735990912,Kith Kids Collegiate Nelson Crewneck - Light Heather Grey,khk031390-002,Kith Kids,Crewnecks,45144012488832,M,2000365824,80.0,True,,https://kith.com/products/khk031390-002
8286735990912,Kith Kids Collegiate Nelson Crewneck - Light Heather Grey,khk031390-002,Kith Kids,Crewnecks,45144012521600,L,2000365825,80.0,True,,https://kith.com/products/khk031390-002
8286735990912,Kith Kids Collegiate Nelson Crewneck - Light Heather Grey,khk031390-002,Kith Kids,Crewnecks,45144012554368,XL,2000365826,80.0,True,,https://kith.com/products/khk031390-002
8286735958144,Kith Kids Textured V-Neck Collar Nelson Sweatshirt - Black,khk031389-001,Kith Kids,Sweatshirts,45144012062848,2T,2000367391,100.0,True,,https://kith.com/products/khk031389-001
8286735958144,Kith Kids Textured V-Neck Collar Nelson Sweatshirt - Black,khk031389-001,Kith Kids,Sweatshirts,45144012095616,3T,2000367392,100.0,True,,https://kith.com/products/khk031389-001
8286735958144,Kith Kids Textured V-Neck Collar Nelson Sweatshirt - Black,khk031389-001,Kith Kids,Sweatshirts,45144012128384,4T,2000367393,100.0,True,,https://kith.com/products/khk031389-001
8286735958144,Kith Kids Textured V-Neck Collar Nelson Sweatshirt - Black,khk031389-001,Kith Kids,Sweatshirts,45144012161152,XS,2000367394,100.0,True,,https://kith.com/products/khk031389-001
8286735958144,Kith Kids Textured V-Neck Collar Nelson Sweatshirt - Black,khk031389-001,Kith Kids,Sweatshirts,45144012193920,S,2000367395,100.0,True,,https://kith.com/products/khk031389-001
8286735958144,Kith Kids Textured V-Neck Collar Nelson Sweatshirt - Black,khk031389-001,Kith Kids,Sweatshirts,45144012226688,M,2000367396,100.0,True,,https://kith.com/products/khk031389-001
8286735958144,Kith Kids Textured V-Neck Collar Nelson Sweatshirt - Black,khk031389-001,Kith Kids,Sweatshirts,45144012259456,L,2000367397,100.0,True,,https://kith.com/products/khk031389-001
8286735958144,Kith Kids Textured V-Neck Collar Nelson Sweatshirt - Black,khk031389-001,Kith Kids,Sweatshirts,45144012292224,XL,2000367398,100.0,True,,https://kith.com/products/khk031389-001
8286735827072,Kith Kids Printed Leonard Tee - Virtue,khk031397-323,Kith Kids,Short Sleeve Tees,45144011014272,2T,2000366706,60.0,True,,https://kith.com/products/khk031397-323
8286735827072,Kith Kids Printed Leonard Tee - Virtue,khk031397-323,Kith Kids,Short Sleeve Tees,45144011047040,3T,2000366707,60.0,True,,https://kith.com/products/khk031397-323
8286735827072,Kith Kids Printed Leonard Tee - Virtue,khk031397-323,Kith Kids,Short Sleeve Tees,45144011079808,4T,2000366708,60.0,True,,https://kith.com/products/khk031397-323
8286735827072,Kith Kids Printed Leonard Tee - Virtue,khk031397-323,Kith Kids,Short Sleeve Tees,45144011112576,XS,2000366709,60.0,True,,https://kith.com/products/khk031397-323
8286735827072,Kith Kids Printed Leonard Tee - Virtue,khk031397-323,Kith Kids,Short Sleeve Tees,45144011145344,S,2000366710,60.0,True,,https://kith.com/products/khk031397-323
8286735827072,Kith Kids Printed Leonard Tee - Virtue,khk031397-323,Kith Kids,Short Sleeve Tees,45144011178112,M,2000366711,60.0,True,,https://kith.com/products/khk031397-323
8286735827072,Kith Kids Printed Leonard Tee - Virtue,khk031397-323,Kith Kids,Short Sleeve Tees,45144011210880,L,2000366712,60.0,True,,https://kith.com/products/khk031397-323
8286735827072,Kith Kids Printed Leonard Tee - Virtue,khk031397-323,Kith Kids,Short Sleeve Tees,45144011243648,XL,2000366713,60.0,True,,https://kith.com/products/khk031397-323
8286735794304,Kith Kids Sketched Classic Logo Tee - Nocturnal,khk031398-413,Kith Kids,Short Sleeve Tees,45144010752128,2T,2000366698,50.0,True,,https://kith.com/products/khk031398-413
8286735794304,Kith Kids Sketched Classic Logo Tee - Nocturnal,khk031398-413,Kith Kids,Short Sleeve Tees,45144010784896,3T,2000366699,50.0,True,,https://kith.com/products/khk031398-413
8286735794304,Kith Kids Sketched Classic Logo Tee - Nocturnal,khk031398-413,Kith Kids,Short Sleeve Tees,45144010817664,4T,2000366700,50.0,True,,https://kith.com/products/khk031398-413
8286735794304,Kith Kids Sketched Classic Logo Tee - Nocturnal,khk031398-413,Kith Kids,Short Sleeve Tees,45144010850432,XS,2000366701,50.0,True,,https://kith.com/products/khk031398-413
8286735794304,Kith Kids Sketched Classic Logo Tee - Nocturnal,khk031398-413,Kith Kids,Short Sleeve Tees,45144010883200,S,2000366702,50.0,True,,https://kith.com/products/khk031398-413
8286735794304,Kith Kids Sketched Classic Logo Tee - Nocturnal,khk031398-413,Kith Kids,Short Sleeve Tees,45144010915968,M,2000366703,50.0,True,,https://kith.com/products/khk031398-413
8286735794304,Kith Kids Sketched Classic Logo Tee - Nocturnal,khk031398-413,Kith Kids,Short Sleeve Tees,45144010948736,L,2000366704,50.0,True,,https://kith.com/products/khk031398-413
8286735794304,Kith Kids Sketched Classic Logo Tee - Nocturnal,khk031398-413,Kith Kids,Short Sleeve Tees,45144010981504,XL,2000366705,50.0,True,,https://kith.com/products/khk031398-413
8286735630464,Kith Kids Moto Mesh Cropped Long Sleeve Mika Tee - White,khk031378-101,Kith Kids,Long Sleeve Tees,45144009441408,2T,2000369185,70.0,True,,https://kith.com/products/khk031378-101
8286735630464,Kith Kids Moto Mesh Cropped Long Sleeve Mika Tee - White,khk031378-101,Kith Kids,Long Sleeve Tees,45144009474176,3T,2000369186,70.0,True,,https://kith.com/products/khk031378-101
8286735630464,Kith Kids Moto Mesh Cropped Long Sleeve Mika Tee - White,khk031378-101,Kith Kids,Long Sleeve Tees,45144009506944,4T,2000369187,70.0,True,,https://kith.com/products/khk031378-101
8286735630464,Kith Kids Moto Mesh Cropped Long Sleeve Mika Tee - White,khk031378-101,Kith Kids,Long Sleeve Tees,45144009539712,XS,2000369188,70.0,True,,https://kith.com/products/khk031378-101
8286735630464,Kith Kids Moto Mesh Cropped Long Sleeve Mika Tee - White,khk031378-101,Kith Kids,Long Sleeve Tees,45144009572480,S,2000369189,70.0,True,,https://kith.com/products/khk031378-101
8286735630464,Kith Kids Moto Mesh Cropped Long Sleeve Mika Tee - White,khk031378-101,Kith Kids,Long Sleeve Tees,45144009605248,M,2000369190,70.0,True,,https://kith.com/products/khk031378-101
8286735630464,Kith Kids Moto Mesh Cropped Long Sleeve Mika Tee - White,khk031378-101,Kith Kids,Long Sleeve Tees,45144009638016,L,2000369191,70.0,True,,https://kith.com/products/khk031378-101
8286735630464,Kith Kids Moto Mesh Cropped Long Sleeve Mika Tee - White,khk031378-101,Kith Kids,Long Sleeve Tees,45144009670784,XL,2000369192,70.0,True,,https://kith.com/products/khk031378-101
8286735564928,Kith Kids for Matthew Langille Puffer Vest - Polar,khk010328-5029,Kith Kids,Vests,45144008917120,2T,2000374350,125.0,True,,https://kith.com/products/khk010328-5029
8286735564928,Kith Kids for Matthew Langille Puffer Vest - Polar,khk010328-5029,Kith Kids,Vests,45144008949888,3T,2000374351,125.0,True,,https://kith.com/products/khk010328-5029
8286735564928,Kith Kids for Matthew Langille Puffer Vest - Polar,khk010328-5029,Kith Kids,Vests,45144008982656,4T,2000374352,125.0,True,,https://kith.com/products/khk010328-5029
8286735564928,Kith Kids for Matthew Langille Puffer Vest - Polar,khk010328-5029,Kith Kids,Vests,45144009015424,XS,2000374353,125.0,True,,https://kith.com/products/khk010328-5029
8286735564928,Kith Kids for Matthew Langille Puffer Vest - Polar,khk010328-5029,Kith Kids,Vests,45144009048192,S,2000374354,125.0,True,,https://kith.com/products/khk010328-5029
8286735564928,Kith Kids for Matthew Langille Puffer Vest - Polar,khk010328-5029,Kith Kids,Vests,45144009080960,M,2000374355,125.0,True,,https://kith.com/products/khk010328-5029
8286735564928,Kith Kids for Matthew Langille Puffer Vest - Polar,khk010328-5029,Kith Kids,Vests,45144009113728,L,2000374356,125.0,True,,https://kith.com/products/khk010328-5029
8286735564928,Kith Kids for Matthew Langille Puffer Vest - Polar,khk010328-5029,Kith Kids,Vests,45144009146496,XL,2000374357,125.0,True,,https://kith.com/products/khk010328-5029
8286735499392,Kith Kids Cropped Varsity Jacket - Noir,khk010333-7059,Kith Kids,Varsity Jackets,45144008654976,2T,2000366733,180.0,True,,https://kith.com/products/khk010333-7059
8286735499392,Kith Kids Cropped Varsity Jacket - Noir,khk010333-7059,Kith Kids,Varsity Jackets,45144008687744,3T,2000366734,180.0,True,,https://kith.com/products/khk010333-7059
8286735499392,Kith Kids Cropped Varsity Jacket - Noir,khk010333-7059,Kith Kids,Varsity Jackets,45144008720512,4T,2000366735,180.0,True,,https://kith.com/products/khk010333-7059
8286735499392,Kith Kids Cropped Varsity Jacket - Noir,khk010333-7059,Kith Kids,Varsity Jackets,45144008753280,XS,2000366736,180.0,True,,https://kith.com/products/khk010333-7059
8286735499392,Kith Kids Cropped Varsity Jacket - Noir,khk010333-7059,Kith Kids,Varsity Jackets,45144008786048,S,2000366737,180.0,True,,https://kith.com/products/khk010333-7059
8286735499392,Kith Kids Cropped Varsity Jacket - Noir,khk010333-7059,Kith Kids,Varsity Jackets,45144008818816,M,2000366738,180.0,True,,https://kith.com/products/khk010333-7059
8286735499392,Kith Kids Cropped Varsity Jacket - Noir,khk010333-7059,Kith Kids,Varsity Jackets,45144008851584,L,2000366739,180.0,True,,https://kith.com/products/khk010333-7059
8286735499392,Kith Kids Cropped Varsity Jacket - Noir,khk010333-7059,Kith Kids,Varsity Jackets,45144008884352,XL,2000366740,180.0,True,,https://kith.com/products/khk010333-7059
8286735466624,Kith Kids Patchwork Plaid Ellis Jacket - Kindling,khk010326-211,Kith Kids,Jackets,45144008130688,2T,2000366741,175.0,True,,https://kith.com/products/khk010326-211
8286735466624,Kith Kids Patchwork Plaid Ellis Jacket - Kindling,khk010326-211,Kith Kids,Jackets,45144008163456,3T,2000366742,175.0,True,,https://kith.com/products/khk010326-211
8286735466624,Kith Kids Patchwork Plaid Ellis Jacket - Kindling,khk010326-211,Kith Kids,Jackets,45144008196224,4T,2000366743,175.0,True,,https://kith.com/products/khk010326-211
8286735466624,Kith Kids Patchwork Plaid Ellis Jacket - Kindling,khk010326-211,Kith Kids,Jackets,45144008228992,XS,2000366744,175.0,True,,https://kith.com/products/khk010326-211
8286735466624,Kith Kids Patchwork Plaid Ellis Jacket - Kindling,khk010326-211,Kith Kids,Jackets,45144008261760,S,2000366745,175.0,True,,https://kith.com/products/khk010326-211
8286735466624,Kith Kids Patchwork Plaid Ellis Jacket - Kindling,khk010326-211,Kith Kids,Jackets,45144008294528,M,2000366746,175.0,True,,https://kith.com/products/khk010326-211
8286735466624,Kith Kids Patchwork Plaid Ellis Jacket - Kindling,khk010326-211,Kith Kids,Jackets,45144008327296,L,2000366747,175.0,True,,https://kith.com/products/khk010326-211
8286735466624,Kith Kids Patchwork Plaid Ellis Jacket - Kindling,khk010326-211,Kith Kids,Jackets,45144008360064,XL,2000366748,175.0,True,,https://kith.com/products/khk010326-211
8286735401088,Kith Kids Textured Chauncey Cargo Pant - Battleship,khk060650-501,Kith Kids,Cargo Pants,45144007606400,2T,2000367407,95.0,True,,https://kith.com/products/khk060650-501
8286735401088,Kith Kids Textured Chauncey Cargo Pant - Battleship,khk060650-501,Kith Kids,Cargo Pants,45144007639168,3T,2000367408,95.0,True,,https://kith.com/products/khk060650-501
8286735401088,Kith Kids Textured Chauncey Cargo Pant - Battleship,khk060650-501,Kith Kids,Cargo Pants,45144007671936,4T,2000367409,95.0,True,,https://kith.com/products/khk060650-501
8286735401088,Kith Kids Textured Chauncey Cargo Pant - Battleship,khk060650-501,Kith Kids,Cargo Pants,45144007704704,XS,2000367410,95.0,True,,https://kith.com/products/khk060650-501
8286735401088,Kith Kids Textured Chauncey Cargo Pant - Battleship,khk060650-501,Kith Kids,Cargo Pants,45144007737472,S,2000367411,95.0,True,,https://kith.com/products/khk060650-501
8286735401088,Kith Kids Textured Chauncey Cargo Pant - Battleship,khk060650-501,Kith Kids,Cargo Pants,45144007770240,M,2000367412,95.0,True,,https://kith.com/products/khk060650-501
8286735401088,Kith Kids Textured Chauncey Cargo Pant - Battleship,khk060650-501,Kith Kids,Cargo Pants,45144007803008,L,2000367413,95.0,True,,https://kith.com/products/khk060650-501
8286735401088,Kith Kids Textured Chauncey Cargo Pant - Battleship,khk060650-501,Kith Kids,Cargo Pants,45144007835776,XL,2000367414,95.0,True,,https://kith.com/products/khk060650-501
8286735368320,Kith Kids Varsity Jacket - Stadium,khk010329-302,Kith Kids,Varsity Jackets,45144007344256,2T,2000366725,185.0,True,,https://kith.com/products/khk010329-302
8286735368320,Kith Kids Varsity Jacket - Stadium,khk010329-302,Kith Kids,Varsity Jackets,45144007377024,3T,2000366726,185.0,True,,https://kith.com/products/khk010329-302
8286735368320,Kith Kids Varsity Jacket - Stadium,khk010329-302,Kith Kids,Varsity Jackets,45144007409792,4T,2000366727,185.0,True,,https://kith.com/products/khk010329-302
8286735368320,Kith Kids Varsity Jacket - Stadium,khk010329-302,Kith Kids,Varsity Jackets,45144007442560,XS,2000366728,185.0,True,,https://kith.com/products/khk010329-302
8286735368320,Kith Kids Varsity Jacket - Stadium,khk010329-302,Kith Kids,Varsity Jackets,45144007475328,S,2000366729,185.0,True,,https://kith.com/products/khk010329-302
8286735368320,Kith Kids Varsity Jacket - Stadium,khk010329-302,Kith Kids,Varsity Jackets,45144007508096,M,2000366730,185.0,True,,https://kith.com/products/khk010329-302
8286735368320,Kith Kids Varsity Jacket - Stadium,khk010329-302,Kith Kids,Varsity Jackets,45144007540864,L,2000366731,185.0,True,,https://kith.com/products/khk010329-302
8286735368320,Kith Kids Varsity Jacket - Stadium,khk010329-302,Kith Kids,Varsity Jackets,45144007573632,XL,2000366732,185.0,True,,https://kith.com/products/khk010329-302
8286735335552,Kith Kids Champions Tee - Silk,khk031396-116,Kith Kids,Short Sleeve Tees,45144007082112,2T,2000366714,50.0,True,,https://kith.com/products/khk031396-116
8286735335552,Kith Kids Champions Tee - Silk,khk031396-116,Kith Kids,Short Sleeve Tees,45144007114880,3T,2000366715,50.0,True,,https://kith.com/products/khk031396-116
8286735335552,Kith Kids Champions Tee - Silk,khk031396-116,Kith Kids,Short Sleeve Tees,45144007147648,4T,2000366716,50.0,True,,https://kith.com/products/khk031396-116
8286735335552,Kith Kids Champions Tee - Silk,khk031396-116,Kith Kids,Short Sleeve Tees,45144007180416,XS,2000366717,50.0,True,,https://kith.com/products/khk031396-116
8286735335552,Kith Kids Champions Tee - Silk,khk031396-116,Kith Kids,Short Sleeve Tees,45144007213184,S,2000366718,50.0,True,,https://kith.com/products/khk031396-116
8286735335552,Kith Kids Champions Tee - Silk,khk031396-116,Kith Kids,Short Sleeve Tees,45144007245952,M,2000366719,50.0,True,,https://kith.com/products/khk031396-116
8286735335552,Kith Kids Champions Tee - Silk,khk031396-116,Kith Kids,Short Sleeve Tees,45144007278720,L,2000366720,50.0,True,,https://kith.com/products/khk031396-116
8286735335552,Kith Kids Champions Tee - Silk,khk031396-116,Kith Kids,Short Sleeve Tees,45144007311488,XL,2000366721,50.0,True,,https://kith.com/products/khk031396-116
8286735171712,Kith Kids Leopard Serif Leonard Tee - Sandrift,khk031405-104,Kith Kids,Short Sleeve Tees,45144005771392,2T,2000366690,55.0,True,,https://kith.com/products/khk031405-104
8286735171712,Kith Kids Leopard Serif Leonard Tee - Sandrift,khk031405-104,Kith Kids,Short Sleeve Tees,45144005804160,3T,2000366691,55.0,True,,https://kith.com/products/khk031405-104
8286735171712,Kith Kids Leopard Serif Leonard Tee - Sandrift,khk031405-104,Kith Kids,Short Sleeve Tees,45144005836928,4T,2000366692,55.0,True,,https://kith.com/products/khk031405-104
8286735171712,Kith Kids Leopard Serif Leonard Tee - Sandrift,khk031405-104,Kith Kids,Short Sleeve Tees,45144005869696,XS,2000366693,55.0,True,,https://kith.com/products/khk031405-104
8286735171712,Kith Kids Leopard Serif Leonard Tee - Sandrift,khk031405-104,Kith Kids,Short Sleeve Tees,45144005902464,S,2000366694,55.0,True,,https://kith.com/products/khk031405-104
8286735171712,Kith Kids Leopard Serif Leonard Tee - Sandrift,khk031405-104,Kith Kids,Short Sleeve Tees,45144005935232,M,2000366695,55.0,True,,https://kith.com/products/khk031405-104
8286735171712,Kith Kids Leopard Serif Leonard Tee - Sandrift,khk031405-104,Kith Kids,Short Sleeve Tees,45144005968000,L,2000366696,55.0,True,,https://kith.com/products/khk031405-104
8286735171712,Kith Kids Leopard Serif Leonard Tee - Sandrift,khk031405-104,Kith Kids,Short Sleeve Tees,45144006000768,XL,2000366697,55.0,True,,https://kith.com/products/khk031405-104
8286735138944,Kith Kids Sketched Classic Logo Mulberry II Tee - Iolite,khk031399-6022,Kith Kids,Short Sleeve Tees,45144005509248,2T,2000367589,55.0,True,,https://kith.com/products/khk031399-6022
8286735138944,Kith Kids Sketched Classic Logo Mulberry II Tee - Iolite,khk031399-6022,Kith Kids,Short Sleeve Tees,45144005542016,3T,2000367590,55.0,True,,https://kith.com/products/khk031399-6022
8286735138944,Kith Kids Sketched Classic Logo Mulberry II Tee - Iolite,khk031399-6022,Kith Kids,Short Sleeve Tees,45144005574784,4T,2000367591,55.0,True,,https://kith.com/products/khk031399-6022
8286735138944,Kith Kids Sketched Classic Logo Mulberry II Tee - Iolite,khk031399-6022,Kith Kids,Short Sleeve Tees,45144005607552,XS,2000367592,55.0,True,,https://kith.com/products/khk031399-6022
8286735138944,Kith Kids Sketched Classic Logo Mulberry II Tee - Iolite,khk031399-6022,Kith Kids,Short Sleeve Tees,45144005640320,S,2000367593,55.0,True,,https://kith.com/products/khk031399-6022
8286735138944,Kith Kids Sketched Classic Logo Mulberry II Tee - Iolite,khk031399-6022,Kith Kids,Short Sleeve Tees,45144005673088,M,2000367594,55.0,True,,https://kith.com/products/khk031399-6022
8286735138944,Kith Kids Sketched Classic Logo Mulberry II Tee - Iolite,khk031399-6022,Kith Kids,Short Sleeve Tees,45144005705856,L,2000367595,55.0,True,,https://kith.com/products/khk031399-6022
8286735138944,Kith Kids Sketched Classic Logo Mulberry II Tee - Iolite,khk031399-6022,Kith Kids,Short Sleeve Tees,45144005738624,XL,2000367596,55.0,True,,https://kith.com/products/khk031399-6022
8286735106176,Kith Kids Velour Paneled Linden Quarter Zip - Stadium,khk031395-302,Kith Kids,Quarter Zips,45144005247104,2T,2000367399,100.0,True,,https://kith.com/products/khk031395-302
8286735106176,Kith Kids Velour Paneled Linden Quarter Zip - Stadium,khk031395-302,Kith Kids,Quarter Zips,45144005279872,3T,2000367400,100.0,True,,https://kith.com/products/khk031395-302
8286735106176,Kith Kids Velour Paneled Linden Quarter Zip - Stadium,khk031395-302,Kith Kids,Quarter Zips,45144005312640,4T,2000367401,100.0,True,,https://kith.com/products/khk031395-302
8286735106176,Kith Kids Velour Paneled Linden Quarter Zip - Stadium,khk031395-302,Kith Kids,Quarter Zips,45144005345408,XS,2000367402,100.0,True,,https://kith.com/products/khk031395-302
8286735106176,Kith Kids Velour Paneled Linden Quarter Zip - Stadium,khk031395-302,Kith Kids,Quarter Zips,45144005378176,S,2000367403,100.0,True,,https://kith.com/products/khk031395-302
8286735106176,Kith Kids Velour Paneled Linden Quarter Zip - Stadium,khk031395-302,Kith Kids,Quarter Zips,45144005410944,M,2000367404,100.0,True,,https://kith.com/products/khk031395-302
8286735106176,Kith Kids Velour Paneled Linden Quarter Zip - Stadium,khk031395-302,Kith Kids,Quarter Zips,45144005443712,L,2000367405,100.0,True,,https://kith.com/products/khk031395-302
8286735106176,Kith Kids Velour Paneled Linden Quarter Zip - Stadium,khk031395-302,Kith Kids,Quarter Zips,45144005476480,XL,2000367406,100.0,True,,https://kith.com/products/khk031395-302
8286735007872,Kith Kids Velour Paneled Short - Stadium,khk060663-302,Kith Kids,Shorts,45144004460672,2T,2000367415,85.0,True,,https://kith.com/products/khk060663-302
8286735007872,Kith Kids Velour Paneled Short - Stadium,khk060663-302,Kith Kids,Shorts,45144004493440,3T,2000367416,85.0,True,,https://kith.com/products/khk060663-302
8286735007872,Kith Kids Velour Paneled Short - Stadium,khk060663-302,Kith Kids,Shorts,45144004526208,4T,2000367417,85.0,True,,https://kith.com/products/khk060663-302
8286735007872,Kith Kids Velour Paneled Short - Stadium,khk060663-302,Kith Kids,Shorts,45144004558976,XS,2000367418,85.0,True,,https://kith.com/products/khk060663-302
8286735007872,Kith Kids Velour Paneled Short - Stadium,khk060663-302,Kith Kids,Shorts,45144004591744,S,2000367419,85.0,True,,https://kith.com/products/khk060663-302
8286735007872,Kith Kids Velour Paneled Short - Stadium,khk060663-302,Kith Kids,Shorts,45144004624512,M,2000367420,85.0,True,,https://kith.com/products/khk060663-302
8286735007872,Kith Kids Velour Paneled Short - Stadium,khk060663-302,Kith Kids,Shorts,45144004657280,L,2000367421,85.0,True,,https://kith.com/products/khk060663-302
8286735007872,Kith Kids Velour Paneled Short - Stadium,khk060663-302,Kith Kids,Shorts,45144004690048,XL,2000367422,85.0,True,,https://kith.com/products/khk060663-302
8286734942336,Kith Kids Athletic Mesh Combo Hoodie - Medium Heather Grey,khk031387-154,Kith Kids,Hoodies,45144003936384,2T,2000367605,125.0,True,,https://kith.com/products/khk031387-154
8286734942336,Kith Kids Athletic Mesh Combo Hoodie - Medium Heather Grey,khk031387-154,Kith Kids,Hoodies,45144003969152,3T,2000367606,125.0,True,,https://kith.com/products/khk031387-154
8286734942336,Kith Kids Athletic Mesh Combo Hoodie - Medium Heather Grey,khk031387-154,Kith Kids,Hoodies,45144004001920,4T,2000367607,125.0,True,,https://kith.com/products/khk031387-154
8286734942336,Kith Kids Athletic Mesh Combo Hoodie - Medium Heather Grey,khk031387-154,Kith Kids,Hoodies,45144004034688,XS,2000367608,125.0,True,,https://kith.com/products/khk031387-154
8286734942336,Kith Kids Athletic Mesh Combo Hoodie - Medium Heather Grey,khk031387-154,Kith Kids,Hoodies,45144004067456,S,2000367609,125.0,True,,https://kith.com/products/khk031387-154
8286734942336,Kith Kids Athletic Mesh Combo Hoodie - Medium Heather Grey,khk031387-154,Kith Kids,Hoodies,45144004100224,M,2000367610,125.0,True,,https://kith.com/products/khk031387-154
8286734942336,Kith Kids Athletic Mesh Combo Hoodie - Medium Heather Grey,khk031387-154,Kith Kids,Hoodies,45144004132992,L,2000367611,125.0,True,,https://kith.com/products/khk031387-154
8286734942336,Kith Kids Athletic Mesh Combo Hoodie - Medium Heather Grey,khk031387-154,Kith Kids,Hoodies,45144004165760,XL,2000367612,125.0,True,,https://kith.com/products/khk031387-154
8286734844032,Kith Kids for Matthew Langille Graphic Tee - White,khk031402-101,Kith Kids,Short Sleeve Tees,45144003149952,2T,2000367597,55.0,True,,https://kith.com/products/khk031402-101
8286734844032,Kith Kids for Matthew Langille Graphic Tee - White,khk031402-101,Kith Kids,Short Sleeve Tees,45144003182720,3T,2000367598,55.0,True,,https://kith.com/products/khk031402-101
8286734844032,Kith Kids for Matthew Langille Graphic Tee - White,khk031402-101,Kith Kids,Short Sleeve Tees,45144003215488,4T,2000367599,55.0,True,,https://kith.com/products/khk031402-101
8286734844032,Kith Kids for Matthew Langille Graphic Tee - White,khk031402-101,Kith Kids,Short Sleeve Tees,45144003248256,XS,2000367600,55.0,True,,https://kith.com/products/khk031402-101
8286734844032,Kith Kids for Matthew Langille Graphic Tee - White,khk031402-101,Kith Kids,Short Sleeve Tees,45144003281024,S,2000367601,55.0,True,,https://kith.com/products/khk031402-101
8286734844032,Kith Kids for Matthew Langille Graphic Tee - White,khk031402-101,Kith Kids,Short Sleeve Tees,45144003313792,M,2000367602,55.0,True,,https://kith.com/products/khk031402-101
8286734844032,Kith Kids for Matthew Langille Graphic Tee - White,khk031402-101,Kith Kids,Short Sleeve Tees,45144003346560,L,2000367603,55.0,True,,https://kith.com/products/khk031402-101
8286734844032,Kith Kids for Matthew Langille Graphic Tee - White,khk031402-101,Kith Kids,Short Sleeve Tees,45144003379328,XL,2000367604,55.0,True,,https://kith.com/products/khk031402-101
8286734778496,Kith Kids & '47 for the New York Yankees Snapback Cap - Storm Mid Wash,khka050071-428,Kith Kids,Snapback Hats,45144003084416,OS,2000367829,55.0,True,,https://kith.com/products/khka050071-428
8286734712960,Kith Kids 2-Pack Big Claw Clips - Multi,khla150110-906,Kith Kids,Hair Accessories,45144003018880,OS,2000367832,35.0,False,,https://kith.com/products/khla150110-906
8286734647424,Kith Kids for Matthew Langille Supplies Box Set - Multi,khla150111-906,Kith Kids,Decor & Accessories,45144002953344,OS,2000367833,55.0,True,,https://kith.com/products/khla150111-906
8286734614656,Kith Kids Varsity Snapback Cap - Stadium,khka050070-302,Kith Kids,Snapback Hats,45144002920576,OS,2000367825,55.0,True,,https://kith.com/products/khka050070-302
8286734516352,Kith Kids Chunky Knit Rugby Shirt - Sandrift,khk031381-104,Kith Kids,Rugby Shirts,45144002396288,2T,2000367761,135.0,True,,https://kith.com/products/khk031381-104
8286734516352,Kith Kids Chunky Knit Rugby Shirt - Sandrift,khk031381-104,Kith Kids,Rugby Shirts,45144002429056,3T,2000367762,135.0,True,,https://kith.com/products/khk031381-104
8286734516352,Kith Kids Chunky Knit Rugby Shirt - Sandrift,khk031381-104,Kith Kids,Rugby Shirts,45144002461824,4T,2000367763,135.0,True,,https://kith.com/products/khk031381-104
8286734516352,Kith Kids Chunky Knit Rugby Shirt - Sandrift,khk031381-104,Kith Kids,Rugby Shirts,45144002494592,XS,2000367764,135.0,True,,https://kith.com/products/khk031381-104
8286734516352,Kith Kids Chunky Knit Rugby Shirt - Sandrift,khk031381-104,Kith Kids,Rugby Shirts,45144002527360,S,2000367765,135.0,True,,https://kith.com/products/khk031381-104
8286734516352,Kith Kids Chunky Knit Rugby Shirt - Sandrift,khk031381-104,Kith Kids,Rugby Shirts,45144002560128,M,2000367766,135.0,True,,https://kith.com/products/khk031381-104
8286734516352,Kith Kids Chunky Knit Rugby Shirt - Sandrift,khk031381-104,Kith Kids,Rugby Shirts,45144002592896,L,2000367767,135.0,True,,https://kith.com/products/khk031381-104
8286734516352,Kith Kids Chunky Knit Rugby Shirt - Sandrift,khk031381-104,Kith Kids,Rugby Shirts,45144002625664,XL,2000367768,135.0,True,,https://kith.com/products/khk031381-104
8286734483584,Kith Kids Chunky Knit Nelson Crewneck - Essence,khk031380-624,Kith Kids,Sweaters,45144002101376,2T,2000367769,120.0,True,,https://kith.com/products/khk031380-624
8286734483584,Kith Kids Chunky Knit Nelson Crewneck - Essence,khk031380-624,Kith Kids,Sweaters,45144002134144,3T,2000367770,120.0,True,,https://kith.com/products/khk031380-624
8286734483584,Kith Kids Chunky Knit Nelson Crewneck - Essence,khk031380-624,Kith Kids,Sweaters,45144002166912,4T,2000367771,120.0,True,,https://kith.com/products/khk031380-624
8286734483584,Kith Kids Chunky Knit Nelson Crewneck - Essence,khk031380-624,Kith Kids,Sweaters,45144002199680,XS,2000367772,120.0,True,,https://kith.com/products/khk031380-624
8286734483584,Kith Kids Chunky Knit Nelson Crewneck - Essence,khk031380-624,Kith Kids,Sweaters,45144002232448,S,2000367773,120.0,True,,https://kith.com/products/khk031380-624
8286734483584,Kith Kids Chunky Knit Nelson Crewneck - Essence,khk031380-624,Kith Kids,Sweaters,45144002265216,M,2000367774,120.0,True,,https://kith.com/products/khk031380-624
8286734483584,Kith Kids Chunky Knit Nelson Crewneck - Essence,khk031380-624,Kith Kids,Sweaters,45144002297984,L,2000367775,120.0,True,,https://kith.com/products/khk031380-624
8286734483584,Kith Kids Chunky Knit Nelson Crewneck - Essence,khk031380-624,Kith Kids,Sweaters,45144002330752,XL,2000367776,120.0,True,,https://kith.com/products/khk031380-624
8286734450816,Kith Kids & '47 for the Los Angeles Dodgers Denim Snapback Cap - Indigo,khka050072-403,Kith Kids,Snapback Hats,45144001806464,OS,2000367830,55.0,True,,https://kith.com/products/khka050072-403
8286734352512,Kith Kids Leopard Alonzo Denim Jacket - Incognito,khk010331-244,Kith Kids,Denim Jackets,45144001511552,2T,2000374261,135.0,True,,https://kith.com/products/khk010331-244
8286734352512,Kith Kids Leopard Alonzo Denim Jacket - Incognito,khk010331-244,Kith Kids,Denim Jackets,45144001544320,3T,2000374262,135.0,True,,https://kith.com/products/khk010331-244
8286734352512,Kith Kids Leopard Alonzo Denim Jacket - Incognito,khk010331-244,Kith Kids,Denim Jackets,45144001577088,4T,2000374263,135.0,True,,https://kith.com/products/khk010331-244
8286734352512,Kith Kids Leopard Alonzo Denim Jacket - Incognito,khk010331-244,Kith Kids,Denim Jackets,45144001609856,XS,2000374264,135.0,True,,https://kith.com/products/khk010331-244
8286734352512,Kith Kids Leopard Alonzo Denim Jacket - Incognito,khk010331-244,Kith Kids,Denim Jackets,45144001642624,S,2000374265,135.0,True,,https://kith.com/products/khk010331-244
8286734352512,Kith Kids Leopard Alonzo Denim Jacket - Incognito,khk010331-244,Kith Kids,Denim Jackets,45144001675392,M,2000374266,135.0,True,,https://kith.com/products/khk010331-244
8286734352512,Kith Kids Leopard Alonzo Denim Jacket - Incognito,khk010331-244,Kith Kids,Denim Jackets,45144001708160,L,2000374267,135.0,True,,https://kith.com/products/khk010331-244
8286734352512,Kith Kids Leopard Alonzo Denim Jacket - Incognito,khk010331-244,Kith Kids,Denim Jackets,45144001740928,XL,2000374268,135.0,True,,https://kith.com/products/khk010331-244
8286734286976,Kith Kids Leopard Mulberry Tee - Incognito,khk031401-244,Kith Kids,Short Sleeve Tees,45144000725120,2T,2000374205,60.0,True,,https://kith.com/products/khk031401-244
8286734286976,Kith Kids Leopard Mulberry Tee - Incognito,khk031401-244,Kith Kids,Short Sleeve Tees,45144000757888,3T,2000374206,60.0,True,,https://kith.com/products/khk031401-244
8286734286976,Kith Kids Leopard Mulberry Tee - Incognito,khk031401-244,Kith Kids,Short Sleeve Tees,45144000790656,4T,2000374207,60.0,True,,https://kith.com/products/khk031401-244
8286734286976,Kith Kids Leopard Mulberry Tee - Incognito,khk031401-244,Kith Kids,Short Sleeve Tees,45144000823424,XS,2000374208,60.0,True,,https://kith.com/products/khk031401-244
8286734286976,Kith Kids Leopard Mulberry Tee - Incognito,khk031401-244,Kith Kids,Short Sleeve Tees,45144000856192,S,2000374209,60.0,True,,https://kith.com/products/khk031401-244
8286734286976,Kith Kids Leopard Mulberry Tee - Incognito,khk031401-244,Kith Kids,Short Sleeve Tees,45144000888960,M,2000374210,60.0,True,,https://kith.com/products/khk031401-244
8286734286976,Kith Kids Leopard Mulberry Tee - Incognito,khk031401-244,Kith Kids,Short Sleeve Tees,45144000921728,L,2000374211,60.0,True,,https://kith.com/products/khk031401-244
8286734286976,Kith Kids Leopard Mulberry Tee - Incognito,khk031401-244,Kith Kids,Short Sleeve Tees,45144000954496,XL,2000374212,60.0,True,,https://kith.com/products/khk031401-244
8286734221440,Kith Kids Leopard Bishop Tee - Incognito,khk031373-244,Kith Kids,Short Sleeve Tees,45144000462976,2T,2000374197,65.0,True,,https://kith.com/products/khk031373-244
8286734221440,Kith Kids Leopard Bishop Tee - Incognito,khk031373-244,Kith Kids,Short Sleeve Tees,45144000495744,3T,2000374198,65.0,True,,https://kith.com/products/khk031373-244
8286734221440,Kith Kids Leopard Bishop Tee - Incognito,khk031373-244,Kith Kids,Short Sleeve Tees,45144000528512,4T,2000374199,65.0,True,,https://kith.com/products/khk031373-244
8286734221440,Kith Kids Leopard Bishop Tee - Incognito,khk031373-244,Kith Kids,Short Sleeve Tees,45144000561280,XS,2000374200,65.0,True,,https://kith.com/products/khk031373-244
8286734221440,Kith Kids Leopard Bishop Tee - Incognito,khk031373-244,Kith Kids,Short Sleeve Tees,45144000594048,S,2000374201,65.0,True,,https://kith.com/products/khk031373-244
8286734221440,Kith Kids Leopard Bishop Tee - Incognito,khk031373-244,Kith Kids,Short Sleeve Tees,45144000626816,M,2000374202,65.0,True,,https://kith.com/products/khk031373-244
8286734221440,Kith Kids Leopard Bishop Tee - Incognito,khk031373-244,Kith Kids,Short Sleeve Tees,45144000659584,L,2000374203,65.0,True,,https://kith.com/products/khk031373-244
8286734221440,Kith Kids Leopard Bishop Tee - Incognito,khk031373-244,Kith Kids,Short Sleeve Tees,45144000692352,XL,2000374204,65.0,True,,https://kith.com/products/khk031373-244
8286734155904,Kith Kids for Matthew Langille Backpack - Polar,khka040072-5029,Kith Kids,Backpacks,45144000168064,OS,2000375991,95.0,True,,https://kith.com/products/khka040072-5029
8286734123136,Kith Kids Leopard Heston Wide Leg Jean - Incognito,khk060653-244,Kith Kids,Jeans,45143999905920,2T,2000374269,105.0,True,,https://kith.com/products/khk060653-244
8286734123136,Kith Kids Leopard Heston Wide Leg Jean - Incognito,khk060653-244,Kith Kids,Jeans,45143999938688,3T,2000374270,105.0,True,,https://kith.com/products/khk060653-244
8286734123136,Kith Kids Leopard Heston Wide Leg Jean - Incognito,khk060653-244,Kith Kids,Jeans,45143999971456,4T,2000374271,105.0,True,,https://kith.com/products/khk060653-244
8286734123136,Kith Kids Leopard Heston Wide Leg Jean - Incognito,khk060653-244,Kith Kids,Jeans,45144000004224,XS,2000374272,105.0,True,,https://kith.com/products/khk060653-244
8286734123136,Kith Kids Leopard Heston Wide Leg Jean - Incognito,khk060653-244,Kith Kids,Jeans,45144000036992,S,2000374273,105.0,True,,https://kith.com/products/khk060653-244
8286734123136,Kith Kids Leopard Heston Wide Leg Jean - Incognito,khk060653-244,Kith Kids,Jeans,45144000069760,M,2000374274,105.0,True,,https://kith.com/products/khk060653-244
8286734123136,Kith Kids Leopard Heston Wide Leg Jean - Incognito,khk060653-244,Kith Kids,Jeans,45144000102528,L,2000374275,105.0,True,,https://kith.com/products/khk060653-244
8286734123136,Kith Kids Leopard Heston Wide Leg Jean - Incognito,khk060653-244,Kith Kids,Jeans,45144000135296,XL,2000374276,105.0,True,,https://kith.com/products/khk060653-244
8286733992064,Kith Kids for Matthew Langille Denim Classic Cap - Polar,khka050073-5029,Kith Kids,Caps,45143999545472,OS,2000375989,55.0,True,,https://kith.com/products/khka050073-5029
8286733959296,Kith Kids for Matthew Langille Soft Pencil Case - Polar,khka040073-5029,Kith Kids,Lifestyle,45143999512704,OS,2000375992,40.0,True,,https://kith.com/products/khka040073-5029
8286733893760,Kith Kids for Matthew Langille Tote Bag - Polar,khka040070-5029,Kith Kids,Tote Bags,45143999447168,OS,2000375990,85.0,True,,https://kith.com/products/khka040070-5029
8286733566080,Kith Baby for Matthew Langille Puffer Vest - Polar,khb010082-5029,Kith Baby,Vests,45143992008832,0-3,2000374345,115.0,True,,https://kith.com/products/khb010082-5029
8286733566080,Kith Baby for Matthew Langille Puffer Vest - Polar,khb010082-5029,Kith Baby,Vests,45143992041600,3-6,2000374346,115.0,True,,https://kith.com/products/khb010082-5029
8286733566080,Kith Baby for Matthew Langille Puffer Vest - Polar,khb010082-5029,Kith Baby,Vests,45143992074368,6-9,2000374347,115.0,True,,https://kith.com/products/khb010082-5029
8286733566080,Kith Baby for Matthew Langille Puffer Vest - Polar,khb010082-5029,Kith Baby,Vests,45143992107136,9-12,2000374348,115.0,True,,https://kith.com/products/khb010082-5029
8286733566080,Kith Baby for Matthew Langille Puffer Vest - Polar,khb010082-5029,Kith Baby,Vests,45143992139904,12-18,2000374349,115.0,True,,https://kith.com/products/khb010082-5029
8286733467776,Kith Baby Leopard Alonzo Denim Jacket - Incognito,khb010084-244,Kith Baby,Denim Jackets,45143991517312,0-3,2000374277,100.0,True,,https://kith.com/products/khb010084-244
8286733467776,Kith Baby Leopard Alonzo Denim Jacket - Incognito,khb010084-244,Kith Baby,Denim Jackets,45143991550080,3-6,2000374278,100.0,True,,https://kith.com/products/khb010084-244
8286733467776,Kith Baby Leopard Alonzo Denim Jacket - Incognito,khb010084-244,Kith Baby,Denim Jackets,45143991582848,6-9,2000374279,100.0,True,,https://kith.com/products/khb010084-244
8286733467776,Kith Baby Leopard Alonzo Denim Jacket - Incognito,khb010084-244,Kith Baby,Denim Jackets,45143991615616,9-12,2000374280,100.0,True,,https://kith.com/products/khb010084-244
8286733467776,Kith Baby Leopard Alonzo Denim Jacket - Incognito,khb010084-244,Kith Baby,Denim Jackets,45143991648384,12-18,2000374281,100.0,True,,https://kith.com/products/khb010084-244
8286733435008,Kith Baby Leopard Heston Wide Leg Jean - Incognito,khb060227-244,Kith Baby,Jeans,45143991353472,0-3,2000374397,75.0,True,,https://kith.com/products/khb060227-244
8286733435008,Kith Baby Leopard Heston Wide Leg Jean - Incognito,khb060227-244,Kith Baby,Jeans,45143991386240,3-6,2000374398,75.0,True,,https://kith.com/products/khb060227-244
8286733435008,Kith Baby Leopard Heston Wide Leg Jean - Incognito,khb060227-244,Kith Baby,Jeans,45143991419008,6-9,2000374399,75.0,True,,https://kith.com/products/khb060227-244
8286733435008,Kith Baby Leopard Heston Wide Leg Jean - Incognito,khb060227-244,Kith Baby,Jeans,45143991451776,9-12,2000374400,75.0,True,,https://kith.com/products/khb060227-244
8286733435008,Kith Baby Leopard Heston Wide Leg Jean - Incognito,khb060227-244,Kith Baby,Jeans,45143991484544,12-18,2000374401,75.0,True,,https://kith.com/products/khb060227-244
8286733303936,Kith Baby Varsity Snapback Cap - Stadium,khba050070-302,Kith Baby,Snapback Hats,45143990960256,OS,2000367837,45.0,True,,https://kith.com/products/khba050070-302
8286733238400,Kith Baby Leopard Kith Serif Leonard Tee - Sandrift,khb030407-104,Kith Baby,Short Sleeve Tees,45143990632576,0-3,2000366799,50.0,True,,https://kith.com/products/khb030407-104
8286733238400,Kith Baby Leopard Kith Serif Leonard Tee - Sandrift,khb030407-104,Kith Baby,Short Sleeve Tees,45143990665344,3-6,2000366800,50.0,True,,https://kith.com/products/khb030407-104
8286733238400,Kith Baby Leopard Kith Serif Leonard Tee - Sandrift,khb030407-104,Kith Baby,Short Sleeve Tees,45143990698112,6-9,2000366801,50.0,True,,https://kith.com/products/khb030407-104
8286733238400,Kith Baby Leopard Kith Serif Leonard Tee - Sandrift,khb030407-104,Kith Baby,Short Sleeve Tees,45143990730880,9-12,2000366802,50.0,True,,https://kith.com/products/khb030407-104
8286733238400,Kith Baby Leopard Kith Serif Leonard Tee - Sandrift,khb030407-104,Kith Baby,Short Sleeve Tees,45143990763648,12-18,2000366803,50.0,True,,https://kith.com/products/khb030407-104
8286733205632,Kith Baby Varsity Nelson Knit Crewneck - Cyanotype,khb030403-424,Kith Baby,Crewnecks,45143990468736,0-3,2000366764,105.0,True,,https://kith.com/products/khb030403-424
8286733205632,Kith Baby Varsity Nelson Knit Crewneck - Cyanotype,khb030403-424,Kith Baby,Crewnecks,45143990501504,3-6,2000366765,105.0,True,,https://kith.com/products/khb030403-424
8286733205632,Kith Baby Varsity Nelson Knit Crewneck - Cyanotype,khb030403-424,Kith Baby,Crewnecks,45143990534272,6-9,2000366766,105.0,True,,https://kith.com/products/khb030403-424
8286733205632,Kith Baby Varsity Nelson Knit Crewneck - Cyanotype,khb030403-424,Kith Baby,Crewnecks,45143990567040,9-12,2000366767,105.0,True,,https://kith.com/products/khb030403-424
8286733205632,Kith Baby Varsity Nelson Knit Crewneck - Cyanotype,khb030403-424,Kith Baby,Crewnecks,45143990599808,12-18,2000366768,105.0,True,,https://kith.com/products/khb030403-424
8286733140096,Kith Baby Chunky Knit Rugby Shirt - Sandrift,khb030402-104,Kith Baby,Rugby Shirts,45143990141056,0-3,2000366759,115.0,True,,https://kith.com/products/khb030402-104
8286733140096,Kith Baby Chunky Knit Rugby Shirt - Sandrift,khb030402-104,Kith Baby,Rugby Shirts,45143990173824,3-6,2000366760,115.0,True,,https://kith.com/products/khb030402-104
8286733140096,Kith Baby Chunky Knit Rugby Shirt - Sandrift,khb030402-104,Kith Baby,Rugby Shirts,45143990206592,6-9,2000366761,115.0,True,,https://kith.com/products/khb030402-104
8286733140096,Kith Baby Chunky Knit Rugby Shirt - Sandrift,khb030402-104,Kith Baby,Rugby Shirts,45143990239360,9-12,2000366762,115.0,True,,https://kith.com/products/khb030402-104
8286733140096,Kith Baby Chunky Knit Rugby Shirt - Sandrift,khb030402-104,Kith Baby,Rugby Shirts,45143990272128,12-18,2000366763,115.0,True,,https://kith.com/products/khb030402-104
8286733041792,Kith Baby Textured Denim Chauncey Pant - Indigo,khb060226-403,Kith Baby,Pants,45143989649536,0-3,2000366784,75.0,True,,https://kith.com/products/khb060226-403
8286733041792,Kith Baby Textured Denim Chauncey Pant - Indigo,khb060226-403,Kith Baby,Pants,45143989682304,3-6,2000366785,75.0,True,,https://kith.com/products/khb060226-403
8286733041792,Kith Baby Textured Denim Chauncey Pant - Indigo,khb060226-403,Kith Baby,Pants,45143989715072,6-9,2000366786,75.0,True,,https://kith.com/products/khb060226-403
8286733041792,Kith Baby Textured Denim Chauncey Pant - Indigo,khb060226-403,Kith Baby,Pants,45143989747840,9-12,2000366787,75.0,True,,https://kith.com/products/khb060226-403
8286733041792,Kith Baby Textured Denim Chauncey Pant - Indigo,khb060226-403,Kith Baby,Pants,45143989780608,12-18,2000366788,75.0,True,,https://kith.com/products/khb060226-403
8286733009024,Kith Baby Collegiate Nelson Sweatpant - Light Heather Grey,khb060228-002,Kith Baby,Sweatpants,45143989485696,0-3,2000366824,65.0,True,,https://kith.com/products/khb060228-002
8286733009024,Kith Baby Collegiate Nelson Sweatpant - Light Heather Grey,khb060228-002,Kith Baby,Sweatpants,45143989518464,3-6,2000366825,65.0,True,,https://kith.com/products/khb060228-002
8286733009024,Kith Baby Collegiate Nelson Sweatpant - Light Heather Grey,khb060228-002,Kith Baby,Sweatpants,45143989551232,6-9,2000366826,65.0,True,,https://kith.com/products/khb060228-002
8286733009024,Kith Baby Collegiate Nelson Sweatpant - Light Heather Grey,khb060228-002,Kith Baby,Sweatpants,45143989584000,9-12,2000366827,65.0,True,,https://kith.com/products/khb060228-002
8286733009024,Kith Baby Collegiate Nelson Sweatpant - Light Heather Grey,khb060228-002,Kith Baby,Sweatpants,45143989616768,12-18,2000366828,65.0,True,,https://kith.com/products/khb060228-002
8286732976256,Kith Baby for Matthew Langille Nelson Sweatpant - Sandrift,khb060229-104,Kith Baby,Sweatpants,45143989321856,0-3,2000366809,65.0,True,,https://kith.com/products/khb060229-104
8286732976256,Kith Baby for Matthew Langille Nelson Sweatpant - Sandrift,khb060229-104,Kith Baby,Sweatpants,45143989354624,3-6,2000366810,65.0,True,,https://kith.com/products/khb060229-104
8286732976256,Kith Baby for Matthew Langille Nelson Sweatpant - Sandrift,khb060229-104,Kith Baby,Sweatpants,45143989387392,6-9,2000366811,65.0,True,,https://kith.com/products/khb060229-104
8286732976256,Kith Baby for Matthew Langille Nelson Sweatpant - Sandrift,khb060229-104,Kith Baby,Sweatpants,45143989420160,9-12,2000366812,65.0,True,,https://kith.com/products/khb060229-104
8286732976256,Kith Baby for Matthew Langille Nelson Sweatpant - Sandrift,khb060229-104,Kith Baby,Sweatpants,45143989452928,12-18,2000366813,65.0,True,,https://kith.com/products/khb060229-104
8286732910720,Kith Baby for Matthew Langille Graphic Bodysuit - White,khbbo0036-101,Kith Baby,Baby Bodysuits,45143988994176,0-3,2000366804,45.0,True,,https://kith.com/products/khbbo0036-101
8286732910720,Kith Baby for Matthew Langille Graphic Bodysuit - White,khbbo0036-101,Kith Baby,Baby Bodysuits,45143989026944,3-6,2000366805,45.0,True,,https://kith.com/products/khbbo0036-101
8286732910720,Kith Baby for Matthew Langille Graphic Bodysuit - White,khbbo0036-101,Kith Baby,Baby Bodysuits,45143989059712,6-9,2000366806,45.0,True,,https://kith.com/products/khbbo0036-101
8286732910720,Kith Baby for Matthew Langille Graphic Bodysuit - White,khbbo0036-101,Kith Baby,Baby Bodysuits,45143989092480,9-12,2000366807,45.0,True,,https://kith.com/products/khbbo0036-101
8286732910720,Kith Baby for Matthew Langille Graphic Bodysuit - White,khbbo0036-101,Kith Baby,Baby Bodysuits,45143989125248,12-18,2000366808,45.0,True,,https://kith.com/products/khbbo0036-101
8286732877952,Kith Baby for Matthew Langille Nelson Hoodie - Sandrift,khb030406-104,Kith Baby,Hoodies,45143988830336,0-3,2000366814,70.0,True,,https://kith.com/products/khb030406-104
8286732877952,Kith Baby for Matthew Langille Nelson Hoodie - Sandrift,khb030406-104,Kith Baby,Hoodies,45143988863104,3-6,2000366815,70.0,True,,https://kith.com/products/khb030406-104
8286732877952,Kith Baby for Matthew Langille Nelson Hoodie - Sandrift,khb030406-104,Kith Baby,Hoodies,45143988895872,6-9,2000366816,70.0,True,,https://kith.com/products/khb030406-104
8286732877952,Kith Baby for Matthew Langille Nelson Hoodie - Sandrift,khb030406-104,Kith Baby,Hoodies,45143988928640,9-12,2000366817,70.0,True,,https://kith.com/products/khb030406-104
8286732877952,Kith Baby for Matthew Langille Nelson Hoodie - Sandrift,khb030406-104,Kith Baby,Hoodies,45143988961408,12-18,2000366818,70.0,True,,https://kith.com/products/khb030406-104
8286732845184,Kith Baby Varsity Jacket - Stadium,khb010081-302,Kith Baby,Varsity Jackets,45143988666496,0-3,2000366749,120.0,True,,https://kith.com/products/khb010081-302
8286732845184,Kith Baby Varsity Jacket - Stadium,khb010081-302,Kith Baby,Varsity Jackets,45143988699264,3-6,2000366750,120.0,True,,https://kith.com/products/khb010081-302
8286732845184,Kith Baby Varsity Jacket - Stadium,khb010081-302,Kith Baby,Varsity Jackets,45143988732032,6-9,2000366751,120.0,True,,https://kith.com/products/khb010081-302
8286732845184,Kith Baby Varsity Jacket - Stadium,khb010081-302,Kith Baby,Varsity Jackets,45143988764800,9-12,2000366752,120.0,True,,https://kith.com/products/khb010081-302
8286732845184,Kith Baby Varsity Jacket - Stadium,khb010081-302,Kith Baby,Varsity Jackets,45143988797568,12-18,2000366753,120.0,True,,https://kith.com/products/khb010081-302
8286732779648,Kith Baby Patchwork Plaid Overall Dress - Chest,khb080040-5010,Kith Baby,Dresses,45143988338816,0-3,2000366754,100.0,True,,https://kith.com/products/khb080040-5010
8286732779648,Kith Baby Patchwork Plaid Overall Dress - Chest,khb080040-5010,Kith Baby,Dresses,45143988371584,3-6,2000366755,100.0,True,,https://kith.com/products/khb080040-5010
8286732779648,Kith Baby Patchwork Plaid Overall Dress - Chest,khb080040-5010,Kith Baby,Dresses,45143988404352,6-9,2000366756,100.0,True,,https://kith.com/products/khb080040-5010
8286732779648,Kith Baby Patchwork Plaid Overall Dress - Chest,khb080040-5010,Kith Baby,Dresses,45143988437120,9-12,2000366757,100.0,True,,https://kith.com/products/khb080040-5010
8286732779648,Kith Baby Patchwork Plaid Overall Dress - Chest,khb080040-5010,Kith Baby,Dresses,45143988469888,12-18,2000366758,100.0,True,,https://kith.com/products/khb080040-5010
8286732681344,Kith Baby Collegiate Snap Hunter Crewneck - Light Heather Grey,khb030405-002,Kith Baby,Sweatshirts,45143987847296,0-3,2000366829,75.0,True,,https://kith.com/products/khb030405-002
8286732681344,Kith Baby Collegiate Snap Hunter Crewneck - Light Heather Grey,khb030405-002,Kith Baby,Sweatshirts,45143987880064,3-6,2000366830,75.0,True,,https://kith.com/products/khb030405-002
8286732681344,Kith Baby Collegiate Snap Hunter Crewneck - Light Heather Grey,khb030405-002,Kith Baby,Sweatshirts,45143987912832,6-9,2000366831,75.0,True,,https://kith.com/products/khb030405-002
8286732681344,Kith Baby Collegiate Snap Hunter Crewneck - Light Heather Grey,khb030405-002,Kith Baby,Sweatshirts,45143987945600,9-12,2000366832,75.0,True,,https://kith.com/products/khb030405-002
8286732681344,Kith Baby Collegiate Snap Hunter Crewneck - Light Heather Grey,khb030405-002,Kith Baby,Sweatshirts,45143987978368,12-18,2000366833,75.0,True,,https://kith.com/products/khb030405-002
8286732648576,Kith Baby Varsity Letter Nelson Coverall - Stadium,khb110099-302,Kith Baby,Coveralls,45143987683456,0-3,2000366819,95.0,True,,https://kith.com/products/khb110099-302
8286732648576,Kith Baby Varsity Letter Nelson Coverall - Stadium,khb110099-302,Kith Baby,Coveralls,45143987716224,3-6,2000366820,95.0,True,,https://kith.com/products/khb110099-302
8286732648576,Kith Baby Varsity Letter Nelson Coverall - Stadium,khb110099-302,Kith Baby,Coveralls,45143987748992,6-9,2000366821,95.0,True,,https://kith.com/products/khb110099-302
8286732648576,Kith Baby Varsity Letter Nelson Coverall - Stadium,khb110099-302,Kith Baby,Coveralls,45143987781760,9-12,2000366822,95.0,True,,https://kith.com/products/khb110099-302
8286732648576,Kith Baby Varsity Letter Nelson Coverall - Stadium,khb110099-302,Kith Baby,Coveralls,45143987814528,12-18,2000366823,95.0,True,,https://kith.com/products/khb110099-302
8286732583040,Kith Baby Patchwork Plaid Apollo Shirt - Chest,khb030404-5010,Kith Baby,Button Up Shirts,45143987355776,0-3,2000366769,90.0,True,,https://kith.com/products/khb030404-5010
8286732583040,Kith Baby Patchwork Plaid Apollo Shirt - Chest,khb030404-5010,Kith Baby,Button Up Shirts,45143987388544,3-6,2000366770,90.0,True,,https://kith.com/products/khb030404-5010
8286732583040,Kith Baby Patchwork Plaid Apollo Shirt - Chest,khb030404-5010,Kith Baby,Button Up Shirts,45143987421312,6-9,2000366771,90.0,True,,https://kith.com/products/khb030404-5010
8286732583040,Kith Baby Patchwork Plaid Apollo Shirt - Chest,khb030404-5010,Kith Baby,Button Up Shirts,45143987454080,9-12,2000366772,90.0,True,,https://kith.com/products/khb030404-5010
8286732583040,Kith Baby Patchwork Plaid Apollo Shirt - Chest,khb030404-5010,Kith Baby,Button Up Shirts,45143987486848,12-18,2000366773,90.0,True,,https://kith.com/products/khb030404-5010
8286749458560,Saucony ProGrid Omni 9 - Blue Glow,sas101275-1005,Saucony,Low Top Sneakers,45144184848512,3,98299867,175.0,False,,https://kith.com/products/sas101275-1005
8286749458560,Saucony ProGrid Omni 9 - Blue Glow,sas101275-1005,Saucony,Low Top Sneakers,45144184881280,3.5,98299868,175.0,False,,https://kith.com/products/sas101275-1005
8286749458560,Saucony ProGrid Omni 9 - Blue Glow,sas101275-1005,Saucony,Low Top Sneakers,45144184914048,4,98299869,175.0,False,,https://kith.com/products/sas101275-1005
8286749458560,Saucony ProGrid Omni 9 - Blue Glow,sas101275-1005,Saucony,Low Top Sneakers,45144184946816,4.5,98299870,175.0,False,,https://kith.com/products/sas101275-1005
8286749458560,Saucony ProGrid Omni 9 - Blue Glow,sas101275-1005,Saucony,Low Top Sneakers,45144184979584,5,98299871,175.0,False,,https://kith.com/products/sas101275-1005
8286749458560,Saucony ProGrid Omni 9 - Blue Glow,sas101275-1005,Saucony,Low Top Sneakers,45144185012352,5.5,98299872,175.0,False,,https://kith.com/products/sas101275-1005
8286749458560,Saucony ProGrid Omni 9 - Blue Glow,sas101275-1005,Saucony,Low Top Sneakers,45144185045120,6,98299873,175.0,False,,https://kith.com/products/sas101275-1005
8286749458560,Saucony ProGrid Omni 9 - Blue Glow,sas101275-1005,Saucony,Low Top Sneakers,45144185077888,6.5,98299874,175.0,False,,https://kith.com/products/sas101275-1005
8286749458560,Saucony ProGrid Omni 9 - Blue Glow,sas101275-1005,Saucony,Low Top Sneakers,45144185110656,7,98299875,175.0,True,,https://kith.com/products/sas101275-1005
8286749458560,Saucony ProGrid Omni 9 - Blue Glow,sas101275-1005,Saucony,Low Top Sneakers,45144185143424,7.5,98299876,175.0,True,,https://kith.com/products/sas101275-1005
8286749458560,Saucony ProGrid Omni 9 - Blue Glow,sas101275-1005,Saucony,Low Top Sneakers,45144185176192,8,98299877,175.0,True,,https://kith.com/products/sas101275-1005
8286749458560,Saucony ProGrid Omni 9 - Blue Glow,sas101275-1005,Saucony,Low Top Sneakers,45144185208960,8.5,98299878,175.0,True,,https://kith.com/products/sas101275-1005
8286749458560,Saucony ProGrid Omni 9 - Blue Glow,sas101275-1005,Saucony,Low Top Sneakers,45144185241728,9,98299879,175.0,True,,https://kith.com/products/sas101275-1005
8286749458560,Saucony ProGrid Omni 9 - Blue Glow,sas101275-1005,Saucony,Low Top Sneakers,45144185274496,9.5,98299880,175.0,True,,https://kith.com/products/sas101275-1005
8286749458560,Saucony ProGrid Omni 9 - Blue Glow,sas101275-1005,Saucony,Low Top Sneakers,45144185307264,10,98299881,175.0,True,,https://kith.com/products/sas101275-1005
8286749458560,Saucony ProGrid Omni 9 - Blue Glow,sas101275-1005,Saucony,Low Top Sneakers,45144185340032,10.5,98299882,175.0,True,,https://kith.com/products/sas101275-1005
8286749458560,Saucony ProGrid Omni 9 - Blue Glow,sas101275-1005,Saucony,Low Top Sneakers,45144185372800,11,98299883,175.0,True,,https://kith.com/products/sas101275-1005
8286749458560,Saucony ProGrid Omni 9 - Blue Glow,sas101275-1005,Saucony,Low Top Sneakers,45144185405568,11.5,98299884,175.0,False,,https://kith.com/products/sas101275-1005
8286749458560,Saucony ProGrid Omni 9 - Blue Glow,sas101275-1005,Saucony,Low Top Sneakers,45144185438336,12,98299885,175.0,True,,https://kith.com/products/sas101275-1005
8286749458560,Saucony ProGrid Omni 9 - Blue Glow,sas101275-1005,Saucony,Low Top Sneakers,45144185471104,12.5,98299886,175.0,False,,https://kith.com/products/sas101275-1005
8286749458560,Saucony ProGrid Omni 9 - Blue Glow,sas101275-1005,Saucony,Low Top Sneakers,45144185503872,13,98299887,175.0,True,,https://kith.com/products/sas101275-1005
8286749458560,Saucony ProGrid Omni 9 - Blue Glow,sas101275-1005,Saucony,Low Top Sneakers,45144185536640,13.5,98299888,175.0,False,,https://kith.com/products/sas101275-1005
8286749458560,Saucony ProGrid Omni 9 - Blue Glow,sas101275-1005,Saucony,Low Top Sneakers,45144185569408,14,98299889,175.0,True,,https://kith.com/products/sas101275-1005
8286749458560,Saucony ProGrid Omni 9 - Blue Glow,sas101275-1005,Saucony,Low Top Sneakers,45144185602176,14.5,98299890,175.0,False,,https://kith.com/products/sas101275-1005
8286749458560,Saucony ProGrid Omni 9 - Blue Glow,sas101275-1005,Saucony,Low Top Sneakers,45144185634944,15,98299891,175.0,False,,https://kith.com/products/sas101275-1005
8286749458560,Saucony ProGrid Omni 9 - Blue Glow,sas101275-1005,Saucony,Low Top Sneakers,45144185667712,15.5,98299892,175.0,False,,https://kith.com/products/sas101275-1005
8286749458560,Saucony ProGrid Omni 9 - Blue Glow,sas101275-1005,Saucony,Low Top Sneakers,45144185700480,16,98299893,175.0,False,,https://kith.com/products/sas101275-1005
8286749458560,Saucony ProGrid Omni 9 - Blue Glow,sas101275-1005,Saucony,Low Top Sneakers,45144185733248,16.5,98299894,175.0,False,,https://kith.com/products/sas101275-1005
8286749458560,Saucony ProGrid Omni 9 - Blue Glow,sas101275-1005,Saucony,Low Top Sneakers,45144185766016,17,98299895,175.0,False,,https://kith.com/products/sas101275-1005
8286749458560,Saucony ProGrid Omni 9 - Blue Glow,sas101275-1005,Saucony,Low Top Sneakers,45144185798784,18,98299896,175.0,False,,https://kith.com/products/sas101275-1005
8286723276928,Havaianas x KidSuper Top Turf Pitch - Green Velvet,hav4150808-2703,Havaianas,Sandals,45143902257280,35/36,196405368668,120.0,False,,https://kith.com/products/hav4150808-2703
8286723276928,Havaianas x KidSuper Top Turf Pitch - Green Velvet,hav4150808-2703,Havaianas,Sandals,45143902290048,37/38,196405368675,120.0,False,,https://kith.com/products/hav4150808-2703
8286723276928,Havaianas x KidSuper Top Turf Pitch - Green Velvet,hav4150808-2703,Havaianas,Sandals,45143902322816,39/40,196405368682,120.0,False,,https://kith.com/products/hav4150808-2703
8286723276928,Havaianas x KidSuper Top Turf Pitch - Green Velvet,hav4150808-2703,Havaianas,Sandals,45143902355584,41/42,196405368699,120.0,True,,https://kith.com/products/hav4150808-2703
8286723276928,Havaianas x KidSuper Top Turf Pitch - Green Velvet,hav4150808-2703,Havaianas,Sandals,45144399741056,43/44,196405368705,120.0,False,,https://kith.com/products/hav4150808-2703
8286723276928,Havaianas x KidSuper Top Turf Pitch - Green Velvet,hav4150808-2703,Havaianas,Sandals,45144399773824,45/46,98299249,120.0,False,,https://kith.com/products/hav4150808-2703
8286723342464,Havaianas x KidSuper Studios Top Runner - Multi,hav4150694-2711,Havaianas,Sandals,45143902519424,35/36,98299226,120.0,True,,https://kith.com/products/hav4150694-2711
8286723342464,Havaianas x KidSuper Studios Top Runner - Multi,hav4150694-2711,Havaianas,Sandals,45143902552192,37/38,98299227,120.0,True,,https://kith.com/products/hav4150694-2711
8286723342464,Havaianas x KidSuper Studios Top Runner - Multi,hav4150694-2711,Havaianas,Sandals,45143902584960,39/40,98299228,120.0,True,,https://kith.com/products/hav4150694-2711
8286723342464,Havaianas x KidSuper Studios Top Runner - Multi,hav4150694-2711,Havaianas,Sandals,45143902617728,41/42,98299229,120.0,True,,https://kith.com/products/hav4150694-2711
8286723309696,Havaianas x KidSuper Studios Top Futebol - Multi,hav4150713-0121,Havaianas,Sandals,45143902388352,35/36,98299232,120.0,True,,https://kith.com/products/hav4150713-0121
8286723309696,Havaianas x KidSuper Studios Top Futebol - Multi,hav4150713-0121,Havaianas,Sandals,45143902421120,37/38,98299233,120.0,True,,https://kith.com/products/hav4150713-0121
8286723309696,Havaianas x KidSuper Studios Top Futebol - Multi,hav4150713-0121,Havaianas,Sandals,45143902453888,39/40,98299234,120.0,True,,https://kith.com/products/hav4150713-0121
8286723309696,Havaianas x KidSuper Studios Top Futebol - Multi,hav4150713-0121,Havaianas,Sandals,45143902486656,41/42,98299235,120.0,True,,https://kith.com/products/hav4150713-0121
8286723408000,Havaianas x KidSuper Studios Top Camo - Pink / Red,hav4150807-3180,Havaianas,Sandals,45143902650496,35/36,98299238,120.0,True,,https://kith.com/products/hav4150807-3180
8286723408000,Havaianas x KidSuper Studios Top Camo - Pink / Red,hav4150807-3180,Havaianas,Sandals,45143902683264,37/38,98299239,120.0,True,,https://kith.com/products/hav4150807-3180
8286723408000,Havaianas x KidSuper Studios Top Camo - Pink / Red,hav4150807-3180,Havaianas,Sandals,45143902716032,39/40,98299240,120.0,True,,https://kith.com/products/hav4150807-3180
8286723408000,Havaianas x KidSuper Studios Top Camo - Pink / Red,hav4150807-3180,Havaianas,Sandals,45143902748800,41/42,98299241,120.0,True,,https://kith.com/products/hav4150807-3180
8286722523264,adidas x Hartcopy BW Army Decon - Halo Gold / Gum,aala6836,adidas,Low Top Sneakers,45143882793088,3,10884064,130.0,False,,https://kith.com/products/aala6836
8286722523264,adidas x Hartcopy BW Army Decon - Halo Gold / Gum,aala6836,adidas,Low Top Sneakers,45143882825856,3.5,10884065,130.0,False,,https://kith.com/products/aala6836
8286722523264,adidas x Hartcopy BW Army Decon - Halo Gold / Gum,aala6836,adidas,Low Top Sneakers,45143882858624,4,10884066,130.0,False,,https://kith.com/products/aala6836
8286722523264,adidas x Hartcopy BW Army Decon - Halo Gold / Gum,aala6836,adidas,Low Top Sneakers,45143882891392,4.5,10884067,130.0,False,,https://kith.com/products/aala6836
8286722523264,adidas x Hartcopy BW Army Decon - Halo Gold / Gum,aala6836,adidas,Low Top Sneakers,45143882924160,5,10884068,130.0,False,,https://kith.com/products/aala6836
8286722523264,adidas x Hartcopy BW Army Decon - Halo Gold / Gum,aala6836,adidas,Low Top Sneakers,45143882956928,5.5,10884069,130.0,False,,https://kith.com/products/aala6836
8286722523264,adidas x Hartcopy BW Army Decon - Halo Gold / Gum,aala6836,adidas,Low Top Sneakers,45143882989696,6,10884070,130.0,False,,https://kith.com/products/aala6836
8286722523264,adidas x Hartcopy BW Army Decon - Halo Gold / Gum,aala6836,adidas,Low Top Sneakers,45143883022464,6.5,10884071,130.0,False,,https://kith.com/products/aala6836
8286722523264,adidas x Hartcopy BW Army Decon - Halo Gold / Gum,aala6836,adidas,Low Top Sneakers,45143883055232,7,10884072,130.0,False,,https://kith.com/products/aala6836
8286722523264,adidas x Hartcopy BW Army Decon - Halo Gold / Gum,aala6836,adidas,Low Top Sneakers,45143883088000,7.5,10884073,130.0,False,,https://kith.com/products/aala6836
8286722523264,adidas x Hartcopy BW Army Decon - Halo Gold / Gum,aala6836,adidas,Low Top Sneakers,45143883120768,8,10884074,130.0,True,,https://kith.com/products/aala6836
8286722523264,adidas x Hartcopy BW Army Decon - Halo Gold / Gum,aala6836,adidas,Low Top Sneakers,45143883153536,8.5,10884075,130.0,True,,https://kith.com/products/aala6836
8286722523264,adidas x Hartcopy BW Army Decon - Halo Gold / Gum,aala6836,adidas,Low Top Sneakers,45143883186304,9,10884076,130.0,True,,https://kith.com/products/aala6836
8286722523264,adidas x Hartcopy BW Army Decon - Halo Gold / Gum,aala6836,adidas,Low Top Sneakers,45143883219072,9.5,10884077,130.0,True,,https://kith.com/products/aala6836
8286722523264,adidas x Hartcopy BW Army Decon - Halo Gold / Gum,aala6836,adidas,Low Top Sneakers,45143883251840,10,10884078,130.0,True,,https://kith.com/products/aala6836
8286722523264,adidas x Hartcopy BW Army Decon - Halo Gold / Gum,aala6836,adidas,Low Top Sneakers,45143883284608,10.5,10884079,130.0,True,,https://kith.com/products/aala6836
8286722523264,adidas x Hartcopy BW Army Decon - Halo Gold / Gum,aala6836,adidas,Low Top Sneakers,45143883317376,11,10884080,130.0,True,,https://kith.com/products/aala6836
8286722523264,adidas x Hartcopy BW Army Decon - Halo Gold / Gum,aala6836,adidas,Low Top Sneakers,45143883350144,11.5,10884081,130.0,True,,https://kith.com/products/aala6836
8286722523264,adidas x Hartcopy BW Army Decon - Halo Gold / Gum,aala6836,adidas,Low Top Sneakers,45143883382912,12,10884082,130.0,True,,https://kith.com/products/aala6836
8286722523264,adidas x Hartcopy BW Army Decon - Halo Gold / Gum,aala6836,adidas,Low Top Sneakers,45143883415680,12.5,10884083,130.0,True,,https://kith.com/products/aala6836
8286722523264,adidas x Hartcopy BW Army Decon - Halo Gold / Gum,aala6836,adidas,Low Top Sneakers,45143883448448,13,10884084,130.0,False,,https://kith.com/products/aala6836
8286722523264,adidas x Hartcopy BW Army Decon - Halo Gold / Gum,aala6836,adidas,Low Top Sneakers,45143883481216,13.5,10884085,130.0,False,,https://kith.com/products/aala6836
8286722523264,adidas x Hartcopy BW Army Decon - Halo Gold / Gum,aala6836,adidas,Low Top Sneakers,45143883513984,14,10884086,130.0,False,,https://kith.com/products/aala6836
8286722523264,adidas x Hartcopy BW Army Decon - Halo Gold / Gum,aala6836,adidas,Low Top Sneakers,45143883546752,14.5,10884087,130.0,False,,https://kith.com/products/aala6836
8286722523264,adidas x Hartcopy BW Army Decon - Halo Gold / Gum,aala6836,adidas,Low Top Sneakers,45143883579520,15,10884088,130.0,False,,https://kith.com/products/aala6836
8286722523264,adidas x Hartcopy BW Army Decon - Halo Gold / Gum,aala6836,adidas,Low Top Sneakers,45143883612288,15.5,10884089,130.0,False,,https://kith.com/products/aala6836
8286722523264,adidas x Hartcopy BW Army Decon - Halo Gold / Gum,aala6836,adidas,Low Top Sneakers,45143883645056,16,10884090,130.0,False,,https://kith.com/products/aala6836
8286722523264,adidas x Hartcopy BW Army Decon - Halo Gold / Gum,aala6836,adidas,Low Top Sneakers,45143883677824,16.5,10884091,130.0,False,,https://kith.com/products/aala6836
8286722523264,adidas x Hartcopy BW Army Decon - Halo Gold / Gum,aala6836,adidas,Low Top Sneakers,45143883710592,17,10884092,130.0,False,,https://kith.com/products/aala6836
8286722523264,adidas x Hartcopy BW Army Decon - Halo Gold / Gum,aala6836,adidas,Low Top Sneakers,45143883743360,18,10884093,130.0,False,,https://kith.com/products/aala6836
8286722588800,adidas x Hartcopy BW Army Decon - Crystal White / Grey One / Gum,aala6835,adidas,Low Top Sneakers,45143884595328,3,10884034,130.0,False,,https://kith.com/products/aala6835
8286722588800,adidas x Hartcopy BW Army Decon - Crystal White / Grey One / Gum,aala6835,adidas,Low Top Sneakers,45143884628096,3.5,10884035,130.0,False,,https://kith.com/products/aala6835
8286722588800,adidas x Hartcopy BW Army Decon - Crystal White / Grey One / Gum,aala6835,adidas,Low Top Sneakers,45143884660864,4,10884036,130.0,False,,https://kith.com/products/aala6835
8286722588800,adidas x Hartcopy BW Army Decon - Crystal White / Grey One / Gum,aala6835,adidas,Low Top Sneakers,45143884693632,4.5,10884037,130.0,False,,https://kith.com/products/aala6835
8286722588800,adidas x Hartcopy BW Army Decon - Crystal White / Grey One / Gum,aala6835,adidas,Low Top Sneakers,45143884726400,5,10884038,130.0,False,,https://kith.com/products/aala6835
8286722588800,adidas x Hartcopy BW Army Decon - Crystal White / Grey One / Gum,aala6835,adidas,Low Top Sneakers,45143884759168,5.5,10884039,130.0,False,,https://kith.com/products/aala6835
8286722588800,adidas x Hartcopy BW Army Decon - Crystal White / Grey One / Gum,aala6835,adidas,Low Top Sneakers,45143884791936,6,10884040,130.0,False,,https://kith.com/products/aala6835
8286722588800,adidas x Hartcopy BW Army Decon - Crystal White / Grey One / Gum,aala6835,adidas,Low Top Sneakers,45143884824704,6.5,10884041,130.0,False,,https://kith.com/products/aala6835
8286722588800,adidas x Hartcopy BW Army Decon - Crystal White / Grey One / Gum,aala6835,adidas,Low Top Sneakers,45143884857472,7,10884042,130.0,False,,https://kith.com/products/aala6835
8286722588800,adidas x Hartcopy BW Army Decon - Crystal White / Grey One / Gum,aala6835,adidas,Low Top Sneakers,45143884890240,7.5,10884043,130.0,False,,https://kith.com/products/aala6835
8286722588800,adidas x Hartcopy BW Army Decon - Crystal White / Grey One / Gum,aala6835,adidas,Low Top Sneakers,45143884923008,8,10884044,130.0,True,,https://kith.com/products/aala6835
8286722588800,adidas x Hartcopy BW Army Decon - Crystal White / Grey One / Gum,aala6835,adidas,Low Top Sneakers,45143884955776,8.5,10884045,130.0,True,,https://kith.com/products/aala6835
8286722588800,adidas x Hartcopy BW Army Decon - Crystal White / Grey One / Gum,aala6835,adidas,Low Top Sneakers,45143884988544,9,10884046,130.0,False,,https://kith.com/products/aala6835
8286722588800,adidas x Hartcopy BW Army Decon - Crystal White / Grey One / Gum,aala6835,adidas,Low Top Sneakers,45143885021312,9.5,10884047,130.0,False,,https://kith.com/products/aala6835
8286722588800,adidas x Hartcopy BW Army Decon - Crystal White / Grey One / Gum,aala6835,adidas,Low Top Sneakers,45143885054080,10,10884048,130.0,False,,https://kith.com/products/aala6835
8286722588800,adidas x Hartcopy BW Army Decon - Crystal White / Grey One / Gum,aala6835,adidas,Low Top Sneakers,45143885086848,10.5,10884049,130.0,True,,https://kith.com/products/aala6835
8286722588800,adidas x Hartcopy BW Army Decon - Crystal White / Grey One / Gum,aala6835,adidas,Low Top Sneakers,45143885119616,11,10884050,130.0,False,,https://kith.com/products/aala6835
8286722588800,adidas x Hartcopy BW Army Decon - Crystal White / Grey One / Gum,aala6835,adidas,Low Top Sneakers,45143885152384,11.5,10884051,130.0,True,,https://kith.com/products/aala6835
8286722588800,adidas x Hartcopy BW Army Decon - Crystal White / Grey One / Gum,aala6835,adidas,Low Top Sneakers,45143885185152,12,10884052,130.0,False,,https://kith.com/products/aala6835
8286722588800,adidas x Hartcopy BW Army Decon - Crystal White / Grey One / Gum,aala6835,adidas,Low Top Sneakers,45143885217920,12.5,10884053,130.0,False,,https://kith.com/products/aala6835
8286722588800,adidas x Hartcopy BW Army Decon - Crystal White / Grey One / Gum,aala6835,adidas,Low Top Sneakers,45143885250688,13,10884054,130.0,False,,https://kith.com/products/aala6835
8286722588800,adidas x Hartcopy BW Army Decon - Crystal White / Grey One / Gum,aala6835,adidas,Low Top Sneakers,45143885283456,13.5,10884055,130.0,False,,https://kith.com/products/aala6835
8286722588800,adidas x Hartcopy BW Army Decon - Crystal White / Grey One / Gum,aala6835,adidas,Low Top Sneakers,45143885316224,14,10884056,130.0,False,,https://kith.com/products/aala6835
8286722588800,adidas x Hartcopy BW Army Decon - Crystal White / Grey One / Gum,aala6835,adidas,Low Top Sneakers,45143885348992,14.5,10884057,130.0,False,,https://kith.com/products/aala6835
8286722588800,adidas x Hartcopy BW Army Decon - Crystal White / Grey One / Gum,aala6835,adidas,Low Top Sneakers,45143885381760,15,10884058,130.0,False,,https://kith.com/products/aala6835
8286722588800,adidas x Hartcopy BW Army Decon - Crystal White / Grey One / Gum,aala6835,adidas,Low Top Sneakers,45143885414528,15.5,10884059,130.0,False,,https://kith.com/products/aala6835
8286722588800,adidas x Hartcopy BW Army Decon - Crystal White / Grey One / Gum,aala6835,adidas,Low Top Sneakers,45143885447296,16,10884060,130.0,False,,https://kith.com/products/aala6835
8286722588800,adidas x Hartcopy BW Army Decon - Crystal White / Grey One / Gum,aala6835,adidas,Low Top Sneakers,45143885480064,16.5,10884061,130.0,False,,https://kith.com/products/aala6835
8286722588800,adidas x Hartcopy BW Army Decon - Crystal White / Grey One / Gum,aala6835,adidas,Low Top Sneakers,45143885512832,17,10884062,130.0,False,,https://kith.com/products/aala6835
8286722588800,adidas x Hartcopy BW Army Decon - Crystal White / Grey One / Gum,aala6835,adidas,Low Top Sneakers,45143885545600,18,10884063,130.0,False,,https://kith.com/products/aala6835
8286688149632,Nike WMNS Air Superfly Slip Neo SP - Black / Racer Blue / Lime Blast / Valor Blue,nkiu3170-001,Nike,Low Top Sneakers,45143638900864,3,14318042,115.0,False,,https://kith.com/products/nkiu3170-001
8286688149632,Nike WMNS Air Superfly Slip Neo SP - Black / Racer Blue / Lime Blast / Valor Blue,nkiu3170-001,Nike,Low Top Sneakers,45143638933632,3.5,14318043,115.0,False,,https://kith.com/products/nkiu3170-001
8286688149632,Nike WMNS Air Superfly Slip Neo SP - Black / Racer Blue / Lime Blast / Valor Blue,nkiu3170-001,Nike,Low Top Sneakers,45143638966400,4,14318044,115.0,False,,https://kith.com/products/nkiu3170-001
8286688149632,Nike WMNS Air Superfly Slip Neo SP - Black / Racer Blue / Lime Blast / Valor Blue,nkiu3170-001,Nike,Low Top Sneakers,45143638999168,4.5,14318045,115.0,False,,https://kith.com/products/nkiu3170-001
8286688149632,Nike WMNS Air Superfly Slip Neo SP - Black / Racer Blue / Lime Blast / Valor Blue,nkiu3170-001,Nike,Low Top Sneakers,45143639031936,5,14318046,115.0,False,,https://kith.com/products/nkiu3170-001
8286688149632,Nike WMNS Air Superfly Slip Neo SP - Black / Racer Blue / Lime Blast / Valor Blue,nkiu3170-001,Nike,Low Top Sneakers,45143639064704,5.5,14318047,115.0,False,,https://kith.com/products/nkiu3170-001
8286688149632,Nike WMNS Air Superfly Slip Neo SP - Black / Racer Blue / Lime Blast / Valor Blue,nkiu3170-001,Nike,Low Top Sneakers,45143639097472,6,14318048,115.0,True,,https://kith.com/products/nkiu3170-001
8286688149632,Nike WMNS Air Superfly Slip Neo SP - Black / Racer Blue / Lime Blast / Valor Blue,nkiu3170-001,Nike,Low Top Sneakers,45143639130240,6.5,14318049,115.0,True,,https://kith.com/products/nkiu3170-001
8286688149632,Nike WMNS Air Superfly Slip Neo SP - Black / Racer Blue / Lime Blast / Valor Blue,nkiu3170-001,Nike,Low Top Sneakers,45143639163008,7,14318050,115.0,True,,https://kith.com/products/nkiu3170-001
8286688149632,Nike WMNS Air Superfly Slip Neo SP - Black / Racer Blue / Lime Blast / Valor Blue,nkiu3170-001,Nike,Low Top Sneakers,45143639195776,7.5,14318051,115.0,True,,https://kith.com/products/nkiu3170-001
8286688149632,Nike WMNS Air Superfly Slip Neo SP - Black / Racer Blue / Lime Blast / Valor Blue,nkiu3170-001,Nike,Low Top Sneakers,45143639228544,8,14318052,115.0,True,,https://kith.com/products/nkiu3170-001
8286688149632,Nike WMNS Air Superfly Slip Neo SP - Black / Racer Blue / Lime Blast / Valor Blue,nkiu3170-001,Nike,Low Top Sneakers,45143639261312,8.5,14318053,115.0,True,,https://kith.com/products/nkiu3170-001
8286688149632,Nike WMNS Air Superfly Slip Neo SP - Black / Racer Blue / Lime Blast / Valor Blue,nkiu3170-001,Nike,Low Top Sneakers,45143639294080,9,14318054,115.0,True,,https://kith.com/products/nkiu3170-001
8286688149632,Nike WMNS Air Superfly Slip Neo SP - Black / Racer Blue / Lime Blast / Valor Blue,nkiu3170-001,Nike,Low Top Sneakers,45143639326848,9.5,14318055,115.0,True,,https://kith.com/products/nkiu3170-001
8286688149632,Nike WMNS Air Superfly Slip Neo SP - Black / Racer Blue / Lime Blast / Valor Blue,nkiu3170-001,Nike,Low Top Sneakers,45143639359616,10,14318056,115.0,True,,https://kith.com/products/nkiu3170-001
8286688149632,Nike WMNS Air Superfly Slip Neo SP - Black / Racer Blue / Lime Blast / Valor Blue,nkiu3170-001,Nike,Low Top Sneakers,45143639392384,10.5,14318057,115.0,True,,https://kith.com/products/nkiu3170-001
8286688149632,Nike WMNS Air Superfly Slip Neo SP - Black / Racer Blue / Lime Blast / Valor Blue,nkiu3170-001,Nike,Low Top Sneakers,45143639425152,11,14318058,115.0,True,,https://kith.com/products/nkiu3170-001
8286688149632,Nike WMNS Air Superfly Slip Neo SP - Black / Racer Blue / Lime Blast / Valor Blue,nkiu3170-001,Nike,Low Top Sneakers,45143639457920,11.5,14318059,115.0,True,,https://kith.com/products/nkiu3170-001
8286688149632,Nike WMNS Air Superfly Slip Neo SP - Black / Racer Blue / Lime Blast / Valor Blue,nkiu3170-001,Nike,Low Top Sneakers,45143639490688,12,14318060,115.0,True,,https://kith.com/products/nkiu3170-001
8286688149632,Nike WMNS Air Superfly Slip Neo SP - Black / Racer Blue / Lime Blast / Valor Blue,nkiu3170-001,Nike,Low Top Sneakers,45143639523456,12.5,14318061,115.0,True,,https://kith.com/products/nkiu3170-001
8286688149632,Nike WMNS Air Superfly Slip Neo SP - Black / Racer Blue / Lime Blast / Valor Blue,nkiu3170-001,Nike,Low Top Sneakers,45143639556224,13,14318062,115.0,True,,https://kith.com/products/nkiu3170-001
8286688149632,Nike WMNS Air Superfly Slip Neo SP - Black / Racer Blue / Lime Blast / Valor Blue,nkiu3170-001,Nike,Low Top Sneakers,45143639588992,13.5,14318063,115.0,True,,https://kith.com/products/nkiu3170-001
8286688149632,Nike WMNS Air Superfly Slip Neo SP - Black / Racer Blue / Lime Blast / Valor Blue,nkiu3170-001,Nike,Low Top Sneakers,45143639621760,14,14318064,115.0,False,,https://kith.com/products/nkiu3170-001
8286688149632,Nike WMNS Air Superfly Slip Neo SP - Black / Racer Blue / Lime Blast / Valor Blue,nkiu3170-001,Nike,Low Top Sneakers,45143639654528,14.5,14318065,115.0,True,,https://kith.com/products/nkiu3170-001
8286688149632,Nike WMNS Air Superfly Slip Neo SP - Black / Racer Blue / Lime Blast / Valor Blue,nkiu3170-001,Nike,Low Top Sneakers,45143639687296,15,14318066,115.0,False,,https://kith.com/products/nkiu3170-001
8286688149632,Nike WMNS Air Superfly Slip Neo SP - Black / Racer Blue / Lime Blast / Valor Blue,nkiu3170-001,Nike,Low Top Sneakers,45143639720064,15.5,14318067,115.0,True,,https://kith.com/products/nkiu3170-001
8286688149632,Nike WMNS Air Superfly Slip Neo SP - Black / Racer Blue / Lime Blast / Valor Blue,nkiu3170-001,Nike,Low Top Sneakers,45143639752832,16,14318068,115.0,False,,https://kith.com/products/nkiu3170-001
8286688149632,Nike WMNS Air Superfly Slip Neo SP - Black / Racer Blue / Lime Blast / Valor Blue,nkiu3170-001,Nike,Low Top Sneakers,45143639785600,16.5,14318069,115.0,False,,https://kith.com/products/nkiu3170-001
8286688149632,Nike WMNS Air Superfly Slip Neo SP - Black / Racer Blue / Lime Blast / Valor Blue,nkiu3170-001,Nike,Low Top Sneakers,45143639818368,17,14318070,115.0,False,,https://kith.com/products/nkiu3170-001
8286688149632,Nike WMNS Air Superfly Slip Neo SP - Black / Racer Blue / Lime Blast / Valor Blue,nkiu3170-001,Nike,Low Top Sneakers,45143639851136,18,14318071,115.0,False,,https://kith.com/products/nkiu3170-001
8286749196416,Nike Air Force 1 Low Luxe - Black / Metallic Silver / Anthracite,nkja3822-010,Nike,Low Top Sneakers,45144178983040,3,98295851,140.0,False,,https://kith.com/products/nkja3822-010
8286749196416,Nike Air Force 1 Low Luxe - Black / Metallic Silver / Anthracite,nkja3822-010,Nike,Low Top Sneakers,45144179015808,3.5,98295852,140.0,False,,https://kith.com/products/nkja3822-010
8286749196416,Nike Air Force 1 Low Luxe - Black / Metallic Silver / Anthracite,nkja3822-010,Nike,Low Top Sneakers,45144179048576,4,98295853,140.0,False,,https://kith.com/products/nkja3822-010
8286749196416,Nike Air Force 1 Low Luxe - Black / Metallic Silver / Anthracite,nkja3822-010,Nike,Low Top Sneakers,45144179081344,4.5,98295854,140.0,False,,https://kith.com/products/nkja3822-010
8286749196416,Nike Air Force 1 Low Luxe - Black / Metallic Silver / Anthracite,nkja3822-010,Nike,Low Top Sneakers,45144179114112,5,98295855,140.0,False,,https://kith.com/products/nkja3822-010
8286749196416,Nike Air Force 1 Low Luxe - Black / Metallic Silver / Anthracite,nkja3822-010,Nike,Low Top Sneakers,45144179146880,5.5,98295856,140.0,False,,https://kith.com/products/nkja3822-010
8286749196416,Nike Air Force 1 Low Luxe - Black / Metallic Silver / Anthracite,nkja3822-010,Nike,Low Top Sneakers,45144179179648,6,98295857,140.0,False,,https://kith.com/products/nkja3822-010
8286749196416,Nike Air Force 1 Low Luxe - Black / Metallic Silver / Anthracite,nkja3822-010,Nike,Low Top Sneakers,45144179212416,6.5,98295858,140.0,False,,https://kith.com/products/nkja3822-010
8286749196416,Nike Air Force 1 Low Luxe - Black / Metallic Silver / Anthracite,nkja3822-010,Nike,Low Top Sneakers,45144179245184,7,98295859,140.0,True,,https://kith.com/products/nkja3822-010
8286749196416,Nike Air Force 1 Low Luxe - Black / Metallic Silver / Anthracite,nkja3822-010,Nike,Low Top Sneakers,45144179277952,7.5,98295860,140.0,True,,https://kith.com/products/nkja3822-010
8286749196416,Nike Air Force 1 Low Luxe - Black / Metallic Silver / Anthracite,nkja3822-010,Nike,Low Top Sneakers,45144179310720,8,98295861,140.0,True,,https://kith.com/products/nkja3822-010
8286749196416,Nike Air Force 1 Low Luxe - Black / Metallic Silver / Anthracite,nkja3822-010,Nike,Low Top Sneakers,45144179343488,8.5,98295862,140.0,True,,https://kith.com/products/nkja3822-010
8286749196416,Nike Air Force 1 Low Luxe - Black / Metallic Silver / Anthracite,nkja3822-010,Nike,Low Top Sneakers,45144179376256,9,98295863,140.0,False,,https://kith.com/products/nkja3822-010
8286749196416,Nike Air Force 1 Low Luxe - Black / Metallic Silver / Anthracite,nkja3822-010,Nike,Low Top Sneakers,45144179409024,9.5,98295864,140.0,False,,https://kith.com/products/nkja3822-010
8286749196416,Nike Air Force 1 Low Luxe - Black / Metallic Silver / Anthracite,nkja3822-010,Nike,Low Top Sneakers,45144179441792,10,98295865,140.0,False,,https://kith.com/products/nkja3822-010
8286749196416,Nike Air Force 1 Low Luxe - Black / Metallic Silver / Anthracite,nkja3822-010,Nike,Low Top Sneakers,45144179474560,10.5,98295866,140.0,False,,https://kith.com/products/nkja3822-010
8286749196416,Nike Air Force 1 Low Luxe - Black / Metallic Silver / Anthracite,nkja3822-010,Nike,Low Top Sneakers,45144179507328,11,98295867,140.0,False,,https://kith.com/products/nkja3822-010
8286749196416,Nike Air Force 1 Low Luxe - Black / Metallic Silver / Anthracite,nkja3822-010,Nike,Low Top Sneakers,45144179540096,11.5,98295868,140.0,True,,https://kith.com/products/nkja3822-010
8286749196416,Nike Air Force 1 Low Luxe - Black / Metallic Silver / Anthracite,nkja3822-010,Nike,Low Top Sneakers,45144179572864,12,98295869,140.0,False,,https://kith.com/products/nkja3822-010
8286749196416,Nike Air Force 1 Low Luxe - Black / Metallic Silver / Anthracite,nkja3822-010,Nike,Low Top Sneakers,45144179605632,12.5,98295870,140.0,False,,https://kith.com/products/nkja3822-010
8286749196416,Nike Air Force 1 Low Luxe - Black / Metallic Silver / Anthracite,nkja3822-010,Nike,Low Top Sneakers,45144179638400,13,98295871,140.0,True,,https://kith.com/products/nkja3822-010
8286749196416,Nike Air Force 1 Low Luxe - Black / Metallic Silver / Anthracite,nkja3822-010,Nike,Low Top Sneakers,45144179671168,13.5,98295872,140.0,False,,https://kith.com/products/nkja3822-010
8286749196416,Nike Air Force 1 Low Luxe - Black / Metallic Silver / Anthracite,nkja3822-010,Nike,Low Top Sneakers,45144179703936,14,98295873,140.0,False,,https://kith.com/products/nkja3822-010
8286749196416,Nike Air Force 1 Low Luxe - Black / Metallic Silver / Anthracite,nkja3822-010,Nike,Low Top Sneakers,45144179736704,14.5,98295874,140.0,False,,https://kith.com/products/nkja3822-010
8286749196416,Nike Air Force 1 Low Luxe - Black / Metallic Silver / Anthracite,nkja3822-010,Nike,Low Top Sneakers,45144179769472,15,98295875,140.0,False,,https://kith.com/products/nkja3822-010
8286749196416,Nike Air Force 1 Low Luxe - Black / Metallic Silver / Anthracite,nkja3822-010,Nike,Low Top Sneakers,45144179802240,15.5,98295876,140.0,False,,https://kith.com/products/nkja3822-010
8286749196416,Nike Air Force 1 Low Luxe - Black / Metallic Silver / Anthracite,nkja3822-010,Nike,Low Top Sneakers,45144179835008,16,98295877,140.0,False,,https://kith.com/products/nkja3822-010
8286749196416,Nike Air Force 1 Low Luxe - Black / Metallic Silver / Anthracite,nkja3822-010,Nike,Low Top Sneakers,45144179867776,16.5,98295878,140.0,False,,https://kith.com/products/nkja3822-010
8286749196416,Nike Air Force 1 Low Luxe - Black / Metallic Silver / Anthracite,nkja3822-010,Nike,Low Top Sneakers,45144179900544,17,98295879,140.0,False,,https://kith.com/products/nkja3822-010
8286749196416,Nike Air Force 1 Low Luxe - Black / Metallic Silver / Anthracite,nkja3822-010,Nike,Low Top Sneakers,45144179933312,18,98295880,140.0,False,,https://kith.com/products/nkja3822-010
8286722687104,Jordan x Awake NY Air Jordan 6 Retro - Midnight Navy / Infrared 23 / Game Royal / Light,joriq5706-400,Jordan,High Top Sneakers,45143887544448,3,17818976,230.0,False,,https://kith.com/products/joriq5706-400
8286722687104,Jordan x Awake NY Air Jordan 6 Retro - Midnight Navy / Infrared 23 / Game Royal / Light,joriq5706-400,Jordan,High Top Sneakers,45143887577216,3.5,17818977,230.0,False,,https://kith.com/products/joriq5706-400
8286722687104,Jordan x Awake NY Air Jordan 6 Retro - Midnight Navy / Infrared 23 / Game Royal / Light,joriq5706-400,Jordan,High Top Sneakers,45143887609984,4,17818978,230.0,False,,https://kith.com/products/joriq5706-400
8286722687104,Jordan x Awake NY Air Jordan 6 Retro - Midnight Navy / Infrared 23 / Game Royal / Light,joriq5706-400,Jordan,High Top Sneakers,45143887642752,4.5,17818979,230.0,False,,https://kith.com/products/joriq5706-400
8286722687104,Jordan x Awake NY Air Jordan 6 Retro - Midnight Navy / Infrared 23 / Game Royal / Light,joriq5706-400,Jordan,High Top Sneakers,45143887675520,5,17818980,230.0,False,,https://kith.com/products/joriq5706-400
8286722687104,Jordan x Awake NY Air Jordan 6 Retro - Midnight Navy / Infrared 23 / Game Royal / Light,joriq5706-400,Jordan,High Top Sneakers,45143887708288,5.5,17818981,230.0,False,,https://kith.com/products/joriq5706-400
8286722687104,Jordan x Awake NY Air Jordan 6 Retro - Midnight Navy / Infrared 23 / Game Royal / Light,joriq5706-400,Jordan,High Top Sneakers,45143887741056,6,17818982,230.0,False,,https://kith.com/products/joriq5706-400
8286722687104,Jordan x Awake NY Air Jordan 6 Retro - Midnight Navy / Infrared 23 / Game Royal / Light,joriq5706-400,Jordan,High Top Sneakers,45143887773824,6.5,17818983,230.0,False,,https://kith.com/products/joriq5706-400
8286722687104,Jordan x Awake NY Air Jordan 6 Retro - Midnight Navy / Infrared 23 / Game Royal / Light,joriq5706-400,Jordan,High Top Sneakers,45143887806592,7,17818984,230.0,False,,https://kith.com/products/joriq5706-400
8286722687104,Jordan x Awake NY Air Jordan 6 Retro - Midnight Navy / Infrared 23 / Game Royal / Light,joriq5706-400,Jordan,High Top Sneakers,45143887839360,7.5,17818985,230.0,False,,https://kith.com/products/joriq5706-400
8286722687104,Jordan x Awake NY Air Jordan 6 Retro - Midnight Navy / Infrared 23 / Game Royal / Light,joriq5706-400,Jordan,High Top Sneakers,45143887872128,8,17818986,230.0,False,,https://kith.com/products/joriq5706-400
8286722687104,Jordan x Awake NY Air Jordan 6 Retro - Midnight Navy / Infrared 23 / Game Royal / Light,joriq5706-400,Jordan,High Top Sneakers,45143887904896,8.5,17818987,230.0,False,,https://kith.com/products/joriq5706-400
8286722687104,Jordan x Awake NY Air Jordan 6 Retro - Midnight Navy / Infrared 23 / Game Royal / Light,joriq5706-400,Jordan,High Top Sneakers,45143887937664,9,17818988,230.0,False,,https://kith.com/products/joriq5706-400
8286722687104,Jordan x Awake NY Air Jordan 6 Retro - Midnight Navy / Infrared 23 / Game Royal / Light,joriq5706-400,Jordan,High Top Sneakers,45143887970432,9.5,17818989,230.0,False,,https://kith.com/products/joriq5706-400
8286722687104,Jordan x Awake NY Air Jordan 6 Retro - Midnight Navy / Infrared 23 / Game Royal / Light,joriq5706-400,Jordan,High Top Sneakers,45143888003200,10,17818990,230.0,False,,https://kith.com/products/joriq5706-400
8286722687104,Jordan x Awake NY Air Jordan 6 Retro - Midnight Navy / Infrared 23 / Game Royal / Light,joriq5706-400,Jordan,High Top Sneakers,45143888035968,10.5,17818991,230.0,False,,https://kith.com/products/joriq5706-400
8286722687104,Jordan x Awake NY Air Jordan 6 Retro - Midnight Navy / Infrared 23 / Game Royal / Light,joriq5706-400,Jordan,High Top Sneakers,45143888068736,11,17818992,230.0,False,,https://kith.com/products/joriq5706-400
8286722687104,Jordan x Awake NY Air Jordan 6 Retro - Midnight Navy / Infrared 23 / Game Royal / Light,joriq5706-400,Jordan,High Top Sneakers,45143888101504,11.5,17818993,230.0,False,,https://kith.com/products/joriq5706-400
8286722687104,Jordan x Awake NY Air Jordan 6 Retro - Midnight Navy / Infrared 23 / Game Royal / Light,joriq5706-400,Jordan,High Top Sneakers,45143888134272,12,17818994,230.0,False,,https://kith.com/products/joriq5706-400
8286722687104,Jordan x Awake NY Air Jordan 6 Retro - Midnight Navy / Infrared 23 / Game Royal / Light,joriq5706-400,Jordan,High Top Sneakers,45143888167040,12.5,17818995,230.0,False,,https://kith.com/products/joriq5706-400
8286722687104,Jordan x Awake NY Air Jordan 6 Retro - Midnight Navy / Infrared 23 / Game Royal / Light,joriq5706-400,Jordan,High Top Sneakers,45143888199808,13,17818996,230.0,False,,https://kith.com/products/joriq5706-400
8286722687104,Jordan x Awake NY Air Jordan 6 Retro - Midnight Navy / Infrared 23 / Game Royal / Light,joriq5706-400,Jordan,High Top Sneakers,45143888232576,13.5,17818997,230.0,False,,https://kith.com/products/joriq5706-400
8286722687104,Jordan x Awake NY Air Jordan 6 Retro - Midnight Navy / Infrared 23 / Game Royal / Light,joriq5706-400,Jordan,High Top Sneakers,45143888265344,14,17818998,230.0,False,,https://kith.com/products/joriq5706-400
8286722687104,Jordan x Awake NY Air Jordan 6 Retro - Midnight Navy / Infrared 23 / Game Royal / Light,joriq5706-400,Jordan,High Top Sneakers,45143888298112,14.5,17818999,230.0,False,,https://kith.com/products/joriq5706-400
8286722687104,Jordan x Awake NY Air Jordan 6 Retro - Midnight Navy / Infrared 23 / Game Royal / Light,joriq5706-400,Jordan,High Top Sneakers,45143888330880,15,17819000,230.0,False,,https://kith.com/products/joriq5706-400
8286722687104,Jordan x Awake NY Air Jordan 6 Retro - Midnight Navy / Infrared 23 / Game Royal / Light,joriq5706-400,Jordan,High Top Sneakers,45143888363648,15.5,17819001,230.0,False,,https://kith.com/products/joriq5706-400
8286722687104,Jordan x Awake NY Air Jordan 6 Retro - Midnight Navy / Infrared 23 / Game Royal / Light,joriq5706-400,Jordan,High Top Sneakers,45143888396416,16,17819002,230.0,False,,https://kith.com/products/joriq5706-400
8286722687104,Jordan x Awake NY Air Jordan 6 Retro - Midnight Navy / Infrared 23 / Game Royal / Light,joriq5706-400,Jordan,High Top Sneakers,45143888429184,16.5,17819003,230.0,False,,https://kith.com/products/joriq5706-400
8286722687104,Jordan x Awake NY Air Jordan 6 Retro - Midnight Navy / Infrared 23 / Game Royal / Light,joriq5706-400,Jordan,High Top Sneakers,45143888461952,17,17819004,230.0,False,,https://kith.com/products/joriq5706-400
8286722687104,Jordan x Awake NY Air Jordan 6 Retro - Midnight Navy / Infrared 23 / Game Royal / Light,joriq5706-400,Jordan,High Top Sneakers,45143888494720,18,17819005,230.0,False,,https://kith.com/products/joriq5706-400
8286722490496,Jordan TD Jordan 8 Retro - Black / Light Graphite / White,jb305360-007,Jordan,High Top Sneakers,45143881908352,0C,14305609,90.0,False,,https://kith.com/products/jb305360-007
8286722490496,Jordan TD Jordan 8 Retro - Black / Light Graphite / White,jb305360-007,Jordan,High Top Sneakers,45143881941120,1C,14305610,90.0,False,,https://kith.com/products/jb305360-007
8286722490496,Jordan TD Jordan 8 Retro - Black / Light Graphite / White,jb305360-007,Jordan,High Top Sneakers,45143881973888,1.5C,14305611,90.0,False,,https://kith.com/products/jb305360-007
8286722490496,Jordan TD Jordan 8 Retro - Black / Light Graphite / White,jb305360-007,Jordan,High Top Sneakers,45143882006656,2C,14305612,90.0,False,,https://kith.com/products/jb305360-007
8286722490496,Jordan TD Jordan 8 Retro - Black / Light Graphite / White,jb305360-007,Jordan,High Top Sneakers,45143882039424,2.5C,14305613,90.0,False,,https://kith.com/products/jb305360-007
8286722490496,Jordan TD Jordan 8 Retro - Black / Light Graphite / White,jb305360-007,Jordan,High Top Sneakers,45143882072192,3C,14305614,90.0,False,,https://kith.com/products/jb305360-007
8286722490496,Jordan TD Jordan 8 Retro - Black / Light Graphite / White,jb305360-007,Jordan,High Top Sneakers,45143882104960,3.5C,14305615,90.0,False,,https://kith.com/products/jb305360-007
8286722490496,Jordan TD Jordan 8 Retro - Black / Light Graphite / White,jb305360-007,Jordan,High Top Sneakers,45143882137728,4C,14305616,90.0,True,,https://kith.com/products/jb305360-007
8286722490496,Jordan TD Jordan 8 Retro - Black / Light Graphite / White,jb305360-007,Jordan,High Top Sneakers,45143882170496,4.5C,14305617,90.0,False,,https://kith.com/products/jb305360-007
8286722490496,Jordan TD Jordan 8 Retro - Black / Light Graphite / White,jb305360-007,Jordan,High Top Sneakers,45143882203264,5C,14305618,90.0,True,,https://kith.com/products/jb305360-007
8286722490496,Jordan TD Jordan 8 Retro - Black / Light Graphite / White,jb305360-007,Jordan,High Top Sneakers,45143882236032,5.5C,14305619,90.0,False,,https://kith.com/products/jb305360-007
8286722490496,Jordan TD Jordan 8 Retro - Black / Light Graphite / White,jb305360-007,Jordan,High Top Sneakers,45143882268800,6C,14305620,90.0,True,,https://kith.com/products/jb305360-007
8286722490496,Jordan TD Jordan 8 Retro - Black / Light Graphite / White,jb305360-007,Jordan,High Top Sneakers,45143882301568,6.5C,14305621,90.0,False,,https://kith.com/products/jb305360-007
8286722490496,Jordan TD Jordan 8 Retro - Black / Light Graphite / White,jb305360-007,Jordan,High Top Sneakers,45143882334336,7C,14305622,90.0,True,,https://kith.com/products/jb305360-007
8286722490496,Jordan TD Jordan 8 Retro - Black / Light Graphite / White,jb305360-007,Jordan,High Top Sneakers,45143882367104,7.5C,14305623,90.0,False,,https://kith.com/products/jb305360-007
8286722490496,Jordan TD Jordan 8 Retro - Black / Light Graphite / White,jb305360-007,Jordan,High Top Sneakers,45143882399872,8C,14305624,90.0,True,,https://kith.com/products/jb305360-007
8286722490496,Jordan TD Jordan 8 Retro - Black / Light Graphite / White,jb305360-007,Jordan,High Top Sneakers,45143882432640,8.5C,14305625,90.0,False,,https://kith.com/products/jb305360-007
8286722490496,Jordan TD Jordan 8 Retro - Black / Light Graphite / White,jb305360-007,Jordan,High Top Sneakers,45143882465408,9C,14305626,90.0,True,,https://kith.com/products/jb305360-007
8286722490496,Jordan TD Jordan 8 Retro - Black / Light Graphite / White,jb305360-007,Jordan,High Top Sneakers,45143882498176,9.5C,14305627,90.0,False,,https://kith.com/products/jb305360-007
8286722490496,Jordan TD Jordan 8 Retro - Black / Light Graphite / White,jb305360-007,Jordan,High Top Sneakers,45143882530944,10C,14305628,90.0,True,,https://kith.com/products/jb305360-007
8286722490496,Jordan TD Jordan 8 Retro - Black / Light Graphite / White,jb305360-007,Jordan,High Top Sneakers,45143882563712,10.5C,14305629,90.0,False,,https://kith.com/products/jb305360-007
8286722490496,Jordan TD Jordan 8 Retro - Black / Light Graphite / White,jb305360-007,Jordan,High Top Sneakers,45143882596480,11C,14305630,90.0,False,,https://kith.com/products/jb305360-007
8286722490496,Jordan TD Jordan 8 Retro - Black / Light Graphite / White,jb305360-007,Jordan,High Top Sneakers,45143882629248,11.5C,14305631,90.0,False,,https://kith.com/products/jb305360-007
8286722490496,Jordan TD Jordan 8 Retro - Black / Light Graphite / White,jb305360-007,Jordan,High Top Sneakers,45143882662016,12C,14305632,90.0,False,,https://kith.com/products/jb305360-007
8286722490496,Jordan TD Jordan 8 Retro - Black / Light Graphite / White,jb305360-007,Jordan,High Top Sneakers,45143882694784,12.5C,14305633,90.0,False,,https://kith.com/products/jb305360-007
8286722490496,Jordan TD Jordan 8 Retro - Black / Light Graphite / White,jb305360-007,Jordan,High Top Sneakers,45143882727552,13C,14305634,90.0,False,,https://kith.com/products/jb305360-007
8286722490496,Jordan TD Jordan 8 Retro - Black / Light Graphite / White,jb305360-007,Jordan,High Top Sneakers,45143882760320,13.5C,14305635,90.0,False,,https://kith.com/products/jb305360-007
8286722556032,Jordan PS Jordan 8 Retro - Black / Light Graphite / White,jb305369-007,Jordan,High Top Sneakers,45143883776128,8C,14305237,105.0,False,,https://kith.com/products/jb305369-007
8286722556032,Jordan PS Jordan 8 Retro - Black / Light Graphite / White,jb305369-007,Jordan,High Top Sneakers,45143883808896,8.5C,14305238,105.0,False,,https://kith.com/products/jb305369-007
8286722556032,Jordan PS Jordan 8 Retro - Black / Light Graphite / White,jb305369-007,Jordan,High Top Sneakers,45143883841664,9C,14305239,105.0,False,,https://kith.com/products/jb305369-007
8286722556032,Jordan PS Jordan 8 Retro - Black / Light Graphite / White,jb305369-007,Jordan,High Top Sneakers,45143883874432,9.5C,14305240,105.0,False,,https://kith.com/products/jb305369-007
8286722556032,Jordan PS Jordan 8 Retro - Black / Light Graphite / White,jb305369-007,Jordan,High Top Sneakers,45143883907200,10C,14305241,105.0,False,,https://kith.com/products/jb305369-007
8286722556032,Jordan PS Jordan 8 Retro - Black / Light Graphite / White,jb305369-007,Jordan,High Top Sneakers,45143883939968,10.5C,14305242,105.0,False,,https://kith.com/products/jb305369-007
8286722556032,Jordan PS Jordan 8 Retro - Black / Light Graphite / White,jb305369-007,Jordan,High Top Sneakers,45143883972736,11C,14305243,105.0,True,,https://kith.com/products/jb305369-007
8286722556032,Jordan PS Jordan 8 Retro - Black / Light Graphite / White,jb305369-007,Jordan,High Top Sneakers,45143884005504,11.5C,14305244,105.0,True,,https://kith.com/products/jb305369-007
8286722556032,Jordan PS Jordan 8 Retro - Black / Light Graphite / White,jb305369-007,Jordan,High Top Sneakers,45143884038272,12C,14305245,105.0,True,,https://kith.com/products/jb305369-007
8286722556032,Jordan PS Jordan 8 Retro - Black / Light Graphite / White,jb305369-007,Jordan,High Top Sneakers,45143884071040,12.5C,14305246,105.0,True,,https://kith.com/products/jb305369-007
8286722556032,Jordan PS Jordan 8 Retro - Black / Light Graphite / White,jb305369-007,Jordan,High Top Sneakers,45143884103808,13C,14305247,105.0,True,,https://kith.com/products/jb305369-007
8286722556032,Jordan PS Jordan 8 Retro - Black / Light Graphite / White,jb305369-007,Jordan,High Top Sneakers,45143884136576,13.5C,14305248,105.0,False,,https://kith.com/products/jb305369-007
8286722556032,Jordan PS Jordan 8 Retro - Black / Light Graphite / White,jb305369-007,Jordan,High Top Sneakers,45143884169344,1Y,14305249,105.0,True,,https://kith.com/products/jb305369-007
8286722556032,Jordan PS Jordan 8 Retro - Black / Light Graphite / White,jb305369-007,Jordan,High Top Sneakers,45143884202112,1.5Y,14305250,105.0,True,,https://kith.com/products/jb305369-007
8286722556032,Jordan PS Jordan 8 Retro - Black / Light Graphite / White,jb305369-007,Jordan,High Top Sneakers,45143884234880,2Y,14305251,105.0,True,,https://kith.com/products/jb305369-007
8286722556032,Jordan PS Jordan 8 Retro - Black / Light Graphite / White,jb305369-007,Jordan,High Top Sneakers,45143884267648,2.5Y,14305252,105.0,True,,https://kith.com/products/jb305369-007
8286722556032,Jordan PS Jordan 8 Retro - Black / Light Graphite / White,jb305369-007,Jordan,High Top Sneakers,45143884300416,3Y,14305253,105.0,True,,https://kith.com/products/jb305369-007
8286722556032,Jordan PS Jordan 8 Retro - Black / Light Graphite / White,jb305369-007,Jordan,High Top Sneakers,45143884333184,3.5Y,14305254,105.0,False,,https://kith.com/products/jb305369-007
8286722556032,Jordan PS Jordan 8 Retro - Black / Light Graphite / White,jb305369-007,Jordan,High Top Sneakers,45143884365952,4Y,14305255,105.0,False,,https://kith.com/products/jb305369-007
8286722556032,Jordan PS Jordan 8 Retro - Black / Light Graphite / White,jb305369-007,Jordan,High Top Sneakers,45143884398720,4.5Y,14305256,105.0,False,,https://kith.com/products/jb305369-007
8286722556032,Jordan PS Jordan 8 Retro - Black / Light Graphite / White,jb305369-007,Jordan,High Top Sneakers,45143884431488,5Y,14305257,105.0,False,,https://kith.com/products/jb305369-007
8286722556032,Jordan PS Jordan 8 Retro - Black / Light Graphite / White,jb305369-007,Jordan,High Top Sneakers,45143884464256,5.5Y,14305258,105.0,False,,https://kith.com/products/jb305369-007
8286722556032,Jordan PS Jordan 8 Retro - Black / Light Graphite / White,jb305369-007,Jordan,High Top Sneakers,45143884497024,6Y,14305259,105.0,False,,https://kith.com/products/jb305369-007
8286722556032,Jordan PS Jordan 8 Retro - Black / Light Graphite / White,jb305369-007,Jordan,High Top Sneakers,45143884529792,6.5Y,14305260,105.0,False,,https://kith.com/products/jb305369-007
8286722556032,Jordan PS Jordan 8 Retro - Black / Light Graphite / White,jb305369-007,Jordan,High Top Sneakers,45143884562560,7Y,14305261,105.0,False,,https://kith.com/products/jb305369-007
8286722424960,Jordan GS Air Jordan 8 Retro - Black / Light Graphite / White,jb305368-007,Jordan,High Top Sneakers,45143880269952,10.5C,14304922,165.0,False,,https://kith.com/products/jb305368-007
8286722424960,Jordan GS Air Jordan 8 Retro - Black / Light Graphite / White,jb305368-007,Jordan,High Top Sneakers,45143880302720,11C,14304923,165.0,False,,https://kith.com/products/jb305368-007
8286722424960,Jordan GS Air Jordan 8 Retro - Black / Light Graphite / White,jb305368-007,Jordan,High Top Sneakers,45143880335488,11.5C,14304924,165.0,False,,https://kith.com/products/jb305368-007
8286722424960,Jordan GS Air Jordan 8 Retro - Black / Light Graphite / White,jb305368-007,Jordan,High Top Sneakers,45143880368256,12C,14304925,165.0,False,,https://kith.com/products/jb305368-007
8286722424960,Jordan GS Air Jordan 8 Retro - Black / Light Graphite / White,jb305368-007,Jordan,High Top Sneakers,45143880401024,12.5C,14304926,165.0,False,,https://kith.com/products/jb305368-007
8286722424960,Jordan GS Air Jordan 8 Retro - Black / Light Graphite / White,jb305368-007,Jordan,High Top Sneakers,45143880433792,13C,14304927,165.0,False,,https://kith.com/products/jb305368-007
8286722424960,Jordan GS Air Jordan 8 Retro - Black / Light Graphite / White,jb305368-007,Jordan,High Top Sneakers,45143880466560,13.5C,14304928,165.0,False,,https://kith.com/products/jb305368-007
8286722424960,Jordan GS Air Jordan 8 Retro - Black / Light Graphite / White,jb305368-007,Jordan,High Top Sneakers,45143880499328,1Y,14304929,165.0,False,,https://kith.com/products/jb305368-007
8286722424960,Jordan GS Air Jordan 8 Retro - Black / Light Graphite / White,jb305368-007,Jordan,High Top Sneakers,45143880532096,1.5Y,14304930,165.0,False,,https://kith.com/products/jb305368-007
8286722424960,Jordan GS Air Jordan 8 Retro - Black / Light Graphite / White,jb305368-007,Jordan,High Top Sneakers,45143880564864,2Y,14304931,165.0,False,,https://kith.com/products/jb305368-007
8286722424960,Jordan GS Air Jordan 8 Retro - Black / Light Graphite / White,jb305368-007,Jordan,High Top Sneakers,45143880597632,2.5Y,14304932,165.0,False,,https://kith.com/products/jb305368-007
8286722424960,Jordan GS Air Jordan 8 Retro - Black / Light Graphite / White,jb305368-007,Jordan,High Top Sneakers,45143880630400,3Y,14304933,165.0,False,,https://kith.com/products/jb305368-007
8286722424960,Jordan GS Air Jordan 8 Retro - Black / Light Graphite / White,jb305368-007,Jordan,High Top Sneakers,45143880663168,3.5Y,14304934,165.0,True,,https://kith.com/products/jb305368-007
8286722424960,Jordan GS Air Jordan 8 Retro - Black / Light Graphite / White,jb305368-007,Jordan,High Top Sneakers,45143880695936,4Y,14304935,165.0,True,,https://kith.com/products/jb305368-007
8286722424960,Jordan GS Air Jordan 8 Retro - Black / Light Graphite / White,jb305368-007,Jordan,High Top Sneakers,45143880728704,4.5Y,14304936,165.0,True,,https://kith.com/products/jb305368-007
8286722424960,Jordan GS Air Jordan 8 Retro - Black / Light Graphite / White,jb305368-007,Jordan,High Top Sneakers,45143880761472,5Y,14304937,165.0,True,,https://kith.com/products/jb305368-007
8286722424960,Jordan GS Air Jordan 8 Retro - Black / Light Graphite / White,jb305368-007,Jordan,High Top Sneakers,45143880794240,5.5Y,14304938,165.0,True,,https://kith.com/products/jb305368-007
8286722424960,Jordan GS Air Jordan 8 Retro - Black / Light Graphite / White,jb305368-007,Jordan,High Top Sneakers,45143880827008,6Y,14304939,165.0,True,,https://kith.com/products/jb305368-007
8286722424960,Jordan GS Air Jordan 8 Retro - Black / Light Graphite / White,jb305368-007,Jordan,High Top Sneakers,45143880859776,6.5Y,14304940,165.0,True,,https://kith.com/products/jb305368-007
8286722424960,Jordan GS Air Jordan 8 Retro - Black / Light Graphite / White,jb305368-007,Jordan,High Top Sneakers,45143880892544,7Y,14304941,165.0,False,,https://kith.com/products/jb305368-007
8286722457728,Jordan Air Jordan 8 - Black / Light Graphite / White,jb305381-007,Jordan,High Top Sneakers,45143880925312,3,14304200,215.0,False,,https://kith.com/products/jb305381-007
8286722457728,Jordan Air Jordan 8 - Black / Light Graphite / White,jb305381-007,Jordan,High Top Sneakers,45143880958080,3.5,14304201,215.0,False,,https://kith.com/products/jb305381-007
8286722457728,Jordan Air Jordan 8 - Black / Light Graphite / White,jb305381-007,Jordan,High Top Sneakers,45143880990848,4,14304202,215.0,False,,https://kith.com/products/jb305381-007
8286722457728,Jordan Air Jordan 8 - Black / Light Graphite / White,jb305381-007,Jordan,High Top Sneakers,45143881023616,4.5,14304203,215.0,False,,https://kith.com/products/jb305381-007
8286722457728,Jordan Air Jordan 8 - Black / Light Graphite / White,jb305381-007,Jordan,High Top Sneakers,45143881056384,5,14304204,215.0,False,,https://kith.com/products/jb305381-007
8286722457728,Jordan Air Jordan 8 - Black / Light Graphite / White,jb305381-007,Jordan,High Top Sneakers,45143881089152,5.5,14304205,215.0,False,,https://kith.com/products/jb305381-007
8286722457728,Jordan Air Jordan 8 - Black / Light Graphite / White,jb305381-007,Jordan,High Top Sneakers,45143881121920,6,14304206,215.0,False,,https://kith.com/products/jb305381-007
8286722457728,Jordan Air Jordan 8 - Black / Light Graphite / White,jb305381-007,Jordan,High Top Sneakers,45143881154688,6.5,14304207,215.0,False,,https://kith.com/products/jb305381-007
8286722457728,Jordan Air Jordan 8 - Black / Light Graphite / White,jb305381-007,Jordan,High Top Sneakers,45143881187456,7,14304208,215.0,True,,https://kith.com/products/jb305381-007
8286722457728,Jordan Air Jordan 8 - Black / Light Graphite / White,jb305381-007,Jordan,High Top Sneakers,45143881220224,7.5,14304209,215.0,True,,https://kith.com/products/jb305381-007
8286722457728,Jordan Air Jordan 8 - Black / Light Graphite / White,jb305381-007,Jordan,High Top Sneakers,45143881252992,8,14304210,215.0,True,,https://kith.com/products/jb305381-007
8286722457728,Jordan Air Jordan 8 - Black / Light Graphite / White,jb305381-007,Jordan,High Top Sneakers,45143881285760,8.5,14304211,215.0,True,,https://kith.com/products/jb305381-007
8286722457728,Jordan Air Jordan 8 - Black / Light Graphite / White,jb305381-007,Jordan,High Top Sneakers,45143881318528,9,14304212,215.0,True,,https://kith.com/products/jb305381-007
8286722457728,Jordan Air Jordan 8 - Black / Light Graphite / White,jb305381-007,Jordan,High Top Sneakers,45143881351296,9.5,14304213,215.0,True,,https://kith.com/products/jb305381-007
8286722457728,Jordan Air Jordan 8 - Black / Light Graphite / White,jb305381-007,Jordan,High Top Sneakers,45143881384064,10,14304214,215.0,True,,https://kith.com/products/jb305381-007
8286722457728,Jordan Air Jordan 8 - Black / Light Graphite / White,jb305381-007,Jordan,High Top Sneakers,45143881416832,10.5,14304215,215.0,True,,https://kith.com/products/jb305381-007
8286722457728,Jordan Air Jordan 8 - Black / Light Graphite / White,jb305381-007,Jordan,High Top Sneakers,45143881449600,11,14304216,215.0,True,,https://kith.com/products/jb305381-007
8286722457728,Jordan Air Jordan 8 - Black / Light Graphite / White,jb305381-007,Jordan,High Top Sneakers,45143881482368,11.5,14304217,215.0,True,,https://kith.com/products/jb305381-007
8286722457728,Jordan Air Jordan 8 - Black / Light Graphite / White,jb305381-007,Jordan,High Top Sneakers,45143881515136,12,14304218,215.0,True,,https://kith.com/products/jb305381-007
8286722457728,Jordan Air Jordan 8 - Black / Light Graphite / White,jb305381-007,Jordan,High Top Sneakers,45143881547904,12.5,14304219,215.0,False,,https://kith.com/products/jb305381-007
8286722457728,Jordan Air Jordan 8 - Black / Light Graphite / White,jb305381-007,Jordan,High Top Sneakers,45143881580672,13,14304220,215.0,True,,https://kith.com/products/jb305381-007
8286722457728,Jordan Air Jordan 8 - Black / Light Graphite / White,jb305381-007,Jordan,High Top Sneakers,45143881613440,13.5,14304221,215.0,False,,https://kith.com/products/jb305381-007
8286722457728,Jordan Air Jordan 8 - Black / Light Graphite / White,jb305381-007,Jordan,High Top Sneakers,45143881646208,14,14304222,215.0,False,,https://kith.com/products/jb305381-007
8286722457728,Jordan Air Jordan 8 - Black / Light Graphite / White,jb305381-007,Jordan,High Top Sneakers,45143881678976,14.5,14304223,215.0,False,,https://kith.com/products/jb305381-007
8286722457728,Jordan Air Jordan 8 - Black / Light Graphite / White,jb305381-007,Jordan,High Top Sneakers,45143881711744,15,14304224,215.0,False,,https://kith.com/products/jb305381-007
8286722457728,Jordan Air Jordan 8 - Black / Light Graphite / White,jb305381-007,Jordan,High Top Sneakers,45143881744512,15.5,14304225,215.0,False,,https://kith.com/products/jb305381-007
8286722457728,Jordan Air Jordan 8 - Black / Light Graphite / White,jb305381-007,Jordan,High Top Sneakers,45143881777280,16,14304226,215.0,False,,https://kith.com/products/jb305381-007
8286722457728,Jordan Air Jordan 8 - Black / Light Graphite / White,jb305381-007,Jordan,High Top Sneakers,45143881810048,16.5,14304227,215.0,False,,https://kith.com/products/jb305381-007
8286722457728,Jordan Air Jordan 8 - Black / Light Graphite / White,jb305381-007,Jordan,High Top Sneakers,45143881842816,17,14304228,215.0,False,,https://kith.com/products/jb305381-007
8286722457728,Jordan Air Jordan 8 - Black / Light Graphite / White,jb305381-007,Jordan,High Top Sneakers,45143881875584,18,14304229,215.0,False,,https://kith.com/products/jb305381-007
8286722654336,ASICS x INVINCIBLE® x Madness GEL-KAYANO 12.1 - Vanilla,ai1203b150-250,ASICS,Low Top Sneakers,45143886561408,3,13884630,210.0,False,,https://kith.com/products/ai1203b150-250
8286722654336,ASICS x INVINCIBLE® x Madness GEL-KAYANO 12.1 - Vanilla,ai1203b150-250,ASICS,Low Top Sneakers,45143886594176,3.5,13884631,210.0,False,,https://kith.com/products/ai1203b150-250
8286722654336,ASICS x INVINCIBLE® x Madness GEL-KAYANO 12.1 - Vanilla,ai1203b150-250,ASICS,Low Top Sneakers,45143886626944,4,13884632,210.0,False,,https://kith.com/products/ai1203b150-250
8286722654336,ASICS x INVINCIBLE® x Madness GEL-KAYANO 12.1 - Vanilla,ai1203b150-250,ASICS,Low Top Sneakers,45143886659712,4.5,13884633,210.0,True,,https://kith.com/products/ai1203b150-250
8286722654336,ASICS x INVINCIBLE® x Madness GEL-KAYANO 12.1 - Vanilla,ai1203b150-250,ASICS,Low Top Sneakers,45143886692480,5,13884634,210.0,True,,https://kith.com/products/ai1203b150-250
8286722654336,ASICS x INVINCIBLE® x Madness GEL-KAYANO 12.1 - Vanilla,ai1203b150-250,ASICS,Low Top Sneakers,45143886725248,5.5,13884635,210.0,True,,https://kith.com/products/ai1203b150-250
8286722654336,ASICS x INVINCIBLE® x Madness GEL-KAYANO 12.1 - Vanilla,ai1203b150-250,ASICS,Low Top Sneakers,45143886758016,6,13884636,210.0,True,,https://kith.com/products/ai1203b150-250
8286722654336,ASICS x INVINCIBLE® x Madness GEL-KAYANO 12.1 - Vanilla,ai1203b150-250,ASICS,Low Top Sneakers,45143886790784,6.5,13884637,210.0,False,,https://kith.com/products/ai1203b150-250
8286722654336,ASICS x INVINCIBLE® x Madness GEL-KAYANO 12.1 - Vanilla,ai1203b150-250,ASICS,Low Top Sneakers,45143886823552,7,13884638,210.0,False,,https://kith.com/products/ai1203b150-250
8286722654336,ASICS x INVINCIBLE® x Madness GEL-KAYANO 12.1 - Vanilla,ai1203b150-250,ASICS,Low Top Sneakers,45143886856320,7.5,13884639,210.0,False,,https://kith.com/products/ai1203b150-250
8286722654336,ASICS x INVINCIBLE® x Madness GEL-KAYANO 12.1 - Vanilla,ai1203b150-250,ASICS,Low Top Sneakers,45143886889088,8,13884640,210.0,True,,https://kith.com/products/ai1203b150-250
8286722654336,ASICS x INVINCIBLE® x Madness GEL-KAYANO 12.1 - Vanilla,ai1203b150-250,ASICS,Low Top Sneakers,45143886921856,8.5,13884641,210.0,True,,https://kith.com/products/ai1203b150-250
8286722654336,ASICS x INVINCIBLE® x Madness GEL-KAYANO 12.1 - Vanilla,ai1203b150-250,ASICS,Low Top Sneakers,45143886954624,9,13884642,210.0,True,,https://kith.com/products/ai1203b150-250
8286722654336,ASICS x INVINCIBLE® x Madness GEL-KAYANO 12.1 - Vanilla,ai1203b150-250,ASICS,Low Top Sneakers,45143886987392,9.5,13884643,210.0,True,,https://kith.com/products/ai1203b150-250
8286722654336,ASICS x INVINCIBLE® x Madness GEL-KAYANO 12.1 - Vanilla,ai1203b150-250,ASICS,Low Top Sneakers,45143887020160,10,13884644,210.0,True,,https://kith.com/products/ai1203b150-250
8286722654336,ASICS x INVINCIBLE® x Madness GEL-KAYANO 12.1 - Vanilla,ai1203b150-250,ASICS,Low Top Sneakers,45143887052928,10.5,13884645,210.0,True,,https://kith.com/products/ai1203b150-250
8286722654336,ASICS x INVINCIBLE® x Madness GEL-KAYANO 12.1 - Vanilla,ai1203b150-250,ASICS,Low Top Sneakers,45143887085696,11,13884646,210.0,True,,https://kith.com/products/ai1203b150-250
8286722654336,ASICS x INVINCIBLE® x Madness GEL-KAYANO 12.1 - Vanilla,ai1203b150-250,ASICS,Low Top Sneakers,45143887118464,11.5,13884647,210.0,True,,https://kith.com/products/ai1203b150-250
8286722654336,ASICS x INVINCIBLE® x Madness GEL-KAYANO 12.1 - Vanilla,ai1203b150-250,ASICS,Low Top Sneakers,45143887151232,12,13884648,210.0,False,,https://kith.com/products/ai1203b150-250
8286722654336,ASICS x INVINCIBLE® x Madness GEL-KAYANO 12.1 - Vanilla,ai1203b150-250,ASICS,Low Top Sneakers,45143887184000,12.5,13884649,210.0,False,,https://kith.com/products/ai1203b150-250
8286722654336,ASICS x INVINCIBLE® x Madness GEL-KAYANO 12.1 - Vanilla,ai1203b150-250,ASICS,Low Top Sneakers,45143887216768,13,13884650,210.0,False,,https://kith.com/products/ai1203b150-250
8286722654336,ASICS x INVINCIBLE® x Madness GEL-KAYANO 12.1 - Vanilla,ai1203b150-250,ASICS,Low Top Sneakers,45143887249536,13.5,13884651,210.0,False,,https://kith.com/products/ai1203b150-250
8286722654336,ASICS x INVINCIBLE® x Madness GEL-KAYANO 12.1 - Vanilla,ai1203b150-250,ASICS,Low Top Sneakers,45143887282304,14,13884652,210.0,False,,https://kith.com/products/ai1203b150-250
8286722654336,ASICS x INVINCIBLE® x Madness GEL-KAYANO 12.1 - Vanilla,ai1203b150-250,ASICS,Low Top Sneakers,45143887315072,14.5,13884653,210.0,False,,https://kith.com/products/ai1203b150-250
8286722654336,ASICS x INVINCIBLE® x Madness GEL-KAYANO 12.1 - Vanilla,ai1203b150-250,ASICS,Low Top Sneakers,45143887347840,15,13884654,210.0,False,,https://kith.com/products/ai1203b150-250
8286722654336,ASICS x INVINCIBLE® x Madness GEL-KAYANO 12.1 - Vanilla,ai1203b150-250,ASICS,Low Top Sneakers,45143887380608,15.5,13884655,210.0,False,,https://kith.com/products/ai1203b150-250
8286722654336,ASICS x INVINCIBLE® x Madness GEL-KAYANO 12.1 - Vanilla,ai1203b150-250,ASICS,Low Top Sneakers,45143887413376,16,13884656,210.0,False,,https://kith.com/products/ai1203b150-250
8286722654336,ASICS x INVINCIBLE® x Madness GEL-KAYANO 12.1 - Vanilla,ai1203b150-250,ASICS,Low Top Sneakers,45143887446144,16.5,13884657,210.0,False,,https://kith.com/products/ai1203b150-250
8286722654336,ASICS x INVINCIBLE® x Madness GEL-KAYANO 12.1 - Vanilla,ai1203b150-250,ASICS,Low Top Sneakers,45143887478912,17,13884658,210.0,False,,https://kith.com/products/ai1203b150-250
8286722654336,ASICS x INVINCIBLE® x Madness GEL-KAYANO 12.1 - Vanilla,ai1203b150-250,ASICS,Low Top Sneakers,45143887511680,18,13884659,210.0,False,,https://kith.com/products/ai1203b150-250
8285000073344,NONFICTION Eau De Parfum - Santal Cream,nf-prfme-sntl,NONFICTION,Self-Care,45127754285184,Default Title,12788982,175.0,True,,https://kith.com/products/nf-prfme-sntl
8284999975040,NONFICTION Eau De Parfum - Gentle Night,nf-prfme-nght,NONFICTION,Self-Care,45127754186880,Default Title,12788980,175.0,True,,https://kith.com/products/nf-prfme-nght
8286747033728,Converse First String Jack Purcell - Premium White / Marshmallow / Black,cna24016c,Converse,Low Top Sneakers,45144100667520,3,17819426,250.0,False,,https://kith.com/products/cna24016c
8286747033728,Converse First String Jack Purcell - Premium White / Marshmallow / Black,cna24016c,Converse,Low Top Sneakers,45144100700288,3.5,17819427,250.0,False,,https://kith.com/products/cna24016c
8286747033728,Converse First String Jack Purcell - Premium White / Marshmallow / Black,cna24016c,Converse,Low Top Sneakers,45144100733056,4,17819428,250.0,False,,https://kith.com/products/cna24016c
8286747033728,Converse First String Jack Purcell - Premium White / Marshmallow / Black,cna24016c,Converse,Low Top Sneakers,45144100765824,4.5,17819429,250.0,True,,https://kith.com/products/cna24016c
8286747033728,Converse First String Jack Purcell - Premium White / Marshmallow / Black,cna24016c,Converse,Low Top Sneakers,45144100798592,5,17819430,250.0,False,,https://kith.com/products/cna24016c
8286747033728,Converse First String Jack Purcell - Premium White / Marshmallow / Black,cna24016c,Converse,Low Top Sneakers,45144100831360,5.5,17819431,250.0,False,,https://kith.com/products/cna24016c
8286747033728,Converse First String Jack Purcell - Premium White / Marshmallow / Black,cna24016c,Converse,Low Top Sneakers,45144100864128,6,17819432,250.0,False,,https://kith.com/products/cna24016c
8286747033728,Converse First String Jack Purcell - Premium White / Marshmallow / Black,cna24016c,Converse,Low Top Sneakers,45144100896896,6.5,17819433,250.0,False,,https://kith.com/products/cna24016c
8286747033728,Converse First String Jack Purcell - Premium White / Marshmallow / Black,cna24016c,Converse,Low Top Sneakers,45144100929664,7,17819434,250.0,False,,https://kith.com/products/cna24016c
8286747033728,Converse First String Jack Purcell - Premium White / Marshmallow / Black,cna24016c,Converse,Low Top Sneakers,45144100962432,7.5,17819435,250.0,False,,https://kith.com/products/cna24016c
8286747033728,Converse First String Jack Purcell - Premium White / Marshmallow / Black,cna24016c,Converse,Low Top Sneakers,45144100995200,8,17819436,250.0,False,,https://kith.com/products/cna24016c
8286747033728,Converse First String Jack Purcell - Premium White / Marshmallow / Black,cna24016c,Converse,Low Top Sneakers,45144101027968,8.5,17819437,250.0,False,,https://kith.com/products/cna24016c
8286747033728,Converse First String Jack Purcell - Premium White / Marshmallow / Black,cna24016c,Converse,Low Top Sneakers,45144101060736,9,17819438,250.0,False,,https://kith.com/products/cna24016c
8286747033728,Converse First String Jack Purcell - Premium White / Marshmallow / Black,cna24016c,Converse,Low Top Sneakers,45144101093504,9.5,17819439,250.0,False,,https://kith.com/products/cna24016c
8286747033728,Converse First String Jack Purcell - Premium White / Marshmallow / Black,cna24016c,Converse,Low Top Sneakers,45144101126272,10,17819440,250.0,False,,https://kith.com/products/cna24016c
8286747033728,Converse First String Jack Purcell - Premium White / Marshmallow / Black,cna24016c,Converse,Low Top Sneakers,45144101159040,10.5,17819441,250.0,False,,https://kith.com/products/cna24016c
8286747033728,Converse First String Jack Purcell - Premium White / Marshmallow / Black,cna24016c,Converse,Low Top Sneakers,45144101191808,11,17819442,250.0,False,,https://kith.com/products/cna24016c
8286747033728,Converse First String Jack Purcell - Premium White / Marshmallow / Black,cna24016c,Converse,Low Top Sneakers,45144101224576,11.5,17819443,250.0,False,,https://kith.com/products/cna24016c
8286747033728,Converse First String Jack Purcell - Premium White / Marshmallow / Black,cna24016c,Converse,Low Top Sneakers,45144101257344,12,17819444,250.0,False,,https://kith.com/products/cna24016c
8286747033728,Converse First String Jack Purcell - Premium White / Marshmallow / Black,cna24016c,Converse,Low Top Sneakers,45144101290112,12.5,17819445,250.0,False,,https://kith.com/products/cna24016c
8286747033728,Converse First String Jack Purcell - Premium White / Marshmallow / Black,cna24016c,Converse,Low Top Sneakers,45144101322880,13,17819446,250.0,False,,https://kith.com/products/cna24016c
8286747033728,Converse First String Jack Purcell - Premium White / Marshmallow / Black,cna24016c,Converse,Low Top Sneakers,45144101355648,13.5,17819447,250.0,False,,https://kith.com/products/cna24016c
8286747033728,Converse First String Jack Purcell - Premium White / Marshmallow / Black,cna24016c,Converse,Low Top Sneakers,45144101388416,14,17819448,250.0,False,,https://kith.com/products/cna24016c
8286747033728,Converse First String Jack Purcell - Premium White / Marshmallow / Black,cna24016c,Converse,Low Top Sneakers,45144101421184,14.5,17819449,250.0,False,,https://kith.com/products/cna24016c
8286747033728,Converse First String Jack Purcell - Premium White / Marshmallow / Black,cna24016c,Converse,Low Top Sneakers,45144101453952,15,17819450,250.0,False,,https://kith.com/products/cna24016c
8286747033728,Converse First String Jack Purcell - Premium White / Marshmallow / Black,cna24016c,Converse,Low Top Sneakers,45144101486720,15.5,17819451,250.0,False,,https://kith.com/products/cna24016c
8286747033728,Converse First String Jack Purcell - Premium White / Marshmallow / Black,cna24016c,Converse,Low Top Sneakers,45144101519488,16,17819452,250.0,False,,https://kith.com/products/cna24016c
8286747033728,Converse First String Jack Purcell - Premium White / Marshmallow / Black,cna24016c,Converse,Low Top Sneakers,45144101552256,16.5,17819453,250.0,False,,https://kith.com/products/cna24016c
8286747033728,Converse First String Jack Purcell - Premium White / Marshmallow / Black,cna24016c,Converse,Low Top Sneakers,45144101585024,17,17819454,250.0,False,,https://kith.com/products/cna24016c
8286747033728,Converse First String Jack Purcell - Premium White / Marshmallow / Black,cna24016c,Converse,Low Top Sneakers,45144101617792,18,17819455,250.0,False,,https://kith.com/products/cna24016c
8286747099264,Converse First String Jack Purcell - Mountain View / Marshmallow / Chestnut,cna24015c,Converse,Low Top Sneakers,45144102633600,3,17819396,250.0,False,,https://kith.com/products/cna24015c
8286747099264,Converse First String Jack Purcell - Mountain View / Marshmallow / Chestnut,cna24015c,Converse,Low Top Sneakers,45144102666368,3.5,17819397,250.0,False,,https://kith.com/products/cna24015c
8286747099264,Converse First String Jack Purcell - Mountain View / Marshmallow / Chestnut,cna24015c,Converse,Low Top Sneakers,45144102699136,4,17819398,250.0,False,,https://kith.com/products/cna24015c
8286747099264,Converse First String Jack Purcell - Mountain View / Marshmallow / Chestnut,cna24015c,Converse,Low Top Sneakers,45144102731904,4.5,17819399,250.0,False,,https://kith.com/products/cna24015c
8286747099264,Converse First String Jack Purcell - Mountain View / Marshmallow / Chestnut,cna24015c,Converse,Low Top Sneakers,45144102764672,5,17819400,250.0,False,,https://kith.com/products/cna24015c
8286747099264,Converse First String Jack Purcell - Mountain View / Marshmallow / Chestnut,cna24015c,Converse,Low Top Sneakers,45144102797440,5.5,17819401,250.0,False,,https://kith.com/products/cna24015c
8286747099264,Converse First String Jack Purcell - Mountain View / Marshmallow / Chestnut,cna24015c,Converse,Low Top Sneakers,45144102830208,6,17819402,250.0,False,,https://kith.com/products/cna24015c
8286747099264,Converse First String Jack Purcell - Mountain View / Marshmallow / Chestnut,cna24015c,Converse,Low Top Sneakers,45144102862976,6.5,17819403,250.0,False,,https://kith.com/products/cna24015c
8286747099264,Converse First String Jack Purcell - Mountain View / Marshmallow / Chestnut,cna24015c,Converse,Low Top Sneakers,45144102895744,7,17819404,250.0,False,,https://kith.com/products/cna24015c
8286747099264,Converse First String Jack Purcell - Mountain View / Marshmallow / Chestnut,cna24015c,Converse,Low Top Sneakers,45144102928512,7.5,17819405,250.0,False,,https://kith.com/products/cna24015c
8286747099264,Converse First String Jack Purcell - Mountain View / Marshmallow / Chestnut,cna24015c,Converse,Low Top Sneakers,45144102961280,8,17819406,250.0,False,,https://kith.com/products/cna24015c
8286747099264,Converse First String Jack Purcell - Mountain View / Marshmallow / Chestnut,cna24015c,Converse,Low Top Sneakers,45144102994048,8.5,17819407,250.0,False,,https://kith.com/products/cna24015c
8286747099264,Converse First String Jack Purcell - Mountain View / Marshmallow / Chestnut,cna24015c,Converse,Low Top Sneakers,45144103026816,9,17819408,250.0,False,,https://kith.com/products/cna24015c
8286747099264,Converse First String Jack Purcell - Mountain View / Marshmallow / Chestnut,cna24015c,Converse,Low Top Sneakers,45144103059584,9.5,17819409,250.0,False,,https://kith.com/products/cna24015c
8286747099264,Converse First String Jack Purcell - Mountain View / Marshmallow / Chestnut,cna24015c,Converse,Low Top Sneakers,45144103092352,10,17819410,250.0,False,,https://kith.com/products/cna24015c
8286747099264,Converse First String Jack Purcell - Mountain View / Marshmallow / Chestnut,cna24015c,Converse,Low Top Sneakers,45144103125120,10.5,17819411,250.0,False,,https://kith.com/products/cna24015c
8286747099264,Converse First String Jack Purcell - Mountain View / Marshmallow / Chestnut,cna24015c,Converse,Low Top Sneakers,45144103157888,11,17819412,250.0,False,,https://kith.com/products/cna24015c
8286747099264,Converse First String Jack Purcell - Mountain View / Marshmallow / Chestnut,cna24015c,Converse,Low Top Sneakers,45144103190656,11.5,17819413,250.0,False,,https://kith.com/products/cna24015c
8286747099264,Converse First String Jack Purcell - Mountain View / Marshmallow / Chestnut,cna24015c,Converse,Low Top Sneakers,45144103223424,12,17819414,250.0,False,,https://kith.com/products/cna24015c
8286747099264,Converse First String Jack Purcell - Mountain View / Marshmallow / Chestnut,cna24015c,Converse,Low Top Sneakers,45144103256192,12.5,17819415,250.0,False,,https://kith.com/products/cna24015c
8286747099264,Converse First String Jack Purcell - Mountain View / Marshmallow / Chestnut,cna24015c,Converse,Low Top Sneakers,45144103288960,13,17819416,250.0,False,,https://kith.com/products/cna24015c
8286747099264,Converse First String Jack Purcell - Mountain View / Marshmallow / Chestnut,cna24015c,Converse,Low Top Sneakers,45144103321728,13.5,17819417,250.0,False,,https://kith.com/products/cna24015c
8286747099264,Converse First String Jack Purcell - Mountain View / Marshmallow / Chestnut,cna24015c,Converse,Low Top Sneakers,45144103354496,14,17819418,250.0,False,,https://kith.com/products/cna24015c
8286747099264,Converse First String Jack Purcell - Mountain View / Marshmallow / Chestnut,cna24015c,Converse,Low Top Sneakers,45144103387264,14.5,17819419,250.0,False,,https://kith.com/products/cna24015c
8286747099264,Converse First String Jack Purcell - Mountain View / Marshmallow / Chestnut,cna24015c,Converse,Low Top Sneakers,45144103420032,15,17819420,250.0,False,,https://kith.com/products/cna24015c
8286747099264,Converse First String Jack Purcell - Mountain View / Marshmallow / Chestnut,cna24015c,Converse,Low Top Sneakers,45144103452800,15.5,17819421,250.0,False,,https://kith.com/products/cna24015c
8286747099264,Converse First String Jack Purcell - Mountain View / Marshmallow / Chestnut,cna24015c,Converse,Low Top Sneakers,45144103485568,16,17819422,250.0,False,,https://kith.com/products/cna24015c
8286747099264,Converse First String Jack Purcell - Mountain View / Marshmallow / Chestnut,cna24015c,Converse,Low Top Sneakers,45144103518336,16.5,17819423,250.0,False,,https://kith.com/products/cna24015c
8286747099264,Converse First String Jack Purcell - Mountain View / Marshmallow / Chestnut,cna24015c,Converse,Low Top Sneakers,45144103551104,17,17819424,250.0,False,,https://kith.com/products/cna24015c
8286747099264,Converse First String Jack Purcell - Mountain View / Marshmallow / Chestnut,cna24015c,Converse,Low Top Sneakers,45144103583872,18,17819425,250.0,False,,https://kith.com/products/cna24015c
8286746902656,On Running x Post Archive Faction WMNS Cloudsoma - Haze / Linen,onr3wg30656223,On Running,Low Top Sneakers,45144098635904,6,98283147,200.0,True,,https://kith.com/products/onr3wg30656223
8286746902656,On Running x Post Archive Faction WMNS Cloudsoma - Haze / Linen,onr3wg30656223,On Running,Low Top Sneakers,45144098668672,6.5,98283148,200.0,True,,https://kith.com/products/onr3wg30656223
8286746902656,On Running x Post Archive Faction WMNS Cloudsoma - Haze / Linen,onr3wg30656223,On Running,Low Top Sneakers,45144098701440,7,98283149,200.0,True,,https://kith.com/products/onr3wg30656223
8286746902656,On Running x Post Archive Faction WMNS Cloudsoma - Haze / Linen,onr3wg30656223,On Running,Low Top Sneakers,45144098734208,7.5,98283150,200.0,True,,https://kith.com/products/onr3wg30656223
8286746902656,On Running x Post Archive Faction WMNS Cloudsoma - Haze / Linen,onr3wg30656223,On Running,Low Top Sneakers,45144098766976,8,98283151,200.0,True,,https://kith.com/products/onr3wg30656223
8286746902656,On Running x Post Archive Faction WMNS Cloudsoma - Haze / Linen,onr3wg30656223,On Running,Low Top Sneakers,45144098799744,8.5,98283152,200.0,True,,https://kith.com/products/onr3wg30656223
8286746902656,On Running x Post Archive Faction WMNS Cloudsoma - Haze / Linen,onr3wg30656223,On Running,Low Top Sneakers,45144098832512,9,98283153,200.0,True,,https://kith.com/products/onr3wg30656223
8286746902656,On Running x Post Archive Faction WMNS Cloudsoma - Haze / Linen,onr3wg30656223,On Running,Low Top Sneakers,45144098865280,10,98283146,200.0,True,,https://kith.com/products/onr3wg30656223
8286747164800,On Running x Post Archive Faction WMNS Cloudsoma - Cobble / Raven,onr3wg30656222,On Running,Low Top Sneakers,45144104599680,6,98283139,200.0,True,,https://kith.com/products/onr3wg30656222
8286747164800,On Running x Post Archive Faction WMNS Cloudsoma - Cobble / Raven,onr3wg30656222,On Running,Low Top Sneakers,45144104632448,6.5,98283140,200.0,True,,https://kith.com/products/onr3wg30656222
8286747164800,On Running x Post Archive Faction WMNS Cloudsoma - Cobble / Raven,onr3wg30656222,On Running,Low Top Sneakers,45144104665216,7,98283141,200.0,True,,https://kith.com/products/onr3wg30656222
8286747164800,On Running x Post Archive Faction WMNS Cloudsoma - Cobble / Raven,onr3wg30656222,On Running,Low Top Sneakers,45144104697984,7.5,98283142,200.0,True,,https://kith.com/products/onr3wg30656222
8286747164800,On Running x Post Archive Faction WMNS Cloudsoma - Cobble / Raven,onr3wg30656222,On Running,Low Top Sneakers,45144104730752,8,98283143,200.0,True,,https://kith.com/products/onr3wg30656222
8286747164800,On Running x Post Archive Faction WMNS Cloudsoma - Cobble / Raven,onr3wg30656222,On Running,Low Top Sneakers,45144104763520,8.5,98283144,200.0,True,,https://kith.com/products/onr3wg30656222
8286747164800,On Running x Post Archive Faction WMNS Cloudsoma - Cobble / Raven,onr3wg30656222,On Running,Low Top Sneakers,45144104796288,9,98283145,200.0,True,,https://kith.com/products/onr3wg30656222
8286747164800,On Running x Post Archive Faction WMNS Cloudsoma - Cobble / Raven,onr3wg30656222,On Running,Low Top Sneakers,45144104829056,10,98283138,200.0,True,,https://kith.com/products/onr3wg30656222
8286747230336,On Running x Post Archive Faction WMNS Cloudsoma - Black / Black,onr3wg30651043,On Running,Low Top Sneakers,45144105844864,6,7619503740301,200.0,True,,https://kith.com/products/onr3wg30651043
8286747230336,On Running x Post Archive Faction WMNS Cloudsoma - Black / Black,onr3wg30651043,On Running,Low Top Sneakers,45144105877632,6.5,7619503740318,200.0,True,,https://kith.com/products/onr3wg30651043
8286747230336,On Running x Post Archive Faction WMNS Cloudsoma - Black / Black,onr3wg30651043,On Running,Low Top Sneakers,45144105910400,7,7619503740325,200.0,True,,https://kith.com/products/onr3wg30651043
8286747230336,On Running x Post Archive Faction WMNS Cloudsoma - Black / Black,onr3wg30651043,On Running,Low Top Sneakers,45144105943168,7.5,7619503740332,200.0,True,,https://kith.com/products/onr3wg30651043
8286747230336,On Running x Post Archive Faction WMNS Cloudsoma - Black / Black,onr3wg30651043,On Running,Low Top Sneakers,45144105975936,8,7619503740349,200.0,True,,https://kith.com/products/onr3wg30651043
8286747230336,On Running x Post Archive Faction WMNS Cloudsoma - Black / Black,onr3wg30651043,On Running,Low Top Sneakers,45144106008704,8.5,7619503740356,200.0,True,,https://kith.com/products/onr3wg30651043
8286747230336,On Running x Post Archive Faction WMNS Cloudsoma - Black / Black,onr3wg30651043,On Running,Low Top Sneakers,45144106041472,9,7619503740363,200.0,True,,https://kith.com/products/onr3wg30651043
8286747230336,On Running x Post Archive Faction WMNS Cloudsoma - Black / Black,onr3wg30651043,On Running,Low Top Sneakers,45144106074240,10,7619503740387,200.0,True,,https://kith.com/products/onr3wg30651043
8286746869888,On Running x Post Archive Faction Cloudsoma - Haze / Linen,onr3mg30786223,On Running,Low Top Sneakers,45144098242688,7,98282964,200.0,True,,https://kith.com/products/onr3mg30786223
8286746869888,On Running x Post Archive Faction Cloudsoma - Haze / Linen,onr3mg30786223,On Running,Low Top Sneakers,45144098275456,7.5,98282965,200.0,True,,https://kith.com/products/onr3mg30786223
8286746869888,On Running x Post Archive Faction Cloudsoma - Haze / Linen,onr3mg30786223,On Running,Low Top Sneakers,45144098308224,8,98282966,200.0,True,,https://kith.com/products/onr3mg30786223
8286746869888,On Running x Post Archive Faction Cloudsoma - Haze / Linen,onr3mg30786223,On Running,Low Top Sneakers,45144098340992,8.5,98282967,200.0,True,,https://kith.com/products/onr3mg30786223
8286746869888,On Running x Post Archive Faction Cloudsoma - Haze / Linen,onr3mg30786223,On Running,Low Top Sneakers,45144098373760,9,98282968,200.0,True,,https://kith.com/products/onr3mg30786223
8286746869888,On Running x Post Archive Faction Cloudsoma - Haze / Linen,onr3mg30786223,On Running,Low Top Sneakers,45144098406528,9.5,98282969,200.0,True,,https://kith.com/products/onr3mg30786223
8286746869888,On Running x Post Archive Faction Cloudsoma - Haze / Linen,onr3mg30786223,On Running,Low Top Sneakers,45144098439296,10,98282958,200.0,True,,https://kith.com/products/onr3mg30786223
8286746869888,On Running x Post Archive Faction Cloudsoma - Haze / Linen,onr3mg30786223,On Running,Low Top Sneakers,45144098472064,10.5,98282959,200.0,True,,https://kith.com/products/onr3mg30786223
8286746869888,On Running x Post Archive Faction Cloudsoma - Haze / Linen,onr3mg30786223,On Running,Low Top Sneakers,45144098504832,11,98282960,200.0,True,,https://kith.com/products/onr3mg30786223
8286746869888,On Running x Post Archive Faction Cloudsoma - Haze / Linen,onr3mg30786223,On Running,Low Top Sneakers,45144098537600,11.5,98282961,200.0,True,,https://kith.com/products/onr3mg30786223
8286746869888,On Running x Post Archive Faction Cloudsoma - Haze / Linen,onr3mg30786223,On Running,Low Top Sneakers,45144098570368,12,98282962,200.0,True,,https://kith.com/products/onr3mg30786223
8286746869888,On Running x Post Archive Faction Cloudsoma - Haze / Linen,onr3mg30786223,On Running,Low Top Sneakers,45144098603136,13,98282963,200.0,True,,https://kith.com/products/onr3mg30786223
8286747000960,On Running x Post Archive Faction Cloudsoma - Cobble / Raven,onr3mg30786222,On Running,Low Top Sneakers,45144100274304,7,98282952,200.0,True,,https://kith.com/products/onr3mg30786222
8286747000960,On Running x Post Archive Faction Cloudsoma - Cobble / Raven,onr3mg30786222,On Running,Low Top Sneakers,45144100307072,7.5,98282953,200.0,True,,https://kith.com/products/onr3mg30786222
8286747000960,On Running x Post Archive Faction Cloudsoma - Cobble / Raven,onr3mg30786222,On Running,Low Top Sneakers,45144100339840,8,98282954,200.0,True,,https://kith.com/products/onr3mg30786222
8286747000960,On Running x Post Archive Faction Cloudsoma - Cobble / Raven,onr3mg30786222,On Running,Low Top Sneakers,45144100372608,8.5,98282955,200.0,True,,https://kith.com/products/onr3mg30786222
8286747000960,On Running x Post Archive Faction Cloudsoma - Cobble / Raven,onr3mg30786222,On Running,Low Top Sneakers,45144100405376,9,98282956,200.0,True,,https://kith.com/products/onr3mg30786222
8286747000960,On Running x Post Archive Faction Cloudsoma - Cobble / Raven,onr3mg30786222,On Running,Low Top Sneakers,45144100438144,9.5,98282957,200.0,True,,https://kith.com/products/onr3mg30786222
8286747000960,On Running x Post Archive Faction Cloudsoma - Cobble / Raven,onr3mg30786222,On Running,Low Top Sneakers,45144100470912,10,98282946,200.0,True,,https://kith.com/products/onr3mg30786222
8286747000960,On Running x Post Archive Faction Cloudsoma - Cobble / Raven,onr3mg30786222,On Running,Low Top Sneakers,45144100503680,10.5,98282947,200.0,True,,https://kith.com/products/onr3mg30786222
8286747000960,On Running x Post Archive Faction Cloudsoma - Cobble / Raven,onr3mg30786222,On Running,Low Top Sneakers,45144100536448,11,98282948,200.0,True,,https://kith.com/products/onr3mg30786222
8286747000960,On Running x Post Archive Faction Cloudsoma - Cobble / Raven,onr3mg30786222,On Running,Low Top Sneakers,45144100569216,11.5,98282949,200.0,True,,https://kith.com/products/onr3mg30786222
8286747000960,On Running x Post Archive Faction Cloudsoma - Cobble / Raven,onr3mg30786222,On Running,Low Top Sneakers,45144100601984,12,98282950,200.0,True,,https://kith.com/products/onr3mg30786222
8286747000960,On Running x Post Archive Faction Cloudsoma - Cobble / Raven,onr3mg30786222,On Running,Low Top Sneakers,45144100634752,13,98282951,200.0,True,,https://kith.com/products/onr3mg30786222
8286746935424,On Running x Post Archive Faction Cloudsoma - Black / Black,onr3mg30781043,On Running,Low Top Sneakers,45144098898048,7,98282940,200.0,True,,https://kith.com/products/onr3mg30781043
8286746935424,On Running x Post Archive Faction Cloudsoma - Black / Black,onr3mg30781043,On Running,Low Top Sneakers,45144098930816,7.5,98282941,200.0,True,,https://kith.com/products/onr3mg30781043
8286746935424,On Running x Post Archive Faction Cloudsoma - Black / Black,onr3mg30781043,On Running,Low Top Sneakers,45144098963584,8,98282942,200.0,True,,https://kith.com/products/onr3mg30781043
8286746935424,On Running x Post Archive Faction Cloudsoma - Black / Black,onr3mg30781043,On Running,Low Top Sneakers,45144098996352,8.5,98282943,200.0,True,,https://kith.com/products/onr3mg30781043
8286746935424,On Running x Post Archive Faction Cloudsoma - Black / Black,onr3mg30781043,On Running,Low Top Sneakers,45144099029120,9,98282944,200.0,True,,https://kith.com/products/onr3mg30781043
8286746935424,On Running x Post Archive Faction Cloudsoma - Black / Black,onr3mg30781043,On Running,Low Top Sneakers,45144099061888,9.5,98282945,200.0,True,,https://kith.com/products/onr3mg30781043
8286746935424,On Running x Post Archive Faction Cloudsoma - Black / Black,onr3mg30781043,On Running,Low Top Sneakers,45144099094656,10,98282934,200.0,True,,https://kith.com/products/onr3mg30781043
8286746935424,On Running x Post Archive Faction Cloudsoma - Black / Black,onr3mg30781043,On Running,Low Top Sneakers,45144099127424,10.5,98282935,200.0,True,,https://kith.com/products/onr3mg30781043
8286746935424,On Running x Post Archive Faction Cloudsoma - Black / Black,onr3mg30781043,On Running,Low Top Sneakers,45144099160192,11,98282936,200.0,True,,https://kith.com/products/onr3mg30781043
8286746935424,On Running x Post Archive Faction Cloudsoma - Black / Black,onr3mg30781043,On Running,Low Top Sneakers,45144099192960,11.5,98282937,200.0,True,,https://kith.com/products/onr3mg30781043
8286746935424,On Running x Post Archive Faction Cloudsoma - Black / Black,onr3mg30781043,On Running,Low Top Sneakers,45144099225728,12,98282938,200.0,True,,https://kith.com/products/onr3mg30781043
8286746935424,On Running x Post Archive Faction Cloudsoma - Black / Black,onr3mg30781043,On Running,Low Top Sneakers,45144099258496,13,98282939,200.0,True,,https://kith.com/products/onr3mg30781043
8286746968192,New Balance Made in USA 993 - Morel / Timberwolf / Black,nwbu993mo,New Balance,Low Top Sneakers,45144099291264,3,98296481,200.0,False,,https://kith.com/products/nwbu993mo
8286746968192,New Balance Made in USA 993 - Morel / Timberwolf / Black,nwbu993mo,New Balance,Low Top Sneakers,45144099324032,3.5,98296482,200.0,False,,https://kith.com/products/nwbu993mo
8286746968192,New Balance Made in USA 993 - Morel / Timberwolf / Black,nwbu993mo,New Balance,Low Top Sneakers,45144099356800,4,98296483,200.0,False,,https://kith.com/products/nwbu993mo
8286746968192,New Balance Made in USA 993 - Morel / Timberwolf / Black,nwbu993mo,New Balance,Low Top Sneakers,45144099389568,4.5,98296484,200.0,True,,https://kith.com/products/nwbu993mo
8286746968192,New Balance Made in USA 993 - Morel / Timberwolf / Black,nwbu993mo,New Balance,Low Top Sneakers,45144099422336,5,98296485,200.0,True,,https://kith.com/products/nwbu993mo
8286746968192,New Balance Made in USA 993 - Morel / Timberwolf / Black,nwbu993mo,New Balance,Low Top Sneakers,45144099455104,5.5,98296486,200.0,True,,https://kith.com/products/nwbu993mo
8286746968192,New Balance Made in USA 993 - Morel / Timberwolf / Black,nwbu993mo,New Balance,Low Top Sneakers,45144099487872,6,98296487,200.0,False,,https://kith.com/products/nwbu993mo
8286746968192,New Balance Made in USA 993 - Morel / Timberwolf / Black,nwbu993mo,New Balance,Low Top Sneakers,45144099520640,6.5,98296488,200.0,True,,https://kith.com/products/nwbu993mo
8286746968192,New Balance Made in USA 993 - Morel / Timberwolf / Black,nwbu993mo,New Balance,Low Top Sneakers,45144099553408,7,98296489,200.0,True,,https://kith.com/products/nwbu993mo
8286746968192,New Balance Made in USA 993 - Morel / Timberwolf / Black,nwbu993mo,New Balance,Low Top Sneakers,45144099586176,7.5,98296490,200.0,True,,https://kith.com/products/nwbu993mo
8286746968192,New Balance Made in USA 993 - Morel / Timberwolf / Black,nwbu993mo,New Balance,Low Top Sneakers,45144099618944,8,98296491,200.0,True,,https://kith.com/products/nwbu993mo
8286746968192,New Balance Made in USA 993 - Morel / Timberwolf / Black,nwbu993mo,New Balance,Low Top Sneakers,45144099651712,8.5,98296492,200.0,True,,https://kith.com/products/nwbu993mo
8286746968192,New Balance Made in USA 993 - Morel / Timberwolf / Black,nwbu993mo,New Balance,Low Top Sneakers,45144099684480,9,98296493,200.0,False,,https://kith.com/products/nwbu993mo
8286746968192,New Balance Made in USA 993 - Morel / Timberwolf / Black,nwbu993mo,New Balance,Low Top Sneakers,45144099717248,9.5,98296494,200.0,True,,https://kith.com/products/nwbu993mo
8286746968192,New Balance Made in USA 993 - Morel / Timberwolf / Black,nwbu993mo,New Balance,Low Top Sneakers,45144099750016,10,98296495,200.0,True,,https://kith.com/products/nwbu993mo
8286746968192,New Balance Made in USA 993 - Morel / Timberwolf / Black,nwbu993mo,New Balance,Low Top Sneakers,45144099782784,10.5,98296496,200.0,True,,https://kith.com/products/nwbu993mo
8286746968192,New Balance Made in USA 993 - Morel / Timberwolf / Black,nwbu993mo,New Balance,Low Top Sneakers,45144099815552,11,98296497,200.0,True,,https://kith.com/products/nwbu993mo
8286746968192,New Balance Made in USA 993 - Morel / Timberwolf / Black,nwbu993mo,New Balance,Low Top Sneakers,45144099848320,11.5,98296498,200.0,True,,https://kith.com/products/nwbu993mo
8286746968192,New Balance Made in USA 993 - Morel / Timberwolf / Black,nwbu993mo,New Balance,Low Top Sneakers,45144099881088,12,98296499,200.0,True,,https://kith.com/products/nwbu993mo
8286746968192,New Balance Made in USA 993 - Morel / Timberwolf / Black,nwbu993mo,New Balance,Low Top Sneakers,45144099913856,12.5,98296500,200.0,False,,https://kith.com/products/nwbu993mo
8286746968192,New Balance Made in USA 993 - Morel / Timberwolf / Black,nwbu993mo,New Balance,Low Top Sneakers,45144099946624,13,98296501,200.0,False,,https://kith.com/products/nwbu993mo
8286746968192,New Balance Made in USA 993 - Morel / Timberwolf / Black,nwbu993mo,New Balance,Low Top Sneakers,45144099979392,13.5,98296502,200.0,False,,https://kith.com/products/nwbu993mo
8286746968192,New Balance Made in USA 993 - Morel / Timberwolf / Black,nwbu993mo,New Balance,Low Top Sneakers,45144100012160,14,98296503,200.0,False,,https://kith.com/products/nwbu993mo
8286746968192,New Balance Made in USA 993 - Morel / Timberwolf / Black,nwbu993mo,New Balance,Low Top Sneakers,45144100044928,14.5,98296504,200.0,False,,https://kith.com/products/nwbu993mo
8286746968192,New Balance Made in USA 993 - Morel / Timberwolf / Black,nwbu993mo,New Balance,Low Top Sneakers,45144100077696,15,98296505,200.0,False,,https://kith.com/products/nwbu993mo
8286746968192,New Balance Made in USA 993 - Morel / Timberwolf / Black,nwbu993mo,New Balance,Low Top Sneakers,45144100110464,15.5,98296506,200.0,False,,https://kith.com/products/nwbu993mo
8286746968192,New Balance Made in USA 993 - Morel / Timberwolf / Black,nwbu993mo,New Balance,Low Top Sneakers,45144100143232,16,98296507,200.0,False,,https://kith.com/products/nwbu993mo
8286746968192,New Balance Made in USA 993 - Morel / Timberwolf / Black,nwbu993mo,New Balance,Low Top Sneakers,45144100176000,16.5,98296508,200.0,False,,https://kith.com/products/nwbu993mo
8286746968192,New Balance Made in USA 993 - Morel / Timberwolf / Black,nwbu993mo,New Balance,Low Top Sneakers,45144100208768,17,98296509,200.0,False,,https://kith.com/products/nwbu993mo
8286746968192,New Balance Made in USA 993 - Morel / Timberwolf / Black,nwbu993mo,New Balance,Low Top Sneakers,45144100241536,18,98296510,200.0,False,,https://kith.com/products/nwbu993mo
8286747132032,New Balance Made in USA 990v4 - Grey Violet / Timberwolf / Black,nwbu990lv4,New Balance,Low Top Sneakers,45144103616640,3,98294703,195.0,False,,https://kith.com/products/nwbu990lv4
8286747132032,New Balance Made in USA 990v4 - Grey Violet / Timberwolf / Black,nwbu990lv4,New Balance,Low Top Sneakers,45144103649408,3.5,98294704,195.0,False,,https://kith.com/products/nwbu990lv4
8286747132032,New Balance Made in USA 990v4 - Grey Violet / Timberwolf / Black,nwbu990lv4,New Balance,Low Top Sneakers,45144103682176,4,98294705,195.0,False,,https://kith.com/products/nwbu990lv4
8286747132032,New Balance Made in USA 990v4 - Grey Violet / Timberwolf / Black,nwbu990lv4,New Balance,Low Top Sneakers,45144103714944,4.5,199063352871,195.0,True,,https://kith.com/products/nwbu990lv4
8286747132032,New Balance Made in USA 990v4 - Grey Violet / Timberwolf / Black,nwbu990lv4,New Balance,Low Top Sneakers,45144103747712,5,199063352888,195.0,True,,https://kith.com/products/nwbu990lv4
8286747132032,New Balance Made in USA 990v4 - Grey Violet / Timberwolf / Black,nwbu990lv4,New Balance,Low Top Sneakers,45144103780480,5.5,199063352895,195.0,True,,https://kith.com/products/nwbu990lv4
8286747132032,New Balance Made in USA 990v4 - Grey Violet / Timberwolf / Black,nwbu990lv4,New Balance,Low Top Sneakers,45144103813248,6,199063352901,195.0,True,,https://kith.com/products/nwbu990lv4
8286747132032,New Balance Made in USA 990v4 - Grey Violet / Timberwolf / Black,nwbu990lv4,New Balance,Low Top Sneakers,45144103846016,6.5,199063352918,195.0,True,,https://kith.com/products/nwbu990lv4
8286747132032,New Balance Made in USA 990v4 - Grey Violet / Timberwolf / Black,nwbu990lv4,New Balance,Low Top Sneakers,45144103878784,7,199063352925,195.0,True,,https://kith.com/products/nwbu990lv4
8286747132032,New Balance Made in USA 990v4 - Grey Violet / Timberwolf / Black,nwbu990lv4,New Balance,Low Top Sneakers,45144103911552,7.5,199063352932,195.0,True,,https://kith.com/products/nwbu990lv4
8286747132032,New Balance Made in USA 990v4 - Grey Violet / Timberwolf / Black,nwbu990lv4,New Balance,Low Top Sneakers,45144103944320,8,199063352949,195.0,True,,https://kith.com/products/nwbu990lv4
8286747132032,New Balance Made in USA 990v4 - Grey Violet / Timberwolf / Black,nwbu990lv4,New Balance,Low Top Sneakers,45144103977088,8.5,199063352956,195.0,True,,https://kith.com/products/nwbu990lv4
8286747132032,New Balance Made in USA 990v4 - Grey Violet / Timberwolf / Black,nwbu990lv4,New Balance,Low Top Sneakers,45144104009856,9,199063352963,195.0,True,,https://kith.com/products/nwbu990lv4
8286747132032,New Balance Made in USA 990v4 - Grey Violet / Timberwolf / Black,nwbu990lv4,New Balance,Low Top Sneakers,45144104042624,9.5,199063352970,195.0,True,,https://kith.com/products/nwbu990lv4
8286747132032,New Balance Made in USA 990v4 - Grey Violet / Timberwolf / Black,nwbu990lv4,New Balance,Low Top Sneakers,45144104075392,10,199063352987,195.0,True,,https://kith.com/products/nwbu990lv4
8286747132032,New Balance Made in USA 990v4 - Grey Violet / Timberwolf / Black,nwbu990lv4,New Balance,Low Top Sneakers,45144104108160,10.5,199063352994,195.0,True,,https://kith.com/products/nwbu990lv4
8286747132032,New Balance Made in USA 990v4 - Grey Violet / Timberwolf / Black,nwbu990lv4,New Balance,Low Top Sneakers,45144104140928,11,199063353007,195.0,True,,https://kith.com/products/nwbu990lv4
8286747132032,New Balance Made in USA 990v4 - Grey Violet / Timberwolf / Black,nwbu990lv4,New Balance,Low Top Sneakers,45144104173696,11.5,199063353014,195.0,True,,https://kith.com/products/nwbu990lv4
8286747132032,New Balance Made in USA 990v4 - Grey Violet / Timberwolf / Black,nwbu990lv4,New Balance,Low Top Sneakers,45144104206464,12,199063353021,195.0,True,,https://kith.com/products/nwbu990lv4
8286747132032,New Balance Made in USA 990v4 - Grey Violet / Timberwolf / Black,nwbu990lv4,New Balance,Low Top Sneakers,45144104239232,12.5,98294722,195.0,False,,https://kith.com/products/nwbu990lv4
8286747132032,New Balance Made in USA 990v4 - Grey Violet / Timberwolf / Black,nwbu990lv4,New Balance,Low Top Sneakers,45144104272000,13,199063353038,195.0,True,,https://kith.com/products/nwbu990lv4
8286747132032,New Balance Made in USA 990v4 - Grey Violet / Timberwolf / Black,nwbu990lv4,New Balance,Low Top Sneakers,45144104304768,13.5,98294724,195.0,False,,https://kith.com/products/nwbu990lv4
8286747132032,New Balance Made in USA 990v4 - Grey Violet / Timberwolf / Black,nwbu990lv4,New Balance,Low Top Sneakers,45144104337536,14,98294725,195.0,False,,https://kith.com/products/nwbu990lv4
8286747132032,New Balance Made in USA 990v4 - Grey Violet / Timberwolf / Black,nwbu990lv4,New Balance,Low Top Sneakers,45144104370304,14.5,98294726,195.0,False,,https://kith.com/products/nwbu990lv4
8286747132032,New Balance Made in USA 990v4 - Grey Violet / Timberwolf / Black,nwbu990lv4,New Balance,Low Top Sneakers,45144104403072,15,98294727,195.0,False,,https://kith.com/products/nwbu990lv4
8286747132032,New Balance Made in USA 990v4 - Grey Violet / Timberwolf / Black,nwbu990lv4,New Balance,Low Top Sneakers,45144104435840,15.5,98294728,195.0,False,,https://kith.com/products/nwbu990lv4
8286747132032,New Balance Made in USA 990v4 - Grey Violet / Timberwolf / Black,nwbu990lv4,New Balance,Low Top Sneakers,45144104468608,16,98294729,195.0,False,,https://kith.com/products/nwbu990lv4
8286747132032,New Balance Made in USA 990v4 - Grey Violet / Timberwolf / Black,nwbu990lv4,New Balance,Low Top Sneakers,45144104501376,16.5,98294730,195.0,False,,https://kith.com/products/nwbu990lv4
8286747132032,New Balance Made in USA 990v4 - Grey Violet / Timberwolf / Black,nwbu990lv4,New Balance,Low Top Sneakers,45144104534144,17,98294731,195.0,False,,https://kith.com/products/nwbu990lv4
8286747132032,New Balance Made in USA 990v4 - Grey Violet / Timberwolf / Black,nwbu990lv4,New Balance,Low Top Sneakers,45144104566912,18,98294732,195.0,False,,https://kith.com/products/nwbu990lv4
8286747787392,Converse SHAI 001 Lace Up - Cheetah,cna24961c,Converse,Low Top Sneakers,45144119115904,3,14311610,120.0,False,,https://kith.com/products/cna24961c
8286747787392,Converse SHAI 001 Lace Up - Cheetah,cna24961c,Converse,Low Top Sneakers,45144119148672,3.5,14311611,120.0,False,,https://kith.com/products/cna24961c
8286747787392,Converse SHAI 001 Lace Up - Cheetah,cna24961c,Converse,Low Top Sneakers,45144119181440,4,14311612,120.0,False,,https://kith.com/products/cna24961c
8286747787392,Converse SHAI 001 Lace Up - Cheetah,cna24961c,Converse,Low Top Sneakers,45144119214208,4.5,14311613,120.0,False,,https://kith.com/products/cna24961c
8286747787392,Converse SHAI 001 Lace Up - Cheetah,cna24961c,Converse,Low Top Sneakers,45144119246976,5,14311614,120.0,False,,https://kith.com/products/cna24961c
8286747787392,Converse SHAI 001 Lace Up - Cheetah,cna24961c,Converse,Low Top Sneakers,45144119279744,5.5,14311615,120.0,False,,https://kith.com/products/cna24961c
8286747787392,Converse SHAI 001 Lace Up - Cheetah,cna24961c,Converse,Low Top Sneakers,45144119312512,6,14311616,120.0,False,,https://kith.com/products/cna24961c
8286747787392,Converse SHAI 001 Lace Up - Cheetah,cna24961c,Converse,Low Top Sneakers,45144119345280,6.5,14311617,120.0,False,,https://kith.com/products/cna24961c
8286747787392,Converse SHAI 001 Lace Up - Cheetah,cna24961c,Converse,Low Top Sneakers,45144119378048,7,14311618,120.0,True,,https://kith.com/products/cna24961c
8286747787392,Converse SHAI 001 Lace Up - Cheetah,cna24961c,Converse,Low Top Sneakers,45144119410816,7.5,14311619,120.0,True,,https://kith.com/products/cna24961c
8286747787392,Converse SHAI 001 Lace Up - Cheetah,cna24961c,Converse,Low Top Sneakers,45144119443584,8,14311620,120.0,True,,https://kith.com/products/cna24961c
8286747787392,Converse SHAI 001 Lace Up - Cheetah,cna24961c,Converse,Low Top Sneakers,45144119476352,8.5,14311621,120.0,True,,https://kith.com/products/cna24961c
8286747787392,Converse SHAI 001 Lace Up - Cheetah,cna24961c,Converse,Low Top Sneakers,45144119509120,9,14311622,120.0,True,,https://kith.com/products/cna24961c
8286747787392,Converse SHAI 001 Lace Up - Cheetah,cna24961c,Converse,Low Top Sneakers,45144119541888,9.5,14311623,120.0,True,,https://kith.com/products/cna24961c
8286747787392,Converse SHAI 001 Lace Up - Cheetah,cna24961c,Converse,Low Top Sneakers,45144119574656,10,14311624,120.0,True,,https://kith.com/products/cna24961c
8286747787392,Converse SHAI 001 Lace Up - Cheetah,cna24961c,Converse,Low Top Sneakers,45144119607424,10.5,14311625,120.0,True,,https://kith.com/products/cna24961c
8286747787392,Converse SHAI 001 Lace Up - Cheetah,cna24961c,Converse,Low Top Sneakers,45144119640192,11,14311626,120.0,True,,https://kith.com/products/cna24961c
8286747787392,Converse SHAI 001 Lace Up - Cheetah,cna24961c,Converse,Low Top Sneakers,45144119672960,11.5,14311627,120.0,True,,https://kith.com/products/cna24961c
8286747787392,Converse SHAI 001 Lace Up - Cheetah,cna24961c,Converse,Low Top Sneakers,45144119705728,12,14311628,120.0,True,,https://kith.com/products/cna24961c
8286747787392,Converse SHAI 001 Lace Up - Cheetah,cna24961c,Converse,Low Top Sneakers,45144119738496,12.5,14311629,120.0,False,,https://kith.com/products/cna24961c
8286747787392,Converse SHAI 001 Lace Up - Cheetah,cna24961c,Converse,Low Top Sneakers,45144119771264,13,14311630,120.0,True,,https://kith.com/products/cna24961c
8286747787392,Converse SHAI 001 Lace Up - Cheetah,cna24961c,Converse,Low Top Sneakers,45144119804032,13.5,14311631,120.0,False,,https://kith.com/products/cna24961c
8286747787392,Converse SHAI 001 Lace Up - Cheetah,cna24961c,Converse,Low Top Sneakers,45144119836800,14,14311632,120.0,False,,https://kith.com/products/cna24961c
8286747787392,Converse SHAI 001 Lace Up - Cheetah,cna24961c,Converse,Low Top Sneakers,45144119869568,14.5,14311633,120.0,False,,https://kith.com/products/cna24961c
8286747787392,Converse SHAI 001 Lace Up - Cheetah,cna24961c,Converse,Low Top Sneakers,45144119902336,15,14311634,120.0,False,,https://kith.com/products/cna24961c
8286747787392,Converse SHAI 001 Lace Up - Cheetah,cna24961c,Converse,Low Top Sneakers,45144119935104,15.5,14311635,120.0,False,,https://kith.com/products/cna24961c
8286747787392,Converse SHAI 001 Lace Up - Cheetah,cna24961c,Converse,Low Top Sneakers,45144119967872,16,14311636,120.0,False,,https://kith.com/products/cna24961c
8286747787392,Converse SHAI 001 Lace Up - Cheetah,cna24961c,Converse,Low Top Sneakers,45144120000640,16.5,14311637,120.0,False,,https://kith.com/products/cna24961c
8286747787392,Converse SHAI 001 Lace Up - Cheetah,cna24961c,Converse,Low Top Sneakers,45144120033408,17,14311638,120.0,False,,https://kith.com/products/cna24961c
8286747787392,Converse SHAI 001 Lace Up - Cheetah,cna24961c,Converse,Low Top Sneakers,45144120066176,18,14311639,120.0,False,,https://kith.com/products/cna24961c
8286726783104,DMY Studios Margot Sunglasses - Black,dmysun13sb,DMY Studios,Eyewear,45143939350656,OS,10886675,290.0,True,,https://kith.com/products/dmysun13sb
8286726520960,WGACA Multicolor Canvas Sportline Crossbody Small - Blue / Orange,wgq6b08o2smh005,What Goes Around Comes Around,Cross Body Bags,45143939088512,OS,14318892,2950.0,True,,https://kith.com/products/wgq6b08o2smh005
8286727110784,WGACA Louis Vuitton x Yayoi Kusama Red Dots Infinity Zippy Continental Wallet - Red / Black,wgaqja0fk1grb00c,What Goes Around Comes Around,Wallets & Cardholders,45143939678336,OS,14318504,1350.0,True,,https://kith.com/products/wgaqja0fk1grb00c
8286727372928,WGACA Louis Vuitton Monogram Pochette Accessoires V2 Bag - Brown,wgaqjbjui1y0b0he,What Goes Around Comes Around,Mini Bags,45143940006016,OS,14318508,995.0,False,,https://kith.com/products/wgaqjbjui1y0b0he
8286727078016,WGACA Louis Vuitton x Takashi Murakami Cherry Pochette Accessoires V2 Bag - Brown,wgaqjbjuimw0b00h,What Goes Around Comes Around,Mini Bags,45143939645568,OS,14318512,1950.0,False,,https://kith.com/products/wgaqjbjuimw0b00h
8286727045248,WGACA Louis Vuitton Monogram Pochette Accessoires V2 Bag - Brown,wgaqjbjui1y0b0hg,What Goes Around Comes Around,Mini Bags,45143939612800,OS,14318533,995.0,False,,https://kith.com/products/wgaqjbjui1y0b0hg
8286727176320,WGACA Louis Vuitton Monogram Multicolor Eugenie Wallet - White,wgaqja0991zwb00a,What Goes Around Comes Around,Wallets & Cardholders,45143939743872,OS,14318511,850.0,True,,https://kith.com/products/wgaqja0991zwb00a
8286727143552,WGACA Louis Vuitton Monogram Koala Wallet - Brown,wgaqja0lx1y0b01b,What Goes Around Comes Around,Wallets & Cardholders,45143939711104,OS,14318506,750.0,True,,https://kith.com/products/wgaqja0lx1y0b01b
8286727340160,WGACA Louis Vuitton Monogram Giant Zippy Coin Purse - Brown,wgaqja0oe9x0b00t,What Goes Around Comes Around,Wallets & Cardholders,45143939907712,OS,14318505,595.0,True,,https://kith.com/products/wgaqja0oe9x0b00t
8286727471232,WGACA Louis Vuitton Accessoires Pochette V2 Bag - Brown,wgaqjbjui1y0b0ex,What Goes Around Comes Around,Mini Bags,45143940038784,OS,14318507,995.0,False,,https://kith.com/products/wgaqjbjui1y0b0ex
8286727209088,WGACA Fendi Vinyl Baguette Bag - Brown,wgaqbb0473e0b00g,What Goes Around Comes Around,Mini Bags,45143939776640,OS,14318500,1950.0,True,,https://kith.com/products/wgaqbb0473e0b00g
8286727504000,WGACA Fendi Patent Mamma Shoulder Bag - Brown,wgaqbb049270b00c,What Goes Around Comes Around,Mini Bags,45143940071552,OS,14318497,1950.0,False,,https://kith.com/products/wgaqbb049270b00c
8286727241856,WGACA Fendi Denim Mama Baguette Bag - Blue,wgaqbb0m70wbb00d,What Goes Around Comes Around,Mini Bags,45143939809408,OS,14318496,3650.0,True,,https://kith.com/products/wgaqbb0m70wbb00d
8286727274624,WGACA Fendi Brown Vinyl Crescent Moon Hobo Small Bag - Brown,wgaqbb1a83e0h002,What Goes Around Comes Around,Mini Bags,45143939842176,OS,14318501,1950.0,True,,https://kith.com/products/wgaqbb1a83e0h002
8286727405696,WGACA Dior Navy Trotter Saddle Bag - Navy,wgaq9b044itnb00i,What Goes Around Comes Around,Mini Bags,45143939940480,OS,14318494,4550.0,True,,https://kith.com/products/wgaq9b044itnb00i
8286728618112,Wave of Sand x Nicola Long Sleeve Tee - Pepper,wos-nt02-01b,Wave of Sand,Long Sleeve Tees,45143950557312,XXS,10882418,150.0,False,,https://kith.com/products/wos-nt02-01b
8286728618112,Wave of Sand x Nicola Long Sleeve Tee - Pepper,wos-nt02-01b,Wave of Sand,Long Sleeve Tees,45143950590080,XS,10882419,150.0,False,,https://kith.com/products/wos-nt02-01b
8286728618112,Wave of Sand x Nicola Long Sleeve Tee - Pepper,wos-nt02-01b,Wave of Sand,Long Sleeve Tees,45143950622848,S,10882420,150.0,False,,https://kith.com/products/wos-nt02-01b
8286728618112,Wave of Sand x Nicola Long Sleeve Tee - Pepper,wos-nt02-01b,Wave of Sand,Long Sleeve Tees,45143950655616,M,10882421,150.0,False,,https://kith.com/products/wos-nt02-01b
8286728618112,Wave of Sand x Nicola Long Sleeve Tee - Pepper,wos-nt02-01b,Wave of Sand,Long Sleeve Tees,45143950688384,L,10882422,150.0,True,,https://kith.com/products/wos-nt02-01b
8286728618112,Wave of Sand x Nicola Long Sleeve Tee - Pepper,wos-nt02-01b,Wave of Sand,Long Sleeve Tees,45143950721152,XL,10882423,150.0,False,,https://kith.com/products/wos-nt02-01b
8286728618112,Wave of Sand x Nicola Long Sleeve Tee - Pepper,wos-nt02-01b,Wave of Sand,Long Sleeve Tees,45143950753920,XXL,10882424,150.0,False,,https://kith.com/products/wos-nt02-01b
8286728618112,Wave of Sand x Nicola Long Sleeve Tee - Pepper,wos-nt02-01b,Wave of Sand,Long Sleeve Tees,45143950786688,XXXL,10882425,150.0,False,,https://kith.com/products/wos-nt02-01b
8286728618112,Wave of Sand x Nicola Long Sleeve Tee - Pepper,wos-nt02-01b,Wave of Sand,Long Sleeve Tees,45143950819456,4XL,10882426,150.0,False,,https://kith.com/products/wos-nt02-01b
8286728650880,Wave of Sand x Nicola Jersey Hoodie - Greige,wos-nt02-02b,Wave of Sand,Hoodies,45143950852224,XXS,10882427,315.0,False,,https://kith.com/products/wos-nt02-02b
8286728650880,Wave of Sand x Nicola Jersey Hoodie - Greige,wos-nt02-02b,Wave of Sand,Hoodies,45143950884992,XS,10882428,315.0,False,,https://kith.com/products/wos-nt02-02b
8286728650880,Wave of Sand x Nicola Jersey Hoodie - Greige,wos-nt02-02b,Wave of Sand,Hoodies,45143950917760,S,10882429,315.0,True,,https://kith.com/products/wos-nt02-02b
8286728650880,Wave of Sand x Nicola Jersey Hoodie - Greige,wos-nt02-02b,Wave of Sand,Hoodies,45143950950528,M,10882430,315.0,False,,https://kith.com/products/wos-nt02-02b
8286728650880,Wave of Sand x Nicola Jersey Hoodie - Greige,wos-nt02-02b,Wave of Sand,Hoodies,45143950983296,L,10882431,315.0,True,,https://kith.com/products/wos-nt02-02b
8286728650880,Wave of Sand x Nicola Jersey Hoodie - Greige,wos-nt02-02b,Wave of Sand,Hoodies,45143951016064,XL,10882432,315.0,False,,https://kith.com/products/wos-nt02-02b
8286728650880,Wave of Sand x Nicola Jersey Hoodie - Greige,wos-nt02-02b,Wave of Sand,Hoodies,45143951048832,XXL,10882433,315.0,False,,https://kith.com/products/wos-nt02-02b
8286728650880,Wave of Sand x Nicola Jersey Hoodie - Greige,wos-nt02-02b,Wave of Sand,Hoodies,45143951081600,XXXL,10882434,315.0,False,,https://kith.com/products/wos-nt02-02b
8286728650880,Wave of Sand x Nicola Jersey Hoodie - Greige,wos-nt02-02b,Wave of Sand,Hoodies,45143951114368,4XL,10882435,315.0,False,,https://kith.com/products/wos-nt02-02b
8286728716416,Wave of Sand Three Layer Straight Pant - Sumi,wos-sp-03b,Wave of Sand,Pants,45143951671424,XXS,10882409,425.0,False,,https://kith.com/products/wos-sp-03b
8286728716416,Wave of Sand Three Layer Straight Pant - Sumi,wos-sp-03b,Wave of Sand,Pants,45143951704192,XS,10882410,425.0,False,,https://kith.com/products/wos-sp-03b
8286728716416,Wave of Sand Three Layer Straight Pant - Sumi,wos-sp-03b,Wave of Sand,Pants,45143951736960,S,10882411,425.0,True,,https://kith.com/products/wos-sp-03b
8286728716416,Wave of Sand Three Layer Straight Pant - Sumi,wos-sp-03b,Wave of Sand,Pants,45143951769728,M,10882412,425.0,True,,https://kith.com/products/wos-sp-03b
8286728716416,Wave of Sand Three Layer Straight Pant - Sumi,wos-sp-03b,Wave of Sand,Pants,45143951802496,L,10882413,425.0,True,,https://kith.com/products/wos-sp-03b
8286728716416,Wave of Sand Three Layer Straight Pant - Sumi,wos-sp-03b,Wave of Sand,Pants,45143951835264,XL,10882414,425.0,False,,https://kith.com/products/wos-sp-03b
8286728716416,Wave of Sand Three Layer Straight Pant - Sumi,wos-sp-03b,Wave of Sand,Pants,45143951868032,XXL,10882415,425.0,False,,https://kith.com/products/wos-sp-03b
8286728716416,Wave of Sand Three Layer Straight Pant - Sumi,wos-sp-03b,Wave of Sand,Pants,45143951900800,XXXL,10882416,425.0,False,,https://kith.com/products/wos-sp-03b
8286728716416,Wave of Sand Three Layer Straight Pant - Sumi,wos-sp-03b,Wave of Sand,Pants,45143951933568,4XL,10882417,425.0,False,,https://kith.com/products/wos-sp-03b
8286728945792,Wave of Sand Three Layer Straight Pant - Light Gray,wos-sp-03a,Wave of Sand,Pants,45143954194560,XXS,10882400,425.0,False,,https://kith.com/products/wos-sp-03a
8286728945792,Wave of Sand Three Layer Straight Pant - Light Gray,wos-sp-03a,Wave of Sand,Pants,45143954227328,XS,10882401,425.0,False,,https://kith.com/products/wos-sp-03a
8286728945792,Wave of Sand Three Layer Straight Pant - Light Gray,wos-sp-03a,Wave of Sand,Pants,45143954260096,S,10882402,425.0,True,,https://kith.com/products/wos-sp-03a
8286728945792,Wave of Sand Three Layer Straight Pant - Light Gray,wos-sp-03a,Wave of Sand,Pants,45143954292864,M,10882403,425.0,True,,https://kith.com/products/wos-sp-03a
8286728945792,Wave of Sand Three Layer Straight Pant - Light Gray,wos-sp-03a,Wave of Sand,Pants,45143954325632,L,10882404,425.0,True,,https://kith.com/products/wos-sp-03a
8286728945792,Wave of Sand Three Layer Straight Pant - Light Gray,wos-sp-03a,Wave of Sand,Pants,45143954358400,XL,10882405,425.0,False,,https://kith.com/products/wos-sp-03a
8286728945792,Wave of Sand Three Layer Straight Pant - Light Gray,wos-sp-03a,Wave of Sand,Pants,45143954391168,XXL,10882406,425.0,False,,https://kith.com/products/wos-sp-03a
8286728945792,Wave of Sand Three Layer Straight Pant - Light Gray,wos-sp-03a,Wave of Sand,Pants,45143954423936,XXXL,10882407,425.0,False,,https://kith.com/products/wos-sp-03a
8286728945792,Wave of Sand Three Layer Straight Pant - Light Gray,wos-sp-03a,Wave of Sand,Pants,45143954456704,4XL,10882408,425.0,False,,https://kith.com/products/wos-sp-03a
8286728913024,Wave of Sand Three Layer High Neck Jacket - Sumi,wos-hj-03b,Wave of Sand,Jackets,45143953899648,XXS,10882391,590.0,False,,https://kith.com/products/wos-hj-03b
8286728913024,Wave of Sand Three Layer High Neck Jacket - Sumi,wos-hj-03b,Wave of Sand,Jackets,45143953932416,XS,10882392,590.0,False,,https://kith.com/products/wos-hj-03b
8286728913024,Wave of Sand Three Layer High Neck Jacket - Sumi,wos-hj-03b,Wave of Sand,Jackets,45143953965184,S,10882393,590.0,True,,https://kith.com/products/wos-hj-03b
8286728913024,Wave of Sand Three Layer High Neck Jacket - Sumi,wos-hj-03b,Wave of Sand,Jackets,45143953997952,M,10882394,590.0,True,,https://kith.com/products/wos-hj-03b
8286728913024,Wave of Sand Three Layer High Neck Jacket - Sumi,wos-hj-03b,Wave of Sand,Jackets,45143954030720,L,10882395,590.0,True,,https://kith.com/products/wos-hj-03b
8286728913024,Wave of Sand Three Layer High Neck Jacket - Sumi,wos-hj-03b,Wave of Sand,Jackets,45143954063488,XL,10882396,590.0,False,,https://kith.com/products/wos-hj-03b
8286728913024,Wave of Sand Three Layer High Neck Jacket - Sumi,wos-hj-03b,Wave of Sand,Jackets,45143954096256,XXL,10882397,590.0,False,,https://kith.com/products/wos-hj-03b
8286728913024,Wave of Sand Three Layer High Neck Jacket - Sumi,wos-hj-03b,Wave of Sand,Jackets,45143954129024,XXXL,10882398,590.0,False,,https://kith.com/products/wos-hj-03b
8286728913024,Wave of Sand Three Layer High Neck Jacket - Sumi,wos-hj-03b,Wave of Sand,Jackets,45143954161792,4XL,10882399,590.0,False,,https://kith.com/products/wos-hj-03b
8286728847488,Wave of Sand Three Layer High Neck Jacket - Light Gray,wos-hj-03a,Wave of Sand,Jackets,45143953080448,XXS,10882382,590.0,False,,https://kith.com/products/wos-hj-03a
8286728847488,Wave of Sand Three Layer High Neck Jacket - Light Gray,wos-hj-03a,Wave of Sand,Jackets,45143953113216,XS,10882383,590.0,False,,https://kith.com/products/wos-hj-03a
8286728847488,Wave of Sand Three Layer High Neck Jacket - Light Gray,wos-hj-03a,Wave of Sand,Jackets,45143953145984,S,10882384,590.0,True,,https://kith.com/products/wos-hj-03a
8286728847488,Wave of Sand Three Layer High Neck Jacket - Light Gray,wos-hj-03a,Wave of Sand,Jackets,45143953178752,M,10882385,590.0,True,,https://kith.com/products/wos-hj-03a
8286728847488,Wave of Sand Three Layer High Neck Jacket - Light Gray,wos-hj-03a,Wave of Sand,Jackets,45143953211520,L,10882386,590.0,True,,https://kith.com/products/wos-hj-03a
8286728847488,Wave of Sand Three Layer High Neck Jacket - Light Gray,wos-hj-03a,Wave of Sand,Jackets,45143953244288,XL,10882387,590.0,False,,https://kith.com/products/wos-hj-03a
8286728847488,Wave of Sand Three Layer High Neck Jacket - Light Gray,wos-hj-03a,Wave of Sand,Jackets,45143953277056,XXL,10882388,590.0,False,,https://kith.com/products/wos-hj-03a
8286728847488,Wave of Sand Three Layer High Neck Jacket - Light Gray,wos-hj-03a,Wave of Sand,Jackets,45143953309824,XXXL,10882389,590.0,False,,https://kith.com/products/wos-hj-03a
8286728847488,Wave of Sand Three Layer High Neck Jacket - Light Gray,wos-hj-03a,Wave of Sand,Jackets,45143953342592,4XL,10882390,590.0,False,,https://kith.com/products/wos-hj-03a
8286728585344,Wave of Sand Jersey Pant - Greige,wos-jp-01b,Wave of Sand,Cargo Pants,45143950262400,XXS,10882436,325.0,False,,https://kith.com/products/wos-jp-01b
8286728585344,Wave of Sand Jersey Pant - Greige,wos-jp-01b,Wave of Sand,Cargo Pants,45143950295168,XS,10882437,325.0,False,,https://kith.com/products/wos-jp-01b
8286728585344,Wave of Sand Jersey Pant - Greige,wos-jp-01b,Wave of Sand,Cargo Pants,45143950327936,S,10882438,325.0,True,,https://kith.com/products/wos-jp-01b
8286728585344,Wave of Sand Jersey Pant - Greige,wos-jp-01b,Wave of Sand,Cargo Pants,45143950360704,M,10882439,325.0,False,,https://kith.com/products/wos-jp-01b
8286728585344,Wave of Sand Jersey Pant - Greige,wos-jp-01b,Wave of Sand,Cargo Pants,45143950393472,L,10882440,325.0,True,,https://kith.com/products/wos-jp-01b
8286728585344,Wave of Sand Jersey Pant - Greige,wos-jp-01b,Wave of Sand,Cargo Pants,45143950426240,XL,10882441,325.0,False,,https://kith.com/products/wos-jp-01b
8286728585344,Wave of Sand Jersey Pant - Greige,wos-jp-01b,Wave of Sand,Cargo Pants,45143950459008,XXL,10882442,325.0,False,,https://kith.com/products/wos-jp-01b
8286728585344,Wave of Sand Jersey Pant - Greige,wos-jp-01b,Wave of Sand,Cargo Pants,45143950491776,XXXL,10882443,325.0,False,,https://kith.com/products/wos-jp-01b
8286728585344,Wave of Sand Jersey Pant - Greige,wos-jp-01b,Wave of Sand,Cargo Pants,45143950524544,4XL,10882444,325.0,False,,https://kith.com/products/wos-jp-01b
8286728749184,Wave of Sand FOO Pant - Navy,wos-foo04-02b,Wave of Sand,Cargo Pants,45143951966336,XXS,10882373,550.0,False,,https://kith.com/products/wos-foo04-02b
8286728749184,Wave of Sand FOO Pant - Navy,wos-foo04-02b,Wave of Sand,Cargo Pants,45143951999104,XS,10882374,550.0,False,,https://kith.com/products/wos-foo04-02b
8286728749184,Wave of Sand FOO Pant - Navy,wos-foo04-02b,Wave of Sand,Cargo Pants,45143952031872,S,10882375,550.0,True,,https://kith.com/products/wos-foo04-02b
8286728749184,Wave of Sand FOO Pant - Navy,wos-foo04-02b,Wave of Sand,Cargo Pants,45143952064640,M,10882376,550.0,True,,https://kith.com/products/wos-foo04-02b
8286728749184,Wave of Sand FOO Pant - Navy,wos-foo04-02b,Wave of Sand,Cargo Pants,45143952097408,L,10882377,550.0,False,,https://kith.com/products/wos-foo04-02b
8286728749184,Wave of Sand FOO Pant - Navy,wos-foo04-02b,Wave of Sand,Cargo Pants,45143952130176,XL,10882378,550.0,False,,https://kith.com/products/wos-foo04-02b
8286728749184,Wave of Sand FOO Pant - Navy,wos-foo04-02b,Wave of Sand,Cargo Pants,45143952162944,XXL,10882379,550.0,False,,https://kith.com/products/wos-foo04-02b
8286728749184,Wave of Sand FOO Pant - Navy,wos-foo04-02b,Wave of Sand,Cargo Pants,45143952195712,XXXL,10882380,550.0,False,,https://kith.com/products/wos-foo04-02b
8286728749184,Wave of Sand FOO Pant - Navy,wos-foo04-02b,Wave of Sand,Cargo Pants,45143952228480,4XL,10882381,550.0,False,,https://kith.com/products/wos-foo04-02b
8286728552576,Wave of Sand Bomber Jacket - Navy,wos-bj-02b,Wave of Sand,Bomber Jackets,45143949967488,XXS,10882364,490.0,False,,https://kith.com/products/wos-bj-02b
8286728552576,Wave of Sand Bomber Jacket - Navy,wos-bj-02b,Wave of Sand,Bomber Jackets,45143950000256,XS,10882365,490.0,False,,https://kith.com/products/wos-bj-02b
8286728552576,Wave of Sand Bomber Jacket - Navy,wos-bj-02b,Wave of Sand,Bomber Jackets,45143950033024,S,10882366,490.0,True,,https://kith.com/products/wos-bj-02b
8286728552576,Wave of Sand Bomber Jacket - Navy,wos-bj-02b,Wave of Sand,Bomber Jackets,45143950065792,M,10882367,490.0,False,,https://kith.com/products/wos-bj-02b
8286728552576,Wave of Sand Bomber Jacket - Navy,wos-bj-02b,Wave of Sand,Bomber Jackets,45143950098560,L,10882368,490.0,True,,https://kith.com/products/wos-bj-02b
8286728552576,Wave of Sand Bomber Jacket - Navy,wos-bj-02b,Wave of Sand,Bomber Jackets,45143950131328,XL,10882369,490.0,False,,https://kith.com/products/wos-bj-02b
8286728552576,Wave of Sand Bomber Jacket - Navy,wos-bj-02b,Wave of Sand,Bomber Jackets,45143950164096,XXL,10882370,490.0,False,,https://kith.com/products/wos-bj-02b
8286728552576,Wave of Sand Bomber Jacket - Navy,wos-bj-02b,Wave of Sand,Bomber Jackets,45143950196864,XXXL,10882371,490.0,False,,https://kith.com/products/wos-bj-02b
8286728552576,Wave of Sand Bomber Jacket - Navy,wos-bj-02b,Wave of Sand,Bomber Jackets,45143950229632,4XL,10882372,490.0,False,,https://kith.com/products/wos-bj-02b
8286729830528,Vintage Frames Mykonos Rimless Drill Mount Sunglasses - Green Yellow,dmmy2-yg05,Vintage Frames,Eyewear,45143962058880,OS,10879588,325.0,True,,https://kith.com/products/dmmy2-yg05
8286729863296,Vintage Frames Mykonos Rimless Drill Mount Sunglasses - Asphalt,dmmy2-yg03,Vintage Frames,Eyewear,45143962091648,OS,10879586,325.0,True,,https://kith.com/products/dmmy2-yg03
8286729896064,Vintage Frames Mykonos Rimeless Drill Mount Sunglasses - Mauve,dmmy2-yg01,Vintage Frames,Eyewear,45143962124416,OS,10879585,325.0,True,,https://kith.com/products/dmmy2-yg01
8286729961600,Vintage Frames Ibiza Rimless Drill Mount 24KT Yellow Gold Sunglasses - Light Grey,dmiz2-yg03,Vintage Frames,Eyewear,45143962189952,OS,055848423078,325.0,True,,https://kith.com/products/dmiz2-yg03
8286730027136,Vintage Frames Ibiza Rimless Drill Mount 24kt Yellow Gold Sunglasses - Baby Pink Flash,dmiz2-yg01,Vintage Frames,Eyewear,45143962747008,OS,055848423054,325.0,True,,https://kith.com/products/dmiz2-yg01
8286729928832,Vintage Frames Ibiza Rimless Drill Mount 24kt Yellow Gold Sunglasses - Asphalt Gradient,dmiz2-yg02,Vintage Frames,Eyewear,45143962157184,OS,055848423061,325.0,True,,https://kith.com/products/dmiz2-yg02
8286738546816,Tae Park Chiffon Wrap Top - Black Cherry / Magenta,tp-025-che,Tae Park,Tank Tops,45144033263744,XS/S,14317466,580.0,True,,https://kith.com/products/tp-025-che
8286738546816,Tae Park Chiffon Wrap Top - Black Cherry / Magenta,tp-025-che,Tae Park,Tank Tops,45144033296512,S/M,14317467,580.0,False,,https://kith.com/products/tp-025-che
8286738546816,Tae Park Chiffon Wrap Top - Black Cherry / Magenta,tp-025-che,Tae Park,Tank Tops,45144033329280,M/L,14317468,580.0,True,,https://kith.com/products/tp-025-che
8286738546816,Tae Park Chiffon Wrap Top - Black Cherry / Magenta,tp-025-che,Tae Park,Tank Tops,45144033362048,L/XL,14317469,580.0,False,,https://kith.com/products/tp-025-che
8286738546816,Tae Park Chiffon Wrap Top - Black Cherry / Magenta,tp-025-che,Tae Park,Tank Tops,45144033394816,XL/2XL,14317470,580.0,False,,https://kith.com/products/tp-025-che
8286727897216,Stone Island Ghost Trouser - Navy Blue,sto3100024s0f24v0020,Stone Island,Trousers,45143942627456,28,12870988,755.0,False,,https://kith.com/products/sto3100024s0f24v0020
8286727897216,Stone Island Ghost Trouser - Navy Blue,sto3100024s0f24v0020,Stone Island,Trousers,45143942660224,29,12870989,755.0,False,,https://kith.com/products/sto3100024s0f24v0020
8286727897216,Stone Island Ghost Trouser - Navy Blue,sto3100024s0f24v0020,Stone Island,Trousers,45143942692992,30,12870990,755.0,False,,https://kith.com/products/sto3100024s0f24v0020
8286727897216,Stone Island Ghost Trouser - Navy Blue,sto3100024s0f24v0020,Stone Island,Trousers,45143942725760,31,12870991,755.0,True,,https://kith.com/products/sto3100024s0f24v0020
8286727897216,Stone Island Ghost Trouser - Navy Blue,sto3100024s0f24v0020,Stone Island,Trousers,45143942758528,32,12870992,755.0,True,,https://kith.com/products/sto3100024s0f24v0020
8286727897216,Stone Island Ghost Trouser - Navy Blue,sto3100024s0f24v0020,Stone Island,Trousers,45143942791296,33,12870993,755.0,True,,https://kith.com/products/sto3100024s0f24v0020
8286727897216,Stone Island Ghost Trouser - Navy Blue,sto3100024s0f24v0020,Stone Island,Trousers,45143942824064,34,12870994,755.0,True,,https://kith.com/products/sto3100024s0f24v0020
8286727897216,Stone Island Ghost Trouser - Navy Blue,sto3100024s0f24v0020,Stone Island,Trousers,45143942856832,35,12870995,755.0,False,,https://kith.com/products/sto3100024s0f24v0020
8286727897216,Stone Island Ghost Trouser - Navy Blue,sto3100024s0f24v0020,Stone Island,Trousers,45143942889600,36,12870996,755.0,False,,https://kith.com/products/sto3100024s0f24v0020
8286727897216,Stone Island Ghost Trouser - Navy Blue,sto3100024s0f24v0020,Stone Island,Trousers,45143942922368,38,12870997,755.0,False,,https://kith.com/products/sto3100024s0f24v0020
8286727897216,Stone Island Ghost Trouser - Navy Blue,sto3100024s0f24v0020,Stone Island,Trousers,45143942955136,40,12870998,755.0,False,,https://kith.com/products/sto3100024s0f24v0020
8286727897216,Stone Island Ghost Trouser - Navy Blue,sto3100024s0f24v0020,Stone Island,Trousers,45143942987904,42,12870999,755.0,False,,https://kith.com/products/sto3100024s0f24v0020
8286727897216,Stone Island Ghost Trouser - Navy Blue,sto3100024s0f24v0020,Stone Island,Trousers,45143943020672,44,12871000,755.0,False,,https://kith.com/products/sto3100024s0f24v0020
8286727962752,Stone Island Short Parka - Grey,stoq100031s0434v0060,Stone Island,Parkas,45143943348352,XXS,12871245,2400.0,False,,https://kith.com/products/stoq100031s0434v0060
8286727962752,Stone Island Short Parka - Grey,stoq100031s0434v0060,Stone Island,Parkas,45143943381120,XS,12871246,2400.0,False,,https://kith.com/products/stoq100031s0434v0060
8286727962752,Stone Island Short Parka - Grey,stoq100031s0434v0060,Stone Island,Parkas,45143943413888,S,12871247,2400.0,False,,https://kith.com/products/stoq100031s0434v0060
8286727962752,Stone Island Short Parka - Grey,stoq100031s0434v0060,Stone Island,Parkas,45143943446656,M,12871248,2400.0,True,,https://kith.com/products/stoq100031s0434v0060
8286727962752,Stone Island Short Parka - Grey,stoq100031s0434v0060,Stone Island,Parkas,45143943479424,L,12871249,2400.0,True,,https://kith.com/products/stoq100031s0434v0060
8286727962752,Stone Island Short Parka - Grey,stoq100031s0434v0060,Stone Island,Parkas,45143943512192,XL,12871250,2400.0,True,,https://kith.com/products/stoq100031s0434v0060
8286727962752,Stone Island Short Parka - Grey,stoq100031s0434v0060,Stone Island,Parkas,45143943544960,XXL,12871251,2400.0,False,,https://kith.com/products/stoq100031s0434v0060
8286727962752,Stone Island Short Parka - Grey,stoq100031s0434v0060,Stone Island,Parkas,45143943577728,XXXL,12871252,2400.0,False,,https://kith.com/products/stoq100031s0434v0060
8286727962752,Stone Island Short Parka - Grey,stoq100031s0434v0060,Stone Island,Parkas,45143943610496,4XL,12871253,2400.0,False,,https://kith.com/products/stoq100031s0434v0060
8286728159360,Stone Island Mineral Dyed Regenerated Cotton Hooded Sweatshirt - Military Green,sto5100033s00tbv005g,Stone Island,Hoodies,45143945052288,XXS,12871317,1010.0,False,,https://kith.com/products/sto5100033s00tbv005g
8286728159360,Stone Island Mineral Dyed Regenerated Cotton Hooded Sweatshirt - Military Green,sto5100033s00tbv005g,Stone Island,Hoodies,45143945085056,XS,12871318,1010.0,False,,https://kith.com/products/sto5100033s00tbv005g
8286728159360,Stone Island Mineral Dyed Regenerated Cotton Hooded Sweatshirt - Military Green,sto5100033s00tbv005g,Stone Island,Hoodies,45143945117824,S,12871319,1010.0,False,,https://kith.com/products/sto5100033s00tbv005g
8286728159360,Stone Island Mineral Dyed Regenerated Cotton Hooded Sweatshirt - Military Green,sto5100033s00tbv005g,Stone Island,Hoodies,45143945150592,M,8053819170497,1010.0,False,,https://kith.com/products/sto5100033s00tbv005g
8286728159360,Stone Island Mineral Dyed Regenerated Cotton Hooded Sweatshirt - Military Green,sto5100033s00tbv005g,Stone Island,Hoodies,45143945183360,L,8053819170503,1010.0,True,,https://kith.com/products/sto5100033s00tbv005g
8286728159360,Stone Island Mineral Dyed Regenerated Cotton Hooded Sweatshirt - Military Green,sto5100033s00tbv005g,Stone Island,Hoodies,45143945216128,XL,8053819170510,1010.0,True,,https://kith.com/products/sto5100033s00tbv005g
8286728159360,Stone Island Mineral Dyed Regenerated Cotton Hooded Sweatshirt - Military Green,sto5100033s00tbv005g,Stone Island,Hoodies,45143945248896,XXL,12871323,1010.0,False,,https://kith.com/products/sto5100033s00tbv005g
8286728159360,Stone Island Mineral Dyed Regenerated Cotton Hooded Sweatshirt - Military Green,sto5100033s00tbv005g,Stone Island,Hoodies,45143945281664,XXXL,12871324,1010.0,False,,https://kith.com/products/sto5100033s00tbv005g
8286728159360,Stone Island Mineral Dyed Regenerated Cotton Hooded Sweatshirt - Military Green,sto5100033s00tbv005g,Stone Island,Hoodies,45143945314432,4XL,12871325,1010.0,False,,https://kith.com/products/sto5100033s00tbv005g
8286728061056,Stone Island Ghost Hooded Short Parka - Navy Blue,sto4100062s0f27v0020,Stone Island,Jackets,45143944167552,XXS,12871272,2350.0,False,,https://kith.com/products/sto4100062s0f27v0020
8286728061056,Stone Island Ghost Hooded Short Parka - Navy Blue,sto4100062s0f27v0020,Stone Island,Jackets,45143944200320,XS,12871273,2350.0,False,,https://kith.com/products/sto4100062s0f27v0020
8286728061056,Stone Island Ghost Hooded Short Parka - Navy Blue,sto4100062s0f27v0020,Stone Island,Jackets,45143944233088,S,12871274,2350.0,False,,https://kith.com/products/sto4100062s0f27v0020
8286728061056,Stone Island Ghost Hooded Short Parka - Navy Blue,sto4100062s0f27v0020,Stone Island,Jackets,45143944265856,M,12871275,2350.0,True,,https://kith.com/products/sto4100062s0f27v0020
8286728061056,Stone Island Ghost Hooded Short Parka - Navy Blue,sto4100062s0f27v0020,Stone Island,Jackets,45143944298624,L,12871276,2350.0,True,,https://kith.com/products/sto4100062s0f27v0020
8286728061056,Stone Island Ghost Hooded Short Parka - Navy Blue,sto4100062s0f27v0020,Stone Island,Jackets,45143944331392,XL,12871277,2350.0,True,,https://kith.com/products/sto4100062s0f27v0020
8286728061056,Stone Island Ghost Hooded Short Parka - Navy Blue,sto4100062s0f27v0020,Stone Island,Jackets,45143944364160,XXL,12871278,2350.0,False,,https://kith.com/products/sto4100062s0f27v0020
8286728061056,Stone Island Ghost Hooded Short Parka - Navy Blue,sto4100062s0f27v0020,Stone Island,Jackets,45143944396928,XXXL,12871279,2350.0,False,,https://kith.com/products/sto4100062s0f27v0020
8286728061056,Stone Island Ghost Hooded Short Parka - Navy Blue,sto4100062s0f27v0020,Stone Island,Jackets,45143944429696,4XL,12871280,2350.0,False,,https://kith.com/products/sto4100062s0f27v0020
8286727995520,Stone Island Brushed Organic Cotton Fleece Sweatshirt - Lead Grey,sto6100021s0a20v0062,Stone Island,Quarter Zips,45143943872640,XXS,12871362,570.0,False,,https://kith.com/products/sto6100021s0a20v0062
8286727995520,Stone Island Brushed Organic Cotton Fleece Sweatshirt - Lead Grey,sto6100021s0a20v0062,Stone Island,Quarter Zips,45143943905408,XS,12871363,570.0,False,,https://kith.com/products/sto6100021s0a20v0062
8286727995520,Stone Island Brushed Organic Cotton Fleece Sweatshirt - Lead Grey,sto6100021s0a20v0062,Stone Island,Quarter Zips,45143943938176,S,12871364,570.0,False,,https://kith.com/products/sto6100021s0a20v0062
8286727995520,Stone Island Brushed Organic Cotton Fleece Sweatshirt - Lead Grey,sto6100021s0a20v0062,Stone Island,Quarter Zips,45143943970944,M,8053819212456,570.0,True,,https://kith.com/products/sto6100021s0a20v0062
8286727995520,Stone Island Brushed Organic Cotton Fleece Sweatshirt - Lead Grey,sto6100021s0a20v0062,Stone Island,Quarter Zips,45143944003712,L,8053819212463,570.0,True,,https://kith.com/products/sto6100021s0a20v0062
8286727995520,Stone Island Brushed Organic Cotton Fleece Sweatshirt - Lead Grey,sto6100021s0a20v0062,Stone Island,Quarter Zips,45143944036480,XL,8053819212470,570.0,True,,https://kith.com/products/sto6100021s0a20v0062
8286727995520,Stone Island Brushed Organic Cotton Fleece Sweatshirt - Lead Grey,sto6100021s0a20v0062,Stone Island,Quarter Zips,45143944069248,XXL,12871368,570.0,False,,https://kith.com/products/sto6100021s0a20v0062
8286727995520,Stone Island Brushed Organic Cotton Fleece Sweatshirt - Lead Grey,sto6100021s0a20v0062,Stone Island,Quarter Zips,45143944102016,XXXL,12871369,570.0,False,,https://kith.com/products/sto6100021s0a20v0062
8286727995520,Stone Island Brushed Organic Cotton Fleece Sweatshirt - Lead Grey,sto6100021s0a20v0062,Stone Island,Quarter Zips,45143944134784,4XL,12871370,570.0,False,,https://kith.com/products/sto6100021s0a20v0062
8286728126592,Stone Island All-Weather Cotton Canvas_S.I. Trench Coat - Military Green,sto7100002s0a26v005g,Stone Island,Trench Coats,45143944757376,XXS,12871155,1450.0,False,,https://kith.com/products/sto7100002s0a26v005g
8286728126592,Stone Island All-Weather Cotton Canvas_S.I. Trench Coat - Military Green,sto7100002s0a26v005g,Stone Island,Trench Coats,45143944790144,XS,12871156,1450.0,False,,https://kith.com/products/sto7100002s0a26v005g
8286728126592,Stone Island All-Weather Cotton Canvas_S.I. Trench Coat - Military Green,sto7100002s0a26v005g,Stone Island,Trench Coats,45143944822912,S,12871157,1450.0,False,,https://kith.com/products/sto7100002s0a26v005g
8286728126592,Stone Island All-Weather Cotton Canvas_S.I. Trench Coat - Military Green,sto7100002s0a26v005g,Stone Island,Trench Coats,45143944855680,M,12871158,1450.0,False,,https://kith.com/products/sto7100002s0a26v005g
8286728126592,Stone Island All-Weather Cotton Canvas_S.I. Trench Coat - Military Green,sto7100002s0a26v005g,Stone Island,Trench Coats,45143944888448,L,12871159,1450.0,True,,https://kith.com/products/sto7100002s0a26v005g
8286728126592,Stone Island All-Weather Cotton Canvas_S.I. Trench Coat - Military Green,sto7100002s0a26v005g,Stone Island,Trench Coats,45143944921216,XL,12871160,1450.0,True,,https://kith.com/products/sto7100002s0a26v005g
8286728126592,Stone Island All-Weather Cotton Canvas_S.I. Trench Coat - Military Green,sto7100002s0a26v005g,Stone Island,Trench Coats,45143944953984,XXL,12871161,1450.0,False,,https://kith.com/products/sto7100002s0a26v005g
8286728126592,Stone Island All-Weather Cotton Canvas_S.I. Trench Coat - Military Green,sto7100002s0a26v005g,Stone Island,Trench Coats,45143944986752,XXXL,12871162,1450.0,False,,https://kith.com/products/sto7100002s0a26v005g
8286728126592,Stone Island All-Weather Cotton Canvas_S.I. Trench Coat - Military Green,sto7100002s0a26v005g,Stone Island,Trench Coats,45143945019520,4XL,12871163,1450.0,False,,https://kith.com/products/sto7100002s0a26v005g
8286731763840,Stone Island All-Weather Cotton Canvas_S.I. Field Jacket - Cactus,sto4100035s0442v005r,Stone Island,Jackets,45143974510720,XXS,12871128,2150.0,False,,https://kith.com/products/sto4100035s0442v005r
8286731763840,Stone Island All-Weather Cotton Canvas_S.I. Field Jacket - Cactus,sto4100035s0442v005r,Stone Island,Jackets,45143974543488,XS,12871129,2150.0,False,,https://kith.com/products/sto4100035s0442v005r
8286731763840,Stone Island All-Weather Cotton Canvas_S.I. Field Jacket - Cactus,sto4100035s0442v005r,Stone Island,Jackets,45143974576256,S,12871130,2150.0,False,,https://kith.com/products/sto4100035s0442v005r
8286731763840,Stone Island All-Weather Cotton Canvas_S.I. Field Jacket - Cactus,sto4100035s0442v005r,Stone Island,Jackets,45143974609024,M,12871131,2150.0,True,,https://kith.com/products/sto4100035s0442v005r
8286731763840,Stone Island All-Weather Cotton Canvas_S.I. Field Jacket - Cactus,sto4100035s0442v005r,Stone Island,Jackets,45143974641792,L,12871132,2150.0,True,,https://kith.com/products/sto4100035s0442v005r
8286731763840,Stone Island All-Weather Cotton Canvas_S.I. Field Jacket - Cactus,sto4100035s0442v005r,Stone Island,Jackets,45143974674560,XL,12871133,2150.0,True,,https://kith.com/products/sto4100035s0442v005r
8286731763840,Stone Island All-Weather Cotton Canvas_S.I. Field Jacket - Cactus,sto4100035s0442v005r,Stone Island,Jackets,45143974707328,XXL,12871134,2150.0,False,,https://kith.com/products/sto4100035s0442v005r
8286731763840,Stone Island All-Weather Cotton Canvas_S.I. Field Jacket - Cactus,sto4100035s0442v005r,Stone Island,Jackets,45143974740096,XXXL,12871135,2150.0,False,,https://kith.com/products/sto4100035s0442v005r
8286731763840,Stone Island All-Weather Cotton Canvas_S.I. Field Jacket - Cactus,sto4100035s0442v005r,Stone Island,Jackets,45143974772864,4XL,12871136,2150.0,False,,https://kith.com/products/sto4100035s0442v005r
8286730518656,SIR Sona String Triangle Top - Geo Scape,sir326-0001t,SIR,Bikini Tops,45143966974080,0,9354484251221,140.0,False,,https://kith.com/products/sir326-0001t
8286730518656,SIR Sona String Triangle Top - Geo Scape,sir326-0001t,SIR,Bikini Tops,45143967006848,1,9354484251238,140.0,True,,https://kith.com/products/sir326-0001t
8286730518656,SIR Sona String Triangle Top - Geo Scape,sir326-0001t,SIR,Bikini Tops,45143967039616,2,9354484251245,140.0,False,,https://kith.com/products/sir326-0001t
8286730518656,SIR Sona String Triangle Top - Geo Scape,sir326-0001t,SIR,Bikini Tops,45143967072384,3,12860243,140.0,False,,https://kith.com/products/sir326-0001t
8286730518656,SIR Sona String Triangle Top - Geo Scape,sir326-0001t,SIR,Bikini Tops,45143967105152,4,12860244,140.0,False,,https://kith.com/products/sir326-0001t
8286730518656,SIR Sona String Triangle Top - Geo Scape,sir326-0001t,SIR,Bikini Tops,45143967137920,5,12860245,140.0,False,,https://kith.com/products/sir326-0001t
8286730518656,SIR Sona String Triangle Top - Geo Scape,sir326-0001t,SIR,Bikini Tops,45143967170688,6,12860246,140.0,False,,https://kith.com/products/sir326-0001t
8286730518656,SIR Sona String Triangle Top - Geo Scape,sir326-0001t,SIR,Bikini Tops,45143967203456,7,12860247,140.0,False,,https://kith.com/products/sir326-0001t
8286730518656,SIR Sona String Triangle Top - Geo Scape,sir326-0001t,SIR,Bikini Tops,45143967236224,8,12860248,140.0,False,,https://kith.com/products/sir326-0001t
8286730518656,SIR Sona String Triangle Top - Geo Scape,sir326-0001t,SIR,Bikini Tops,45143967268992,9,12860249,140.0,False,,https://kith.com/products/sir326-0001t
8286730518656,SIR Sona String Triangle Top - Geo Scape,sir326-0001t,SIR,Bikini Tops,45143967301760,10,12860250,140.0,False,,https://kith.com/products/sir326-0001t
8286730518656,SIR Sona String Triangle Top - Geo Scape,sir326-0001t,SIR,Bikini Tops,45143967334528,11,12860251,140.0,False,,https://kith.com/products/sir326-0001t
8286730518656,SIR Sona String Triangle Top - Geo Scape,sir326-0001t,SIR,Bikini Tops,45143967367296,12,12860252,140.0,False,,https://kith.com/products/sir326-0001t
8286730518656,SIR Sona String Triangle Top - Geo Scape,sir326-0001t,SIR,Bikini Tops,45143967400064,13,12860253,140.0,False,,https://kith.com/products/sir326-0001t
8286730518656,SIR Sona String Triangle Top - Geo Scape,sir326-0001t,SIR,Bikini Tops,45143967432832,16,12860254,140.0,False,,https://kith.com/products/sir326-0001t
8286730518656,SIR Sona String Triangle Top - Geo Scape,sir326-0001t,SIR,Bikini Tops,45143967465600,14,12860255,140.0,False,,https://kith.com/products/sir326-0001t
8286730322048,SIR Sona String Brief - Geo Scape,sir326-0001b,SIR,Bikini Bottoms,45143964188800,0,9354484251177,140.0,False,,https://kith.com/products/sir326-0001b
8286730322048,SIR Sona String Brief - Geo Scape,sir326-0001b,SIR,Bikini Bottoms,45143964221568,1,9354484251184,140.0,True,,https://kith.com/products/sir326-0001b
8286730322048,SIR Sona String Brief - Geo Scape,sir326-0001b,SIR,Bikini Bottoms,45143964254336,2,9354484251191,140.0,True,,https://kith.com/products/sir326-0001b
8286730322048,SIR Sona String Brief - Geo Scape,sir326-0001b,SIR,Bikini Bottoms,45143964287104,3,12860259,140.0,False,,https://kith.com/products/sir326-0001b
8286730322048,SIR Sona String Brief - Geo Scape,sir326-0001b,SIR,Bikini Bottoms,45143964319872,4,12860260,140.0,False,,https://kith.com/products/sir326-0001b
8286730322048,SIR Sona String Brief - Geo Scape,sir326-0001b,SIR,Bikini Bottoms,45143964352640,5,12860261,140.0,False,,https://kith.com/products/sir326-0001b
8286730322048,SIR Sona String Brief - Geo Scape,sir326-0001b,SIR,Bikini Bottoms,45143964385408,6,12860262,140.0,False,,https://kith.com/products/sir326-0001b
8286730322048,SIR Sona String Brief - Geo Scape,sir326-0001b,SIR,Bikini Bottoms,45143964418176,7,12860263,140.0,False,,https://kith.com/products/sir326-0001b
8286730322048,SIR Sona String Brief - Geo Scape,sir326-0001b,SIR,Bikini Bottoms,45143964450944,8,12860264,140.0,False,,https://kith.com/products/sir326-0001b
8286730322048,SIR Sona String Brief - Geo Scape,sir326-0001b,SIR,Bikini Bottoms,45143964483712,9,12860265,140.0,False,,https://kith.com/products/sir326-0001b
8286730322048,SIR Sona String Brief - Geo Scape,sir326-0001b,SIR,Bikini Bottoms,45143964516480,10,12860266,140.0,False,,https://kith.com/products/sir326-0001b
8286730322048,SIR Sona String Brief - Geo Scape,sir326-0001b,SIR,Bikini Bottoms,45143964549248,11,12860267,140.0,False,,https://kith.com/products/sir326-0001b
8286730322048,SIR Sona String Brief - Geo Scape,sir326-0001b,SIR,Bikini Bottoms,45143964582016,12,12860268,140.0,False,,https://kith.com/products/sir326-0001b
8286730322048,SIR Sona String Brief - Geo Scape,sir326-0001b,SIR,Bikini Bottoms,45143964614784,13,12860269,140.0,False,,https://kith.com/products/sir326-0001b
8286730322048,SIR Sona String Brief - Geo Scape,sir326-0001b,SIR,Bikini Bottoms,45143964647552,16,12860270,140.0,False,,https://kith.com/products/sir326-0001b
8286730322048,SIR Sona String Brief - Geo Scape,sir326-0001b,SIR,Bikini Bottoms,45143964680320,14,12860271,140.0,False,,https://kith.com/products/sir326-0001b
8286730485888,SIR Sona Pant - Geo Scape,sir326-5001,SIR,Pants,45143966449792,0,9354484253881,460.0,False,,https://kith.com/products/sir326-5001
8286730485888,SIR Sona Pant - Geo Scape,sir326-5001,SIR,Pants,45143966482560,1,9354484253898,460.0,False,,https://kith.com/products/sir326-5001
8286730485888,SIR Sona Pant - Geo Scape,sir326-5001,SIR,Pants,45143966515328,2,9354484253904,460.0,False,,https://kith.com/products/sir326-5001
8286730485888,SIR Sona Pant - Geo Scape,sir326-5001,SIR,Pants,45143966548096,3,9354484253911,460.0,False,,https://kith.com/products/sir326-5001
8286730485888,SIR Sona Pant - Geo Scape,sir326-5001,SIR,Pants,45143966580864,4,12860212,460.0,False,,https://kith.com/products/sir326-5001
8286730485888,SIR Sona Pant - Geo Scape,sir326-5001,SIR,Pants,45143966613632,5,12860213,460.0,False,,https://kith.com/products/sir326-5001
8286730485888,SIR Sona Pant - Geo Scape,sir326-5001,SIR,Pants,45143966646400,6,12860214,460.0,False,,https://kith.com/products/sir326-5001
8286730485888,SIR Sona Pant - Geo Scape,sir326-5001,SIR,Pants,45143966679168,7,12860215,460.0,False,,https://kith.com/products/sir326-5001
8286730485888,SIR Sona Pant - Geo Scape,sir326-5001,SIR,Pants,45143966711936,8,12860216,460.0,False,,https://kith.com/products/sir326-5001
8286730485888,SIR Sona Pant - Geo Scape,sir326-5001,SIR,Pants,45143966744704,9,12860217,460.0,False,,https://kith.com/products/sir326-5001
8286730485888,SIR Sona Pant - Geo Scape,sir326-5001,SIR,Pants,45143966777472,10,12860218,460.0,False,,https://kith.com/products/sir326-5001
8286730485888,SIR Sona Pant - Geo Scape,sir326-5001,SIR,Pants,45143966810240,11,12860219,460.0,False,,https://kith.com/products/sir326-5001
8286730485888,SIR Sona Pant - Geo Scape,sir326-5001,SIR,Pants,45143966843008,12,12860220,460.0,False,,https://kith.com/products/sir326-5001
8286730485888,SIR Sona Pant - Geo Scape,sir326-5001,SIR,Pants,45143966875776,13,12860221,460.0,False,,https://kith.com/products/sir326-5001
8286730485888,SIR Sona Pant - Geo Scape,sir326-5001,SIR,Pants,45143966908544,16,12860222,460.0,False,,https://kith.com/products/sir326-5001
8286730485888,SIR Sona Pant - Geo Scape,sir326-5001,SIR,Pants,45143966941312,14,12860223,460.0,False,,https://kith.com/products/sir326-5001
8286730387584,SIR Sona Maxi Dress - Geo Scape,sir326-1003,SIR,Maxi Dresses,45143965237376,0,9354484251481,620.0,True,,https://kith.com/products/sir326-1003
8286730387584,SIR Sona Maxi Dress - Geo Scape,sir326-1003,SIR,Maxi Dresses,45143965270144,1,9354484251498,620.0,True,,https://kith.com/products/sir326-1003
8286730387584,SIR Sona Maxi Dress - Geo Scape,sir326-1003,SIR,Maxi Dresses,45143965302912,2,9354484251504,620.0,False,,https://kith.com/products/sir326-1003
8286730387584,SIR Sona Maxi Dress - Geo Scape,sir326-1003,SIR,Maxi Dresses,45143965335680,3,12860227,620.0,False,,https://kith.com/products/sir326-1003
8286730387584,SIR Sona Maxi Dress - Geo Scape,sir326-1003,SIR,Maxi Dresses,45143965368448,4,12860228,620.0,False,,https://kith.com/products/sir326-1003
8286730387584,SIR Sona Maxi Dress - Geo Scape,sir326-1003,SIR,Maxi Dresses,45143965401216,5,12860229,620.0,False,,https://kith.com/products/sir326-1003
8286730387584,SIR Sona Maxi Dress - Geo Scape,sir326-1003,SIR,Maxi Dresses,45143965433984,6,12860230,620.0,False,,https://kith.com/products/sir326-1003
8286730387584,SIR Sona Maxi Dress - Geo Scape,sir326-1003,SIR,Maxi Dresses,45143965466752,7,12860231,620.0,False,,https://kith.com/products/sir326-1003
8286730387584,SIR Sona Maxi Dress - Geo Scape,sir326-1003,SIR,Maxi Dresses,45143965499520,8,12860232,620.0,False,,https://kith.com/products/sir326-1003
8286730387584,SIR Sona Maxi Dress - Geo Scape,sir326-1003,SIR,Maxi Dresses,45143965532288,9,12860233,620.0,False,,https://kith.com/products/sir326-1003
8286730387584,SIR Sona Maxi Dress - Geo Scape,sir326-1003,SIR,Maxi Dresses,45143965565056,10,12860234,620.0,False,,https://kith.com/products/sir326-1003
8286730387584,SIR Sona Maxi Dress - Geo Scape,sir326-1003,SIR,Maxi Dresses,45143965597824,11,12860235,620.0,False,,https://kith.com/products/sir326-1003
8286730387584,SIR Sona Maxi Dress - Geo Scape,sir326-1003,SIR,Maxi Dresses,45143965630592,12,12860236,620.0,False,,https://kith.com/products/sir326-1003
8286730387584,SIR Sona Maxi Dress - Geo Scape,sir326-1003,SIR,Maxi Dresses,45143965663360,13,12860237,620.0,False,,https://kith.com/products/sir326-1003
8286730387584,SIR Sona Maxi Dress - Geo Scape,sir326-1003,SIR,Maxi Dresses,45143965696128,16,12860238,620.0,False,,https://kith.com/products/sir326-1003
8286730387584,SIR Sona Maxi Dress - Geo Scape,sir326-1003,SIR,Maxi Dresses,45143965728896,14,12860239,620.0,False,,https://kith.com/products/sir326-1003
8286730453120,SIR Sona Halter Tie Top - Geo Scape,sir326-2001,SIR,Tank Tops,45143966285952,XS/S,9354484252556,340.0,False,,https://kith.com/products/sir326-2001
8286730453120,SIR Sona Halter Tie Top - Geo Scape,sir326-2001,SIR,Tank Tops,45143966318720,S/M,12860204,340.0,False,,https://kith.com/products/sir326-2001
8286730453120,SIR Sona Halter Tie Top - Geo Scape,sir326-2001,SIR,Tank Tops,45143966351488,M/L,9354484252563,340.0,False,,https://kith.com/products/sir326-2001
8286730453120,SIR Sona Halter Tie Top - Geo Scape,sir326-2001,SIR,Tank Tops,45143966384256,L/XL,12860206,340.0,False,,https://kith.com/products/sir326-2001
8286730453120,SIR Sona Halter Tie Top - Geo Scape,sir326-2001,SIR,Tank Tops,45143966417024,XL/2XL,12860207,340.0,False,,https://kith.com/products/sir326-2001
8286730354816,SIR Mireli String Triangle Top - Rose Parquet Plum,sir326-0002t,SIR,Bikini Tops,45143964713088,0,9354484251320,140.0,False,,https://kith.com/products/sir326-0002t
8286730354816,SIR Mireli String Triangle Top - Rose Parquet Plum,sir326-0002t,SIR,Bikini Tops,45143964745856,1,9354484251337,140.0,True,,https://kith.com/products/sir326-0002t
8286730354816,SIR Mireli String Triangle Top - Rose Parquet Plum,sir326-0002t,SIR,Bikini Tops,45143964778624,2,9354484251344,140.0,True,,https://kith.com/products/sir326-0002t
8286730354816,SIR Mireli String Triangle Top - Rose Parquet Plum,sir326-0002t,SIR,Bikini Tops,45143964811392,3,12860291,140.0,False,,https://kith.com/products/sir326-0002t
8286730354816,SIR Mireli String Triangle Top - Rose Parquet Plum,sir326-0002t,SIR,Bikini Tops,45143964844160,4,12860292,140.0,False,,https://kith.com/products/sir326-0002t
8286730354816,SIR Mireli String Triangle Top - Rose Parquet Plum,sir326-0002t,SIR,Bikini Tops,45143964876928,5,12860293,140.0,False,,https://kith.com/products/sir326-0002t
8286730354816,SIR Mireli String Triangle Top - Rose Parquet Plum,sir326-0002t,SIR,Bikini Tops,45143964909696,6,12860294,140.0,False,,https://kith.com/products/sir326-0002t
8286730354816,SIR Mireli String Triangle Top - Rose Parquet Plum,sir326-0002t,SIR,Bikini Tops,45143964942464,7,12860295,140.0,False,,https://kith.com/products/sir326-0002t
8286730354816,SIR Mireli String Triangle Top - Rose Parquet Plum,sir326-0002t,SIR,Bikini Tops,45143964975232,8,12860296,140.0,False,,https://kith.com/products/sir326-0002t
8286730354816,SIR Mireli String Triangle Top - Rose Parquet Plum,sir326-0002t,SIR,Bikini Tops,45143965008000,9,12860297,140.0,False,,https://kith.com/products/sir326-0002t
8286730354816,SIR Mireli String Triangle Top - Rose Parquet Plum,sir326-0002t,SIR,Bikini Tops,45143965040768,10,12860298,140.0,False,,https://kith.com/products/sir326-0002t
8286730354816,SIR Mireli String Triangle Top - Rose Parquet Plum,sir326-0002t,SIR,Bikini Tops,45143965073536,11,12860299,140.0,False,,https://kith.com/products/sir326-0002t
8286730354816,SIR Mireli String Triangle Top - Rose Parquet Plum,sir326-0002t,SIR,Bikini Tops,45143965106304,12,12860300,140.0,False,,https://kith.com/products/sir326-0002t
8286730354816,SIR Mireli String Triangle Top - Rose Parquet Plum,sir326-0002t,SIR,Bikini Tops,45143965139072,13,12860301,140.0,False,,https://kith.com/products/sir326-0002t
8286730354816,SIR Mireli String Triangle Top - Rose Parquet Plum,sir326-0002t,SIR,Bikini Tops,45143965171840,16,12860302,140.0,False,,https://kith.com/products/sir326-0002t
8286730354816,SIR Mireli String Triangle Top - Rose Parquet Plum,sir326-0002t,SIR,Bikini Tops,45143965204608,14,12860303,140.0,False,,https://kith.com/products/sir326-0002t
8286730420352,SIR Mireli String Brief - Rose Parquet Plum,sir326-0002b,SIR,Bikini Bottoms,45143965761664,0,9354484251276,140.0,False,,https://kith.com/products/sir326-0002b
8286730420352,SIR Mireli String Brief - Rose Parquet Plum,sir326-0002b,SIR,Bikini Bottoms,45143965794432,1,9354484251283,140.0,True,,https://kith.com/products/sir326-0002b
8286730420352,SIR Mireli String Brief - Rose Parquet Plum,sir326-0002b,SIR,Bikini Bottoms,45143965827200,2,9354484251290,140.0,True,,https://kith.com/products/sir326-0002b
8286730420352,SIR Mireli String Brief - Rose Parquet Plum,sir326-0002b,SIR,Bikini Bottoms,45143965859968,3,12860307,140.0,False,,https://kith.com/products/sir326-0002b
8286730420352,SIR Mireli String Brief - Rose Parquet Plum,sir326-0002b,SIR,Bikini Bottoms,45143965892736,4,12860308,140.0,False,,https://kith.com/products/sir326-0002b
8286730420352,SIR Mireli String Brief - Rose Parquet Plum,sir326-0002b,SIR,Bikini Bottoms,45143965925504,5,12860309,140.0,False,,https://kith.com/products/sir326-0002b
8286730420352,SIR Mireli String Brief - Rose Parquet Plum,sir326-0002b,SIR,Bikini Bottoms,45143965958272,6,12860310,140.0,False,,https://kith.com/products/sir326-0002b
8286730420352,SIR Mireli String Brief - Rose Parquet Plum,sir326-0002b,SIR,Bikini Bottoms,45143965991040,7,12860311,140.0,False,,https://kith.com/products/sir326-0002b
8286730420352,SIR Mireli String Brief - Rose Parquet Plum,sir326-0002b,SIR,Bikini Bottoms,45143966023808,8,12860312,140.0,False,,https://kith.com/products/sir326-0002b
8286730420352,SIR Mireli String Brief - Rose Parquet Plum,sir326-0002b,SIR,Bikini Bottoms,45143966056576,9,12860313,140.0,False,,https://kith.com/products/sir326-0002b
8286730420352,SIR Mireli String Brief - Rose Parquet Plum,sir326-0002b,SIR,Bikini Bottoms,45143966089344,10,12860314,140.0,False,,https://kith.com/products/sir326-0002b
8286730420352,SIR Mireli String Brief - Rose Parquet Plum,sir326-0002b,SIR,Bikini Bottoms,45143966122112,11,12860315,140.0,False,,https://kith.com/products/sir326-0002b
8286730420352,SIR Mireli String Brief - Rose Parquet Plum,sir326-0002b,SIR,Bikini Bottoms,45143966154880,12,12860316,140.0,False,,https://kith.com/products/sir326-0002b
8286730420352,SIR Mireli String Brief - Rose Parquet Plum,sir326-0002b,SIR,Bikini Bottoms,45143966187648,13,12860317,140.0,False,,https://kith.com/products/sir326-0002b
8286730420352,SIR Mireli String Brief - Rose Parquet Plum,sir326-0002b,SIR,Bikini Bottoms,45143966220416,16,12860318,140.0,False,,https://kith.com/products/sir326-0002b
8286730420352,SIR Mireli String Brief - Rose Parquet Plum,sir326-0002b,SIR,Bikini Bottoms,45143966253184,14,12860319,140.0,False,,https://kith.com/products/sir326-0002b
8286730584192,SIR Mireli Slip Dress - Rose Parquet,sir326-1018,SIR,Mini Dresses,45143967793280,0,9354484251603,460.0,True,,https://kith.com/products/sir326-1018
8286730584192,SIR Mireli Slip Dress - Rose Parquet,sir326-1018,SIR,Mini Dresses,45143967826048,1,9354484251610,460.0,False,,https://kith.com/products/sir326-1018
8286730584192,SIR Mireli Slip Dress - Rose Parquet,sir326-1018,SIR,Mini Dresses,45143967858816,2,9354484251627,460.0,True,,https://kith.com/products/sir326-1018
8286730584192,SIR Mireli Slip Dress - Rose Parquet,sir326-1018,SIR,Mini Dresses,45143967891584,3,12860275,460.0,False,,https://kith.com/products/sir326-1018
8286730584192,SIR Mireli Slip Dress - Rose Parquet,sir326-1018,SIR,Mini Dresses,45143967924352,4,12860276,460.0,False,,https://kith.com/products/sir326-1018
8286730584192,SIR Mireli Slip Dress - Rose Parquet,sir326-1018,SIR,Mini Dresses,45143967957120,5,12860277,460.0,False,,https://kith.com/products/sir326-1018
8286730584192,SIR Mireli Slip Dress - Rose Parquet,sir326-1018,SIR,Mini Dresses,45143967989888,6,12860278,460.0,False,,https://kith.com/products/sir326-1018
8286730584192,SIR Mireli Slip Dress - Rose Parquet,sir326-1018,SIR,Mini Dresses,45143968022656,7,12860279,460.0,False,,https://kith.com/products/sir326-1018
8286730584192,SIR Mireli Slip Dress - Rose Parquet,sir326-1018,SIR,Mini Dresses,45143968055424,8,12860280,460.0,False,,https://kith.com/products/sir326-1018
8286730584192,SIR Mireli Slip Dress - Rose Parquet,sir326-1018,SIR,Mini Dresses,45143968088192,9,12860281,460.0,False,,https://kith.com/products/sir326-1018
8286730584192,SIR Mireli Slip Dress - Rose Parquet,sir326-1018,SIR,Mini Dresses,45143968120960,10,12860282,460.0,False,,https://kith.com/products/sir326-1018
8286730584192,SIR Mireli Slip Dress - Rose Parquet,sir326-1018,SIR,Mini Dresses,45143968153728,11,12860283,460.0,False,,https://kith.com/products/sir326-1018
8286730584192,SIR Mireli Slip Dress - Rose Parquet,sir326-1018,SIR,Mini Dresses,45143968186496,12,12860284,460.0,False,,https://kith.com/products/sir326-1018
8286730584192,SIR Mireli Slip Dress - Rose Parquet,sir326-1018,SIR,Mini Dresses,45143968219264,13,12860285,460.0,False,,https://kith.com/products/sir326-1018
8286730584192,SIR Mireli Slip Dress - Rose Parquet,sir326-1018,SIR,Mini Dresses,45143968252032,16,12860286,460.0,False,,https://kith.com/products/sir326-1018
8286730584192,SIR Mireli Slip Dress - Rose Parquet,sir326-1018,SIR,Mini Dresses,45143968284800,14,12860287,460.0,False,,https://kith.com/products/sir326-1018
8286728224896,Siedres Mel Color Blocked Layered Mesh Long Sleeve Top - Multi,siwpf26tp30,Siedres,Long Sleeve Tops,45143945838720,XXS,12865367,445.0,False,,https://kith.com/products/siwpf26tp30
8286728224896,Siedres Mel Color Blocked Layered Mesh Long Sleeve Top - Multi,siwpf26tp30,Siedres,Long Sleeve Tops,45143945871488,XS,2636360168609,445.0,False,,https://kith.com/products/siwpf26tp30
8286728224896,Siedres Mel Color Blocked Layered Mesh Long Sleeve Top - Multi,siwpf26tp30,Siedres,Long Sleeve Tops,45143945904256,S,2636360168579,445.0,True,,https://kith.com/products/siwpf26tp30
8286728224896,Siedres Mel Color Blocked Layered Mesh Long Sleeve Top - Multi,siwpf26tp30,Siedres,Long Sleeve Tops,45143945937024,M,2636360168562,445.0,True,,https://kith.com/products/siwpf26tp30
8286728224896,Siedres Mel Color Blocked Layered Mesh Long Sleeve Top - Multi,siwpf26tp30,Siedres,Long Sleeve Tops,45143945969792,L,2636360168555,445.0,True,,https://kith.com/products/siwpf26tp30
8286728224896,Siedres Mel Color Blocked Layered Mesh Long Sleeve Top - Multi,siwpf26tp30,Siedres,Long Sleeve Tops,45143946002560,XL,12865372,445.0,False,,https://kith.com/products/siwpf26tp30
8286728224896,Siedres Mel Color Blocked Layered Mesh Long Sleeve Top - Multi,siwpf26tp30,Siedres,Long Sleeve Tops,45143946035328,XXL,12865373,445.0,False,,https://kith.com/products/siwpf26tp30
8286728224896,Siedres Mel Color Blocked Layered Mesh Long Sleeve Top - Multi,siwpf26tp30,Siedres,Long Sleeve Tops,45143946068096,XXXL,12865374,445.0,False,,https://kith.com/products/siwpf26tp30
8286728224896,Siedres Mel Color Blocked Layered Mesh Long Sleeve Top - Multi,siwpf26tp30,Siedres,Long Sleeve Tops,45143946100864,4XL,12865375,445.0,False,,https://kith.com/products/siwpf26tp30
8286728093824,Siedres Lyna Contrast Layered Mesh Mini Dress - Multi,siwpf26dr12,Siedres,Mini Dresses,45143944462464,XXS,12865446,445.0,False,,https://kith.com/products/siwpf26dr12
8286728093824,Siedres Lyna Contrast Layered Mesh Mini Dress - Multi,siwpf26dr12,Siedres,Mini Dresses,45143944495232,XS,12865447,445.0,False,,https://kith.com/products/siwpf26dr12
8286728093824,Siedres Lyna Contrast Layered Mesh Mini Dress - Multi,siwpf26dr12,Siedres,Mini Dresses,45143944528000,S,12865448,445.0,False,,https://kith.com/products/siwpf26dr12
8286728093824,Siedres Lyna Contrast Layered Mesh Mini Dress - Multi,siwpf26dr12,Siedres,Mini Dresses,45143944560768,M,12865449,445.0,False,,https://kith.com/products/siwpf26dr12
8286728093824,Siedres Lyna Contrast Layered Mesh Mini Dress - Multi,siwpf26dr12,Siedres,Mini Dresses,45143944593536,L,12865450,445.0,False,,https://kith.com/products/siwpf26dr12
8286728093824,Siedres Lyna Contrast Layered Mesh Mini Dress - Multi,siwpf26dr12,Siedres,Mini Dresses,45143944626304,XL,12865451,445.0,False,,https://kith.com/products/siwpf26dr12
8286728093824,Siedres Lyna Contrast Layered Mesh Mini Dress - Multi,siwpf26dr12,Siedres,Mini Dresses,45143944659072,XXL,12865452,445.0,False,,https://kith.com/products/siwpf26dr12
8286728093824,Siedres Lyna Contrast Layered Mesh Mini Dress - Multi,siwpf26dr12,Siedres,Mini Dresses,45143944691840,XXXL,12865453,445.0,False,,https://kith.com/products/siwpf26dr12
8286728093824,Siedres Lyna Contrast Layered Mesh Mini Dress - Multi,siwpf26dr12,Siedres,Mini Dresses,45143944724608,4XL,12865454,445.0,False,,https://kith.com/products/siwpf26dr12
8286730682496,Sandy Liang Visby Puffer Jacket - Baby Blue,slf26o123-f048-blu,Sandy Liang,Jackets,45143968907392,XXS,10877374,1100.0,False,,https://kith.com/products/slf26o123-f048-blu
8286730682496,Sandy Liang Visby Puffer Jacket - Baby Blue,slf26o123-f048-blu,Sandy Liang,Jackets,45143968940160,XS,656147296105,1100.0,False,,https://kith.com/products/slf26o123-f048-blu
8286730682496,Sandy Liang Visby Puffer Jacket - Baby Blue,slf26o123-f048-blu,Sandy Liang,Jackets,45143968972928,S,656147296099,1100.0,True,,https://kith.com/products/slf26o123-f048-blu
8286730682496,Sandy Liang Visby Puffer Jacket - Baby Blue,slf26o123-f048-blu,Sandy Liang,Jackets,45143969005696,M,656147296082,1100.0,True,,https://kith.com/products/slf26o123-f048-blu
8286730682496,Sandy Liang Visby Puffer Jacket - Baby Blue,slf26o123-f048-blu,Sandy Liang,Jackets,45143969038464,L,656147295948,1100.0,False,,https://kith.com/products/slf26o123-f048-blu
8286730682496,Sandy Liang Visby Puffer Jacket - Baby Blue,slf26o123-f048-blu,Sandy Liang,Jackets,45143969071232,XL,656147295931,1100.0,False,,https://kith.com/products/slf26o123-f048-blu
8286730682496,Sandy Liang Visby Puffer Jacket - Baby Blue,slf26o123-f048-blu,Sandy Liang,Jackets,45143969104000,XXL,10877380,1100.0,False,,https://kith.com/products/slf26o123-f048-blu
8286730682496,Sandy Liang Visby Puffer Jacket - Baby Blue,slf26o123-f048-blu,Sandy Liang,Jackets,45143969136768,XXXL,10877381,1100.0,False,,https://kith.com/products/slf26o123-f048-blu
8286730682496,Sandy Liang Visby Puffer Jacket - Baby Blue,slf26o123-f048-blu,Sandy Liang,Jackets,45143969169536,4XL,10877382,1100.0,False,,https://kith.com/products/slf26o123-f048-blu
8286738743424,Sandy Liang Terminator Droplet Ring - Silver,slh26j014-c003,Sandy Liang,Rings,45144034771072,4,12868526,248.0,False,,https://kith.com/products/slh26j014-c003
8286738743424,Sandy Liang Terminator Droplet Ring - Silver,slh26j014-c003,Sandy Liang,Rings,45144034803840,4.5,12868527,248.0,False,,https://kith.com/products/slh26j014-c003
8286738743424,Sandy Liang Terminator Droplet Ring - Silver,slh26j014-c003,Sandy Liang,Rings,45144034836608,5,12868528,248.0,False,,https://kith.com/products/slh26j014-c003
8286738743424,Sandy Liang Terminator Droplet Ring - Silver,slh26j014-c003,Sandy Liang,Rings,45144034869376,5.5,12868529,248.0,False,,https://kith.com/products/slh26j014-c003
8286738743424,Sandy Liang Terminator Droplet Ring - Silver,slh26j014-c003,Sandy Liang,Rings,45144034902144,6,656147290899,248.0,False,,https://kith.com/products/slh26j014-c003
8286738743424,Sandy Liang Terminator Droplet Ring - Silver,slh26j014-c003,Sandy Liang,Rings,45144034934912,6.5,12868531,248.0,False,,https://kith.com/products/slh26j014-c003
8286738743424,Sandy Liang Terminator Droplet Ring - Silver,slh26j014-c003,Sandy Liang,Rings,45144034967680,7,656147290905,248.0,True,,https://kith.com/products/slh26j014-c003
8286738743424,Sandy Liang Terminator Droplet Ring - Silver,slh26j014-c003,Sandy Liang,Rings,45144035000448,7.5,12868533,248.0,False,,https://kith.com/products/slh26j014-c003
8286738743424,Sandy Liang Terminator Droplet Ring - Silver,slh26j014-c003,Sandy Liang,Rings,45144035033216,8,656147290912,248.0,True,,https://kith.com/products/slh26j014-c003
8286738743424,Sandy Liang Terminator Droplet Ring - Silver,slh26j014-c003,Sandy Liang,Rings,45144035065984,8.5,12868535,248.0,False,,https://kith.com/products/slh26j014-c003
8286738743424,Sandy Liang Terminator Droplet Ring - Silver,slh26j014-c003,Sandy Liang,Rings,45144035098752,9,12868536,248.0,False,,https://kith.com/products/slh26j014-c003
8286738743424,Sandy Liang Terminator Droplet Ring - Silver,slh26j014-c003,Sandy Liang,Rings,45144035131520,9.5,12868537,248.0,False,,https://kith.com/products/slh26j014-c003
8286738743424,Sandy Liang Terminator Droplet Ring - Silver,slh26j014-c003,Sandy Liang,Rings,45144035164288,10,12868538,248.0,False,,https://kith.com/products/slh26j014-c003
8286738743424,Sandy Liang Terminator Droplet Ring - Silver,slh26j014-c003,Sandy Liang,Rings,45144035197056,10.5,12868539,248.0,False,,https://kith.com/products/slh26j014-c003
8286738743424,Sandy Liang Terminator Droplet Ring - Silver,slh26j014-c003,Sandy Liang,Rings,45144035229824,11,12868540,248.0,False,,https://kith.com/products/slh26j014-c003
8286726815872,Sandy Liang Starfall Earrings - Silver,slf26j045-c001,Sandy Liang,Earrings,45143939383424,OS,656147295405,168.0,True,,https://kith.com/products/slf26j045-c001
8286726586496,Sandy Liang Star Charm Bracelet - Silver,slf26j023-c007,Sandy Liang,Bracelets,45143939154048,OS,656147295412,138.0,True,,https://kith.com/products/slf26j023-c007
8286726684800,Sandy Liang Precious Card Holder - Brushed Brown,slf26a020-l032,Sandy Liang,Wallets & Cardholders,45143939252352,OS,656147296396,148.0,True,,https://kith.com/products/slf26a020-l032
8286726553728,Sandy Liang Pippy Studs Earring - Sterling Silver,1-slj-fa23-je119-ss,Sandy Liang,Earrings,45143939121280,OS,656147271591,198.0,True,,https://kith.com/products/1-slj-fa23-je119-ss
8286730616960,Sandy Liang Paprika Pant - Black,slf25p051-f119-blk,Sandy Liang,Track Pants,45143968317568,XXS,10877347,395.0,False,,https://kith.com/products/slf25p051-f119-blk
8286730616960,Sandy Liang Paprika Pant - Black,slf25p051-f119-blk,Sandy Liang,Track Pants,45143968350336,XS,656147295702,395.0,True,,https://kith.com/products/slf25p051-f119-blk
8286730616960,Sandy Liang Paprika Pant - Black,slf25p051-f119-blk,Sandy Liang,Track Pants,45143968383104,S,656147295726,395.0,True,,https://kith.com/products/slf25p051-f119-blk
8286730616960,Sandy Liang Paprika Pant - Black,slf25p051-f119-blk,Sandy Liang,Track Pants,45143968415872,M,656147295733,395.0,True,,https://kith.com/products/slf25p051-f119-blk
8286730616960,Sandy Liang Paprika Pant - Black,slf25p051-f119-blk,Sandy Liang,Track Pants,45143968448640,L,656147295740,395.0,False,,https://kith.com/products/slf25p051-f119-blk
8286730616960,Sandy Liang Paprika Pant - Black,slf25p051-f119-blk,Sandy Liang,Track Pants,45143968481408,XL,656147295719,395.0,False,,https://kith.com/products/slf25p051-f119-blk
8286730616960,Sandy Liang Paprika Pant - Black,slf25p051-f119-blk,Sandy Liang,Track Pants,45143968514176,XXL,10877353,395.0,False,,https://kith.com/products/slf25p051-f119-blk
8286730616960,Sandy Liang Paprika Pant - Black,slf25p051-f119-blk,Sandy Liang,Track Pants,45143968546944,XXXL,10877354,395.0,False,,https://kith.com/products/slf25p051-f119-blk
8286730616960,Sandy Liang Paprika Pant - Black,slf25p051-f119-blk,Sandy Liang,Track Pants,45143968579712,4XL,10877355,395.0,False,,https://kith.com/products/slf25p051-f119-blk
8286730649728,Sandy Liang Papas Jacket - Grey,slf26o090-f413,Sandy Liang,Jackets,45143968612480,XXS,10877365,895.0,False,,https://kith.com/products/slf26o090-f413
8286730649728,Sandy Liang Papas Jacket - Grey,slf26o090-f413,Sandy Liang,Jackets,45143968645248,XS,656147293081,895.0,False,,https://kith.com/products/slf26o090-f413
8286730649728,Sandy Liang Papas Jacket - Grey,slf26o090-f413,Sandy Liang,Jackets,45143968678016,S,656147293067,895.0,True,,https://kith.com/products/slf26o090-f413
8286730649728,Sandy Liang Papas Jacket - Grey,slf26o090-f413,Sandy Liang,Jackets,45143968710784,M,656147292930,895.0,False,,https://kith.com/products/slf26o090-f413
8286730649728,Sandy Liang Papas Jacket - Grey,slf26o090-f413,Sandy Liang,Jackets,45143968743552,L,656147292923,895.0,False,,https://kith.com/products/slf26o090-f413
8286730649728,Sandy Liang Papas Jacket - Grey,slf26o090-f413,Sandy Liang,Jackets,45143968776320,XL,656147293074,895.0,False,,https://kith.com/products/slf26o090-f413
8286730649728,Sandy Liang Papas Jacket - Grey,slf26o090-f413,Sandy Liang,Jackets,45143968809088,XXL,10877371,895.0,False,,https://kith.com/products/slf26o090-f413
8286730649728,Sandy Liang Papas Jacket - Grey,slf26o090-f413,Sandy Liang,Jackets,45143968841856,XXXL,10877372,895.0,False,,https://kith.com/products/slf26o090-f413
8286730649728,Sandy Liang Papas Jacket - Grey,slf26o090-f413,Sandy Liang,Jackets,45143968874624,4XL,10877373,895.0,False,,https://kith.com/products/slf26o090-f413
8286730780800,Sandy Liang Lottie Sweater - Olive,slf26k126-y003-olv,Sandy Liang,Sweaters,45143969497216,XXS,10877329,350.0,False,,https://kith.com/products/slf26k126-y003-olv
8286730780800,Sandy Liang Lottie Sweater - Olive,slf26k126-y003-olv,Sandy Liang,Sweaters,45143969529984,XS,656147291308,350.0,False,,https://kith.com/products/slf26k126-y003-olv
8286730780800,Sandy Liang Lottie Sweater - Olive,slf26k126-y003-olv,Sandy Liang,Sweaters,45143969562752,S,656147291438,350.0,True,,https://kith.com/products/slf26k126-y003-olv
8286730780800,Sandy Liang Lottie Sweater - Olive,slf26k126-y003-olv,Sandy Liang,Sweaters,45143969595520,M,656147291445,350.0,True,,https://kith.com/products/slf26k126-y003-olv
8286730780800,Sandy Liang Lottie Sweater - Olive,slf26k126-y003-olv,Sandy Liang,Sweaters,45143969628288,L,656147291452,350.0,True,,https://kith.com/products/slf26k126-y003-olv
8286730780800,Sandy Liang Lottie Sweater - Olive,slf26k126-y003-olv,Sandy Liang,Sweaters,45143969661056,XL,656147291582,350.0,False,,https://kith.com/products/slf26k126-y003-olv
8286730780800,Sandy Liang Lottie Sweater - Olive,slf26k126-y003-olv,Sandy Liang,Sweaters,45143969693824,XXL,10877335,350.0,False,,https://kith.com/products/slf26k126-y003-olv
8286730780800,Sandy Liang Lottie Sweater - Olive,slf26k126-y003-olv,Sandy Liang,Sweaters,45143969726592,XXXL,10877336,350.0,False,,https://kith.com/products/slf26k126-y003-olv
8286730780800,Sandy Liang Lottie Sweater - Olive,slf26k126-y003-olv,Sandy Liang,Sweaters,45143969759360,4XL,10877337,350.0,False,,https://kith.com/products/slf26k126-y003-olv
8286726979712,Sandy Liang Jumbo Tote Bag - Brown,slf26h012-f150,Sandy Liang,Tote Bags,45143939547264,OS,656147296372,298.0,True,,https://kith.com/products/slf26h012-f150
8286726750336,Sandy Liang Jumbo Tote Bag - Black,slf26h012-f150blk,Sandy Liang,Tote Bags,45143939317888,OS,656147296389,298.0,True,,https://kith.com/products/slf26h012-f150blk
8286730748032,Sandy Liang Hydra Top - Black Sparkles,slf26t167-f404,Sandy Liang,Tank Tops,45143969792128,XXS,10877320,595.0,False,,https://kith.com/products/slf26t167-f404
8286730748032,Sandy Liang Hydra Top - Black Sparkles,slf26t167-f404,Sandy Liang,Tank Tops,45143969824896,XS,656147294200,595.0,False,,https://kith.com/products/slf26t167-f404
8286730748032,Sandy Liang Hydra Top - Black Sparkles,slf26t167-f404,Sandy Liang,Tank Tops,45143969857664,S,656147294217,595.0,False,,https://kith.com/products/slf26t167-f404
8286730748032,Sandy Liang Hydra Top - Black Sparkles,slf26t167-f404,Sandy Liang,Tank Tops,45143969890432,M,656147294224,595.0,False,,https://kith.com/products/slf26t167-f404
8286730748032,Sandy Liang Hydra Top - Black Sparkles,slf26t167-f404,Sandy Liang,Tank Tops,45143969923200,L,656147294231,595.0,False,,https://kith.com/products/slf26t167-f404
8286730748032,Sandy Liang Hydra Top - Black Sparkles,slf26t167-f404,Sandy Liang,Tank Tops,45143969955968,XL,656147294248,595.0,False,,https://kith.com/products/slf26t167-f404
8286730748032,Sandy Liang Hydra Top - Black Sparkles,slf26t167-f404,Sandy Liang,Tank Tops,45143969988736,XXL,10877326,595.0,False,,https://kith.com/products/slf26t167-f404
8286730748032,Sandy Liang Hydra Top - Black Sparkles,slf26t167-f404,Sandy Liang,Tank Tops,45143970021504,XXXL,10877327,595.0,False,,https://kith.com/products/slf26t167-f404
8286730748032,Sandy Liang Hydra Top - Black Sparkles,slf26t167-f404,Sandy Liang,Tank Tops,45143970054272,4XL,10877328,595.0,False,,https://kith.com/products/slf26t167-f404
8286730715264,Sandy Liang Helio Skort - Grey,slf26s138-f413,Sandy Liang,Mini Skirts,45143969202304,XXS,10877338,395.0,False,,https://kith.com/products/slf26s138-f413
8286730715264,Sandy Liang Helio Skort - Grey,slf26s138-f413,Sandy Liang,Mini Skirts,45143969235072,XS,656147292893,395.0,False,,https://kith.com/products/slf26s138-f413
8286730715264,Sandy Liang Helio Skort - Grey,slf26s138-f413,Sandy Liang,Mini Skirts,45143969267840,S,656147292909,395.0,True,,https://kith.com/products/slf26s138-f413
8286730715264,Sandy Liang Helio Skort - Grey,slf26s138-f413,Sandy Liang,Mini Skirts,45143969300608,M,656147292800,395.0,False,,https://kith.com/products/slf26s138-f413
8286730715264,Sandy Liang Helio Skort - Grey,slf26s138-f413,Sandy Liang,Mini Skirts,45143969333376,L,656147292794,395.0,False,,https://kith.com/products/slf26s138-f413
8286730715264,Sandy Liang Helio Skort - Grey,slf26s138-f413,Sandy Liang,Mini Skirts,45143969366144,XL,656147292695,395.0,False,,https://kith.com/products/slf26s138-f413
8286730715264,Sandy Liang Helio Skort - Grey,slf26s138-f413,Sandy Liang,Mini Skirts,45143969398912,XXL,10877344,395.0,False,,https://kith.com/products/slf26s138-f413
8286730715264,Sandy Liang Helio Skort - Grey,slf26s138-f413,Sandy Liang,Mini Skirts,45143969431680,XXXL,10877345,395.0,False,,https://kith.com/products/slf26s138-f413
8286730715264,Sandy Liang Helio Skort - Grey,slf26s138-f413,Sandy Liang,Mini Skirts,45143969464448,4XL,10877346,395.0,False,,https://kith.com/products/slf26s138-f413
8286730551424,Sandy Liang Dawson Jacket - Grey,slf26o113-f415,Sandy Liang,Jackets,45143967498368,XXS,10877356,395.0,False,,https://kith.com/products/slf26o113-f415
8286730551424,Sandy Liang Dawson Jacket - Grey,slf26o113-f415,Sandy Liang,Jackets,45143967531136,XS,656147295030,395.0,False,,https://kith.com/products/slf26o113-f415
8286730551424,Sandy Liang Dawson Jacket - Grey,slf26o113-f415,Sandy Liang,Jackets,45143967563904,S,656147295047,395.0,False,,https://kith.com/products/slf26o113-f415
8286730551424,Sandy Liang Dawson Jacket - Grey,slf26o113-f415,Sandy Liang,Jackets,45143967596672,M,656147294941,395.0,True,,https://kith.com/products/slf26o113-f415
8286730551424,Sandy Liang Dawson Jacket - Grey,slf26o113-f415,Sandy Liang,Jackets,45143967629440,L,656147294682,395.0,True,,https://kith.com/products/slf26o113-f415
8286730551424,Sandy Liang Dawson Jacket - Grey,slf26o113-f415,Sandy Liang,Jackets,45143967662208,XL,656147294170,395.0,False,,https://kith.com/products/slf26o113-f415
8286730551424,Sandy Liang Dawson Jacket - Grey,slf26o113-f415,Sandy Liang,Jackets,45143967694976,XXL,10877362,395.0,False,,https://kith.com/products/slf26o113-f415
8286730551424,Sandy Liang Dawson Jacket - Grey,slf26o113-f415,Sandy Liang,Jackets,45143967727744,XXXL,10877363,395.0,False,,https://kith.com/products/slf26o113-f415
8286730551424,Sandy Liang Dawson Jacket - Grey,slf26o113-f415,Sandy Liang,Jackets,45143967760512,4XL,10877364,395.0,False,,https://kith.com/products/slf26o113-f415
8286727864448,Rick Owens Fox Boxers Short - Grape,rp02f5316-lbs-86,Rick Owens,Shorts,45143942398080,32,12872373,1145.0,False,,https://kith.com/products/rp02f5316-lbs-86
8286727864448,Rick Owens Fox Boxers Short - Grape,rp02f5316-lbs-86,Rick Owens,Shorts,45143942430848,34,12872374,1145.0,False,,https://kith.com/products/rp02f5316-lbs-86
8286727864448,Rick Owens Fox Boxers Short - Grape,rp02f5316-lbs-86,Rick Owens,Shorts,45143942463616,36,12872375,1145.0,False,,https://kith.com/products/rp02f5316-lbs-86
8286727864448,Rick Owens Fox Boxers Short - Grape,rp02f5316-lbs-86,Rick Owens,Shorts,45143942496384,38,8056070528311,1145.0,True,,https://kith.com/products/rp02f5316-lbs-86
8286727864448,Rick Owens Fox Boxers Short - Grape,rp02f5316-lbs-86,Rick Owens,Shorts,45143942529152,40,8056070528328,1145.0,True,,https://kith.com/products/rp02f5316-lbs-86
8286727864448,Rick Owens Fox Boxers Short - Grape,rp02f5316-lbs-86,Rick Owens,Shorts,45143942561920,42,8056070528335,1145.0,True,,https://kith.com/products/rp02f5316-lbs-86
8286727864448,Rick Owens Fox Boxers Short - Grape,rp02f5316-lbs-86,Rick Owens,Shorts,45143942594688,44,12872379,1145.0,False,,https://kith.com/products/rp02f5316-lbs-86
8286727831680,Rick Owens Fog Cutoff Mini Skirt - Dust,rp02f5374-lcs-28,Rick Owens,Mini Skirts,45143942168704,32,12872387,1005.0,False,,https://kith.com/products/rp02f5374-lcs-28
8286727831680,Rick Owens Fog Cutoff Mini Skirt - Dust,rp02f5374-lcs-28,Rick Owens,Mini Skirts,45143942201472,34,12872388,1005.0,False,,https://kith.com/products/rp02f5374-lcs-28
8286727831680,Rick Owens Fog Cutoff Mini Skirt - Dust,rp02f5374-lcs-28,Rick Owens,Mini Skirts,45143942234240,36,12872389,1005.0,False,,https://kith.com/products/rp02f5374-lcs-28
8286727831680,Rick Owens Fog Cutoff Mini Skirt - Dust,rp02f5374-lcs-28,Rick Owens,Mini Skirts,45143942267008,38,8056070417707,1005.0,True,,https://kith.com/products/rp02f5374-lcs-28
8286727831680,Rick Owens Fog Cutoff Mini Skirt - Dust,rp02f5374-lcs-28,Rick Owens,Mini Skirts,45143942299776,40,8056070417714,1005.0,True,,https://kith.com/products/rp02f5374-lcs-28
8286727831680,Rick Owens Fog Cutoff Mini Skirt - Dust,rp02f5374-lcs-28,Rick Owens,Mini Skirts,45143942332544,42,8056070417721,1005.0,True,,https://kith.com/products/rp02f5374-lcs-28
8286727831680,Rick Owens Fog Cutoff Mini Skirt - Dust,rp02f5374-lcs-28,Rick Owens,Mini Skirts,45143942365312,44,12872393,1005.0,False,,https://kith.com/products/rp02f5374-lcs-28
8286728028288,Rick Owens Burgundy Tower Funnel Neck Down Jacket - Grape,rp02f5774-npd3-86,Rick Owens,Bomber Jackets,45143943643264,32,12872350,2670.0,False,,https://kith.com/products/rp02f5774-npd3-86
8286728028288,Rick Owens Burgundy Tower Funnel Neck Down Jacket - Grape,rp02f5774-npd3-86,Rick Owens,Bomber Jackets,45143943676032,34,12872351,2670.0,False,,https://kith.com/products/rp02f5774-npd3-86
8286728028288,Rick Owens Burgundy Tower Funnel Neck Down Jacket - Grape,rp02f5774-npd3-86,Rick Owens,Bomber Jackets,45143943708800,36,12872352,2670.0,False,,https://kith.com/products/rp02f5774-npd3-86
8286728028288,Rick Owens Burgundy Tower Funnel Neck Down Jacket - Grape,rp02f5774-npd3-86,Rick Owens,Bomber Jackets,45143943741568,38,8056070443560,2670.0,True,,https://kith.com/products/rp02f5774-npd3-86
8286728028288,Rick Owens Burgundy Tower Funnel Neck Down Jacket - Grape,rp02f5774-npd3-86,Rick Owens,Bomber Jackets,45143943774336,40,8056070443577,2670.0,True,,https://kith.com/products/rp02f5774-npd3-86
8286728028288,Rick Owens Burgundy Tower Funnel Neck Down Jacket - Grape,rp02f5774-npd3-86,Rick Owens,Bomber Jackets,45143943807104,42,12872355,2670.0,False,,https://kith.com/products/rp02f5774-npd3-86
8286728028288,Rick Owens Burgundy Tower Funnel Neck Down Jacket - Grape,rp02f5774-npd3-86,Rick Owens,Bomber Jackets,45143943839872,44,12872356,2670.0,False,,https://kith.com/products/rp02f5774-npd3-86
8286727929984,Rick Owens Boxer Short - Black,rp02f5698-kwp-09,Rick Owens,Shorts,45143943053440,XXS,12872327,1095.0,False,,https://kith.com/products/rp02f5698-kwp-09
8286727929984,Rick Owens Boxer Short - Black,rp02f5698-kwp-09,Rick Owens,Shorts,45143943086208,XS,8056070439914,1095.0,True,,https://kith.com/products/rp02f5698-kwp-09
8286727929984,Rick Owens Boxer Short - Black,rp02f5698-kwp-09,Rick Owens,Shorts,45143943118976,S,8056070376073,1095.0,True,,https://kith.com/products/rp02f5698-kwp-09
8286727929984,Rick Owens Boxer Short - Black,rp02f5698-kwp-09,Rick Owens,Shorts,45143943151744,M,8056070439921,1095.0,True,,https://kith.com/products/rp02f5698-kwp-09
8286727929984,Rick Owens Boxer Short - Black,rp02f5698-kwp-09,Rick Owens,Shorts,45143943184512,L,12872331,1095.0,False,,https://kith.com/products/rp02f5698-kwp-09
8286727929984,Rick Owens Boxer Short - Black,rp02f5698-kwp-09,Rick Owens,Shorts,45143943217280,XL,12872332,1095.0,False,,https://kith.com/products/rp02f5698-kwp-09
8286727929984,Rick Owens Boxer Short - Black,rp02f5698-kwp-09,Rick Owens,Shorts,45143943250048,XXL,12872333,1095.0,False,,https://kith.com/products/rp02f5698-kwp-09
8286727929984,Rick Owens Boxer Short - Black,rp02f5698-kwp-09,Rick Owens,Shorts,45143943282816,XXXL,12872334,1095.0,False,,https://kith.com/products/rp02f5698-kwp-09
8286727929984,Rick Owens Boxer Short - Black,rp02f5698-kwp-09,Rick Owens,Shorts,45143943315584,4XL,12872335,1095.0,False,,https://kith.com/products/rp02f5698-kwp-09
8286727798912,Rick Owens Alannah Prong Bustier Top - Black,rp02f5121-jn-09,Rick Owens,Tank Tops,45143941939328,32,12872336,665.0,False,,https://kith.com/products/rp02f5121-jn-09
8286727798912,Rick Owens Alannah Prong Bustier Top - Black,rp02f5121-jn-09,Rick Owens,Tank Tops,45143941972096,34,12872337,665.0,False,,https://kith.com/products/rp02f5121-jn-09
8286727798912,Rick Owens Alannah Prong Bustier Top - Black,rp02f5121-jn-09,Rick Owens,Tank Tops,45143942004864,36,12872338,665.0,False,,https://kith.com/products/rp02f5121-jn-09
8286727798912,Rick Owens Alannah Prong Bustier Top - Black,rp02f5121-jn-09,Rick Owens,Tank Tops,45143942037632,38,8056070421667,665.0,True,,https://kith.com/products/rp02f5121-jn-09
8286727798912,Rick Owens Alannah Prong Bustier Top - Black,rp02f5121-jn-09,Rick Owens,Tank Tops,45143942070400,40,8056070384986,665.0,True,,https://kith.com/products/rp02f5121-jn-09
8286727798912,Rick Owens Alannah Prong Bustier Top - Black,rp02f5121-jn-09,Rick Owens,Tank Tops,45143942103168,42,8056070384993,665.0,True,,https://kith.com/products/rp02f5121-jn-09
8286727798912,Rick Owens Alannah Prong Bustier Top - Black,rp02f5121-jn-09,Rick Owens,Tank Tops,45143942135936,44,12872342,665.0,False,,https://kith.com/products/rp02f5121-jn-09
8286729109632,Rhude The Desert Decides Tee - Vintage Black / Red,rhufw26tt06012-8611,Rhude,Short Sleeve Tees,45143956095104,XXS,10881168,245.0,False,,https://kith.com/products/rhufw26tt06012-8611
8286729109632,Rhude The Desert Decides Tee - Vintage Black / Red,rhufw26tt06012-8611,Rhude,Short Sleeve Tees,45143956127872,XS,10881169,245.0,False,,https://kith.com/products/rhufw26tt06012-8611
8286729109632,Rhude The Desert Decides Tee - Vintage Black / Red,rhufw26tt06012-8611,Rhude,Short Sleeve Tees,45143956160640,S,10881170,245.0,True,,https://kith.com/products/rhufw26tt06012-8611
8286729109632,Rhude The Desert Decides Tee - Vintage Black / Red,rhufw26tt06012-8611,Rhude,Short Sleeve Tees,45143956193408,M,10881171,245.0,True,,https://kith.com/products/rhufw26tt06012-8611
8286729109632,Rhude The Desert Decides Tee - Vintage Black / Red,rhufw26tt06012-8611,Rhude,Short Sleeve Tees,45143956226176,L,10881172,245.0,True,,https://kith.com/products/rhufw26tt06012-8611
8286729109632,Rhude The Desert Decides Tee - Vintage Black / Red,rhufw26tt06012-8611,Rhude,Short Sleeve Tees,45143956258944,XL,10881173,245.0,True,,https://kith.com/products/rhufw26tt06012-8611
8286729109632,Rhude The Desert Decides Tee - Vintage Black / Red,rhufw26tt06012-8611,Rhude,Short Sleeve Tees,45143956291712,XXL,10881174,245.0,True,,https://kith.com/products/rhufw26tt06012-8611
8286729109632,Rhude The Desert Decides Tee - Vintage Black / Red,rhufw26tt06012-8611,Rhude,Short Sleeve Tees,45143956324480,XXXL,10881175,245.0,False,,https://kith.com/products/rhufw26tt06012-8611
8286729109632,Rhude The Desert Decides Tee - Vintage Black / Red,rhufw26tt06012-8611,Rhude,Short Sleeve Tees,45143956357248,4XL,10881176,245.0,False,,https://kith.com/products/rhufw26tt06012-8611
8286729535616,Rhude The Desert Decides Hoodie - Heather Grey / Red,rhufw26ho01737-8615,Rhude,Hoodies,45143959404672,XXS,10881177,635.0,False,,https://kith.com/products/rhufw26ho01737-8615
8286729535616,Rhude The Desert Decides Hoodie - Heather Grey / Red,rhufw26ho01737-8615,Rhude,Hoodies,45143959437440,XS,10881178,635.0,False,,https://kith.com/products/rhufw26ho01737-8615
8286729535616,Rhude The Desert Decides Hoodie - Heather Grey / Red,rhufw26ho01737-8615,Rhude,Hoodies,45143959470208,S,8056633576902,635.0,True,,https://kith.com/products/rhufw26ho01737-8615
8286729535616,Rhude The Desert Decides Hoodie - Heather Grey / Red,rhufw26ho01737-8615,Rhude,Hoodies,45143959502976,M,8056633576896,635.0,True,,https://kith.com/products/rhufw26ho01737-8615
8286729535616,Rhude The Desert Decides Hoodie - Heather Grey / Red,rhufw26ho01737-8615,Rhude,Hoodies,45143959535744,L,8056633576889,635.0,True,,https://kith.com/products/rhufw26ho01737-8615
8286729535616,Rhude The Desert Decides Hoodie - Heather Grey / Red,rhufw26ho01737-8615,Rhude,Hoodies,45143959568512,XL,8056633576919,635.0,True,,https://kith.com/products/rhufw26ho01737-8615
8286729535616,Rhude The Desert Decides Hoodie - Heather Grey / Red,rhufw26ho01737-8615,Rhude,Hoodies,45143959601280,XXL,10881183,635.0,False,,https://kith.com/products/rhufw26ho01737-8615
8286729535616,Rhude The Desert Decides Hoodie - Heather Grey / Red,rhufw26ho01737-8615,Rhude,Hoodies,45143959634048,XXXL,10881184,635.0,False,,https://kith.com/products/rhufw26ho01737-8615
8286729535616,Rhude The Desert Decides Hoodie - Heather Grey / Red,rhufw26ho01737-8615,Rhude,Hoodies,45143959666816,4XL,10881185,635.0,False,,https://kith.com/products/rhufw26ho01737-8615
8286729142400,Rhude Rossa Structured Hat - Black / Red,rhufw26ha01743-6540,Rhude,Fitted Caps,45143956390016,OS,8056633576780,255.0,True,,https://kith.com/products/rhufw26ha01743-6540
8286729437312,Rhude Racing Panel Trucker Hat - Black / Yellow,rhufw26ha01742-3116,Rhude,Trucker Hats,45143958487168,OS,8056633576773,330.0,True,,https://kith.com/products/rhufw26ha01742-3116
8286729207936,Rhude Logo Track Short - Red / White,rhufw26sh03948-3041,Rhude,Shorts,45143956717696,XXS,10881249,425.0,False,,https://kith.com/products/rhufw26sh03948-3041
8286729207936,Rhude Logo Track Short - Red / White,rhufw26sh03948-3041,Rhude,Shorts,45143956750464,XS,10881250,425.0,False,,https://kith.com/products/rhufw26sh03948-3041
8286729207936,Rhude Logo Track Short - Red / White,rhufw26sh03948-3041,Rhude,Shorts,45143956783232,S,8056633578722,425.0,True,,https://kith.com/products/rhufw26sh03948-3041
8286729207936,Rhude Logo Track Short - Red / White,rhufw26sh03948-3041,Rhude,Shorts,45143956816000,M,8056633578715,425.0,True,,https://kith.com/products/rhufw26sh03948-3041
8286729207936,Rhude Logo Track Short - Red / White,rhufw26sh03948-3041,Rhude,Shorts,45143956848768,L,8056633578708,425.0,False,,https://kith.com/products/rhufw26sh03948-3041
8286729207936,Rhude Logo Track Short - Red / White,rhufw26sh03948-3041,Rhude,Shorts,45143956881536,XL,8056633578739,425.0,True,,https://kith.com/products/rhufw26sh03948-3041
8286729207936,Rhude Logo Track Short - Red / White,rhufw26sh03948-3041,Rhude,Shorts,45143956914304,XXL,10881255,425.0,False,,https://kith.com/products/rhufw26sh03948-3041
8286729207936,Rhude Logo Track Short - Red / White,rhufw26sh03948-3041,Rhude,Shorts,45143956947072,XXXL,10881256,425.0,False,,https://kith.com/products/rhufw26sh03948-3041
8286729207936,Rhude Logo Track Short - Red / White,rhufw26sh03948-3041,Rhude,Shorts,45143956979840,4XL,10881257,425.0,False,,https://kith.com/products/rhufw26sh03948-3041
8286729240704,Rhude Logo Track Short - Black / Orange,rhufw26sh03948-2062,Rhude,Shorts,45143957012608,XXS,10881240,425.0,False,,https://kith.com/products/rhufw26sh03948-2062
8286729240704,Rhude Logo Track Short - Black / Orange,rhufw26sh03948-2062,Rhude,Shorts,45143957045376,XS,10881241,425.0,False,,https://kith.com/products/rhufw26sh03948-2062
8286729240704,Rhude Logo Track Short - Black / Orange,rhufw26sh03948-2062,Rhude,Shorts,45143957078144,S,8056633578678,425.0,True,,https://kith.com/products/rhufw26sh03948-2062
8286729240704,Rhude Logo Track Short - Black / Orange,rhufw26sh03948-2062,Rhude,Shorts,45143957110912,M,8056633578661,425.0,True,,https://kith.com/products/rhufw26sh03948-2062
8286729240704,Rhude Logo Track Short - Black / Orange,rhufw26sh03948-2062,Rhude,Shorts,45143957143680,L,8056633578654,425.0,True,,https://kith.com/products/rhufw26sh03948-2062
8286729240704,Rhude Logo Track Short - Black / Orange,rhufw26sh03948-2062,Rhude,Shorts,45143957176448,XL,8056633578692,425.0,True,,https://kith.com/products/rhufw26sh03948-2062
8286729240704,Rhude Logo Track Short - Black / Orange,rhufw26sh03948-2062,Rhude,Shorts,45143957209216,XXL,10881246,425.0,False,,https://kith.com/products/rhufw26sh03948-2062
8286729240704,Rhude Logo Track Short - Black / Orange,rhufw26sh03948-2062,Rhude,Shorts,45143957241984,XXXL,10881247,425.0,False,,https://kith.com/products/rhufw26sh03948-2062
8286729240704,Rhude Logo Track Short - Black / Orange,rhufw26sh03948-2062,Rhude,Shorts,45143957274752,4XL,10881248,425.0,False,,https://kith.com/products/rhufw26sh03948-2062
8286729339008,Rhude Logo Track Short - Baby Blue / Red,rhufw26sh03948-8631,Rhude,Shorts,45143957897344,XXS,10881258,425.0,False,,https://kith.com/products/rhufw26sh03948-8631
8286729339008,Rhude Logo Track Short - Baby Blue / Red,rhufw26sh03948-8631,Rhude,Shorts,45143957930112,XS,10881259,425.0,False,,https://kith.com/products/rhufw26sh03948-8631
8286729339008,Rhude Logo Track Short - Baby Blue / Red,rhufw26sh03948-8631,Rhude,Shorts,45143957962880,S,8056633578760,425.0,True,,https://kith.com/products/rhufw26sh03948-8631
8286729339008,Rhude Logo Track Short - Baby Blue / Red,rhufw26sh03948-8631,Rhude,Shorts,45143957995648,M,8056633578753,425.0,False,,https://kith.com/products/rhufw26sh03948-8631
8286729339008,Rhude Logo Track Short - Baby Blue / Red,rhufw26sh03948-8631,Rhude,Shorts,45143958028416,L,8056633578746,425.0,True,,https://kith.com/products/rhufw26sh03948-8631
8286729339008,Rhude Logo Track Short - Baby Blue / Red,rhufw26sh03948-8631,Rhude,Shorts,45143958061184,XL,8056633578784,425.0,True,,https://kith.com/products/rhufw26sh03948-8631
8286729339008,Rhude Logo Track Short - Baby Blue / Red,rhufw26sh03948-8631,Rhude,Shorts,45143958093952,XXL,10881264,425.0,False,,https://kith.com/products/rhufw26sh03948-8631
8286729339008,Rhude Logo Track Short - Baby Blue / Red,rhufw26sh03948-8631,Rhude,Shorts,45143958126720,XXXL,10881265,425.0,False,,https://kith.com/products/rhufw26sh03948-8631
8286729339008,Rhude Logo Track Short - Baby Blue / Red,rhufw26sh03948-8631,Rhude,Shorts,45143958159488,4XL,10881266,425.0,False,,https://kith.com/products/rhufw26sh03948-8631
8286729404544,Rhude Dinero Tee - Vintage Black / Yellow,rhufw26tt04012-6185,Rhude,Short Sleeve Tees,45143958519936,XXS,10881114,245.0,False,,https://kith.com/products/rhufw26tt04012-6185
8286729404544,Rhude Dinero Tee - Vintage Black / Yellow,rhufw26tt04012-6185,Rhude,Short Sleeve Tees,45143958552704,XS,10881115,245.0,False,,https://kith.com/products/rhufw26tt04012-6185
8286729404544,Rhude Dinero Tee - Vintage Black / Yellow,rhufw26tt04012-6185,Rhude,Short Sleeve Tees,45143958585472,S,10881116,245.0,True,,https://kith.com/products/rhufw26tt04012-6185
8286729404544,Rhude Dinero Tee - Vintage Black / Yellow,rhufw26tt04012-6185,Rhude,Short Sleeve Tees,45143958618240,M,10881117,245.0,True,,https://kith.com/products/rhufw26tt04012-6185
8286729404544,Rhude Dinero Tee - Vintage Black / Yellow,rhufw26tt04012-6185,Rhude,Short Sleeve Tees,45143958651008,L,10881118,245.0,True,,https://kith.com/products/rhufw26tt04012-6185
8286729404544,Rhude Dinero Tee - Vintage Black / Yellow,rhufw26tt04012-6185,Rhude,Short Sleeve Tees,45143958683776,XL,10881119,245.0,True,,https://kith.com/products/rhufw26tt04012-6185
8286729404544,Rhude Dinero Tee - Vintage Black / Yellow,rhufw26tt04012-6185,Rhude,Short Sleeve Tees,45143958716544,XXL,10881120,245.0,True,,https://kith.com/products/rhufw26tt04012-6185
8286729404544,Rhude Dinero Tee - Vintage Black / Yellow,rhufw26tt04012-6185,Rhude,Short Sleeve Tees,45143958749312,XXXL,10881121,245.0,False,,https://kith.com/products/rhufw26tt04012-6185
8286729404544,Rhude Dinero Tee - Vintage Black / Yellow,rhufw26tt04012-6185,Rhude,Short Sleeve Tees,45143958782080,4XL,10881122,245.0,False,,https://kith.com/products/rhufw26tt04012-6185
8286729502848,Rhude Dinero Hoodie - Vintage Black / Yellow,rhufw26ho08012-6185,Rhude,Hoodies,45143959109760,XXS,10881096,635.0,False,,https://kith.com/products/rhufw26ho08012-6185
8286729502848,Rhude Dinero Hoodie - Vintage Black / Yellow,rhufw26ho08012-6185,Rhude,Hoodies,45143959142528,XS,10881097,635.0,False,,https://kith.com/products/rhufw26ho08012-6185
8286729502848,Rhude Dinero Hoodie - Vintage Black / Yellow,rhufw26ho08012-6185,Rhude,Hoodies,45143959175296,S,8056633577190,635.0,True,,https://kith.com/products/rhufw26ho08012-6185
8286729502848,Rhude Dinero Hoodie - Vintage Black / Yellow,rhufw26ho08012-6185,Rhude,Hoodies,45143959208064,M,8056633577183,635.0,True,,https://kith.com/products/rhufw26ho08012-6185
8286729502848,Rhude Dinero Hoodie - Vintage Black / Yellow,rhufw26ho08012-6185,Rhude,Hoodies,45143959240832,L,8056633577176,635.0,True,,https://kith.com/products/rhufw26ho08012-6185
8286729502848,Rhude Dinero Hoodie - Vintage Black / Yellow,rhufw26ho08012-6185,Rhude,Hoodies,45143959273600,XL,8056633577213,635.0,True,,https://kith.com/products/rhufw26ho08012-6185
8286729502848,Rhude Dinero Hoodie - Vintage Black / Yellow,rhufw26ho08012-6185,Rhude,Hoodies,45143959306368,XXL,10881102,635.0,False,,https://kith.com/products/rhufw26ho08012-6185
8286729502848,Rhude Dinero Hoodie - Vintage Black / Yellow,rhufw26ho08012-6185,Rhude,Hoodies,45143959339136,XXXL,10881103,635.0,False,,https://kith.com/products/rhufw26ho08012-6185
8286729502848,Rhude Dinero Hoodie - Vintage Black / Yellow,rhufw26ho08012-6185,Rhude,Hoodies,45143959371904,4XL,10881104,635.0,False,,https://kith.com/products/rhufw26ho08012-6185
8286729273472,Rhude Desert Crest Tee - Vintage White / Silver,rhufw26tt02012-8608,Rhude,Short Sleeve Tees,45143957307520,XXS,10881150,245.0,False,,https://kith.com/products/rhufw26tt02012-8608
8286729273472,Rhude Desert Crest Tee - Vintage White / Silver,rhufw26tt02012-8608,Rhude,Short Sleeve Tees,45143957340288,XS,10881151,245.0,False,,https://kith.com/products/rhufw26tt02012-8608
8286729273472,Rhude Desert Crest Tee - Vintage White / Silver,rhufw26tt02012-8608,Rhude,Short Sleeve Tees,45143957373056,S,8056633579293,245.0,True,,https://kith.com/products/rhufw26tt02012-8608
8286729273472,Rhude Desert Crest Tee - Vintage White / Silver,rhufw26tt02012-8608,Rhude,Short Sleeve Tees,45143957405824,M,8056633579286,245.0,True,,https://kith.com/products/rhufw26tt02012-8608
8286729273472,Rhude Desert Crest Tee - Vintage White / Silver,rhufw26tt02012-8608,Rhude,Short Sleeve Tees,45143957438592,L,8056633579279,245.0,True,,https://kith.com/products/rhufw26tt02012-8608
8286729273472,Rhude Desert Crest Tee - Vintage White / Silver,rhufw26tt02012-8608,Rhude,Short Sleeve Tees,45143957471360,XL,8056633579316,245.0,True,,https://kith.com/products/rhufw26tt02012-8608
8286729273472,Rhude Desert Crest Tee - Vintage White / Silver,rhufw26tt02012-8608,Rhude,Short Sleeve Tees,45143957504128,XXL,8056633579309,245.0,True,,https://kith.com/products/rhufw26tt02012-8608
8286729273472,Rhude Desert Crest Tee - Vintage White / Silver,rhufw26tt02012-8608,Rhude,Short Sleeve Tees,45143957536896,XXXL,10881157,245.0,False,,https://kith.com/products/rhufw26tt02012-8608
8286729273472,Rhude Desert Crest Tee - Vintage White / Silver,rhufw26tt02012-8608,Rhude,Short Sleeve Tees,45143957569664,4XL,10881158,245.0,False,,https://kith.com/products/rhufw26tt02012-8608
8286729568384,Rhude Desert Crest Tee - Vintage Black / Silver,rhufw26tt02012-6505,Rhude,Short Sleeve Tees,45143959699584,XXS,10881141,245.0,False,,https://kith.com/products/rhufw26tt02012-6505
8286729568384,Rhude Desert Crest Tee - Vintage Black / Silver,rhufw26tt02012-6505,Rhude,Short Sleeve Tees,45143959732352,XS,10881142,245.0,False,,https://kith.com/products/rhufw26tt02012-6505
8286729568384,Rhude Desert Crest Tee - Vintage Black / Silver,rhufw26tt02012-6505,Rhude,Short Sleeve Tees,45143959765120,S,8056633579248,245.0,True,,https://kith.com/products/rhufw26tt02012-6505
8286729568384,Rhude Desert Crest Tee - Vintage Black / Silver,rhufw26tt02012-6505,Rhude,Short Sleeve Tees,45143959797888,M,8056633579231,245.0,True,,https://kith.com/products/rhufw26tt02012-6505
8286729568384,Rhude Desert Crest Tee - Vintage Black / Silver,rhufw26tt02012-6505,Rhude,Short Sleeve Tees,45143959830656,L,8056633579224,245.0,True,,https://kith.com/products/rhufw26tt02012-6505
8286729568384,Rhude Desert Crest Tee - Vintage Black / Silver,rhufw26tt02012-6505,Rhude,Short Sleeve Tees,45143959863424,XL,8056633579262,245.0,True,,https://kith.com/products/rhufw26tt02012-6505
8286729568384,Rhude Desert Crest Tee - Vintage Black / Silver,rhufw26tt02012-6505,Rhude,Short Sleeve Tees,45143959896192,XXL,8056633579255,245.0,True,,https://kith.com/products/rhufw26tt02012-6505
8286729568384,Rhude Desert Crest Tee - Vintage Black / Silver,rhufw26tt02012-6505,Rhude,Short Sleeve Tees,45143959928960,XXXL,10881148,245.0,False,,https://kith.com/products/rhufw26tt02012-6505
8286729568384,Rhude Desert Crest Tee - Vintage Black / Silver,rhufw26tt02012-6505,Rhude,Short Sleeve Tees,45143959961728,4XL,10881149,245.0,False,,https://kith.com/products/rhufw26tt02012-6505
8286731370624,Rhude Chenille Patch Logo Hoodie - Washed Olive / Black,rhupf26ho12012-6509,Rhude,Hoodies,45143970676864,XXS,10874891,795.0,False,,https://kith.com/products/rhupf26ho12012-6509
8286731370624,Rhude Chenille Patch Logo Hoodie - Washed Olive / Black,rhupf26ho12012-6509,Rhude,Hoodies,45143970709632,XS,10874892,795.0,False,,https://kith.com/products/rhupf26ho12012-6509
8286731370624,Rhude Chenille Patch Logo Hoodie - Washed Olive / Black,rhupf26ho12012-6509,Rhude,Hoodies,45143970742400,S,8055594832379,795.0,True,,https://kith.com/products/rhupf26ho12012-6509
8286731370624,Rhude Chenille Patch Logo Hoodie - Washed Olive / Black,rhupf26ho12012-6509,Rhude,Hoodies,45143970775168,M,8055594832362,795.0,True,,https://kith.com/products/rhupf26ho12012-6509
8286731370624,Rhude Chenille Patch Logo Hoodie - Washed Olive / Black,rhupf26ho12012-6509,Rhude,Hoodies,45143970807936,L,8055594832355,795.0,True,,https://kith.com/products/rhupf26ho12012-6509
8286731370624,Rhude Chenille Patch Logo Hoodie - Washed Olive / Black,rhupf26ho12012-6509,Rhude,Hoodies,45143970840704,XL,8055594832393,795.0,True,,https://kith.com/products/rhupf26ho12012-6509
8286731370624,Rhude Chenille Patch Logo Hoodie - Washed Olive / Black,rhupf26ho12012-6509,Rhude,Hoodies,45143970873472,XXL,10874897,795.0,False,,https://kith.com/products/rhupf26ho12012-6509
8286731370624,Rhude Chenille Patch Logo Hoodie - Washed Olive / Black,rhupf26ho12012-6509,Rhude,Hoodies,45143970906240,XXXL,10874898,795.0,False,,https://kith.com/products/rhupf26ho12012-6509
8286731370624,Rhude Chenille Patch Logo Hoodie - Washed Olive / Black,rhupf26ho12012-6509,Rhude,Hoodies,45143970939008,4XL,10874899,795.0,False,,https://kith.com/products/rhupf26ho12012-6509
8286729306240,Rhude Automobile Club Tee - Vintage White / Red,rhufw26tt07012-8607,Rhude,Short Sleeve Tees,45143957602432,XXS,10881222,245.0,False,,https://kith.com/products/rhufw26tt07012-8607
8286729306240,Rhude Automobile Club Tee - Vintage White / Red,rhufw26tt07012-8607,Rhude,Short Sleeve Tees,45143957635200,XS,10881223,245.0,False,,https://kith.com/products/rhufw26tt07012-8607
8286729306240,Rhude Automobile Club Tee - Vintage White / Red,rhufw26tt07012-8607,Rhude,Short Sleeve Tees,45143957667968,S,8056633579705,245.0,True,,https://kith.com/products/rhufw26tt07012-8607
8286729306240,Rhude Automobile Club Tee - Vintage White / Red,rhufw26tt07012-8607,Rhude,Short Sleeve Tees,45143957700736,M,8056633579699,245.0,True,,https://kith.com/products/rhufw26tt07012-8607
8286729306240,Rhude Automobile Club Tee - Vintage White / Red,rhufw26tt07012-8607,Rhude,Short Sleeve Tees,45143957733504,L,8056633579682,245.0,True,,https://kith.com/products/rhufw26tt07012-8607
8286729306240,Rhude Automobile Club Tee - Vintage White / Red,rhufw26tt07012-8607,Rhude,Short Sleeve Tees,45143957766272,XL,8056633579729,245.0,True,,https://kith.com/products/rhufw26tt07012-8607
8286729306240,Rhude Automobile Club Tee - Vintage White / Red,rhufw26tt07012-8607,Rhude,Short Sleeve Tees,45143957799040,XXL,10881228,245.0,False,,https://kith.com/products/rhufw26tt07012-8607
8286729306240,Rhude Automobile Club Tee - Vintage White / Red,rhufw26tt07012-8607,Rhude,Short Sleeve Tees,45143957831808,XXXL,10881229,245.0,False,,https://kith.com/products/rhufw26tt07012-8607
8286729306240,Rhude Automobile Club Tee - Vintage White / Red,rhufw26tt07012-8607,Rhude,Short Sleeve Tees,45143957864576,4XL,10881230,245.0,False,,https://kith.com/products/rhufw26tt07012-8607
8286729371776,Rhude Automobile Club Tee - Vintage Black / Red,rhufw26tt07012-6195,Rhude,Short Sleeve Tees,45143958192256,XXS,10881213,245.0,False,,https://kith.com/products/rhufw26tt07012-6195
8286729371776,Rhude Automobile Club Tee - Vintage Black / Red,rhufw26tt07012-6195,Rhude,Short Sleeve Tees,45143958225024,XS,10881214,245.0,False,,https://kith.com/products/rhufw26tt07012-6195
8286729371776,Rhude Automobile Club Tee - Vintage Black / Red,rhufw26tt07012-6195,Rhude,Short Sleeve Tees,45143958257792,S,10881215,245.0,True,,https://kith.com/products/rhufw26tt07012-6195
8286729371776,Rhude Automobile Club Tee - Vintage Black / Red,rhufw26tt07012-6195,Rhude,Short Sleeve Tees,45143958290560,M,10881216,245.0,True,,https://kith.com/products/rhufw26tt07012-6195
8286729371776,Rhude Automobile Club Tee - Vintage Black / Red,rhufw26tt07012-6195,Rhude,Short Sleeve Tees,45143958323328,L,10881217,245.0,True,,https://kith.com/products/rhufw26tt07012-6195
8286729371776,Rhude Automobile Club Tee - Vintage Black / Red,rhufw26tt07012-6195,Rhude,Short Sleeve Tees,45143958356096,XL,10881218,245.0,True,,https://kith.com/products/rhufw26tt07012-6195
8286729371776,Rhude Automobile Club Tee - Vintage Black / Red,rhufw26tt07012-6195,Rhude,Short Sleeve Tees,45143958388864,XXL,10881219,245.0,False,,https://kith.com/products/rhufw26tt07012-6195
8286729371776,Rhude Automobile Club Tee - Vintage Black / Red,rhufw26tt07012-6195,Rhude,Short Sleeve Tees,45143958421632,XXXL,10881220,245.0,False,,https://kith.com/products/rhufw26tt07012-6195
8286729371776,Rhude Automobile Club Tee - Vintage Black / Red,rhufw26tt07012-6195,Rhude,Short Sleeve Tees,45143958454400,4XL,10881221,245.0,False,,https://kith.com/products/rhufw26tt07012-6195
8286729076864,Rhude Al-Qahirah Souvenir Hat - Baby Blue / Red,rhufw26ha01745-8631,Rhude,Fitted Caps,45143956062336,OS,8056633576803,330.0,False,,https://kith.com/products/rhufw26ha01745-8631
8286731567232,R13 Shredded Seam Drop Neck Shirt - Dipped Brown Leopard,r13wr075-r920b,R13,Button Up Shirts,45143972151424,XXS,12838531,745.0,False,,https://kith.com/products/r13wr075-r920b
8286731567232,R13 Shredded Seam Drop Neck Shirt - Dipped Brown Leopard,r13wr075-r920b,R13,Button Up Shirts,45143972184192,XS,197075370852,745.0,True,,https://kith.com/products/r13wr075-r920b
8286731567232,R13 Shredded Seam Drop Neck Shirt - Dipped Brown Leopard,r13wr075-r920b,R13,Button Up Shirts,45143972216960,S,197075370838,745.0,True,,https://kith.com/products/r13wr075-r920b
8286731567232,R13 Shredded Seam Drop Neck Shirt - Dipped Brown Leopard,r13wr075-r920b,R13,Button Up Shirts,45143972249728,M,197075370821,745.0,False,,https://kith.com/products/r13wr075-r920b
8286731567232,R13 Shredded Seam Drop Neck Shirt - Dipped Brown Leopard,r13wr075-r920b,R13,Button Up Shirts,45143972282496,L,12838535,745.0,False,,https://kith.com/products/r13wr075-r920b
8286731567232,R13 Shredded Seam Drop Neck Shirt - Dipped Brown Leopard,r13wr075-r920b,R13,Button Up Shirts,45143972315264,XL,12838536,745.0,False,,https://kith.com/products/r13wr075-r920b
8286731567232,R13 Shredded Seam Drop Neck Shirt - Dipped Brown Leopard,r13wr075-r920b,R13,Button Up Shirts,45143972348032,XXL,12838537,745.0,False,,https://kith.com/products/r13wr075-r920b
8286731567232,R13 Shredded Seam Drop Neck Shirt - Dipped Brown Leopard,r13wr075-r920b,R13,Button Up Shirts,45143972380800,XXXL,12838538,745.0,False,,https://kith.com/products/r13wr075-r920b
8286731567232,R13 Shredded Seam Drop Neck Shirt - Dipped Brown Leopard,r13wr075-r920b,R13,Button Up Shirts,45143972413568,4XL,12838539,745.0,False,,https://kith.com/products/r13wr075-r920b
8286731436160,R13 Janine Jean - Bowery Indigo,r13wd237-d457a,R13,Jeans,45143970971776,23,12838571,795.0,False,,https://kith.com/products/r13wd237-d457a
8286731436160,R13 Janine Jean - Bowery Indigo,r13wd237-d457a,R13,Jeans,45143971004544,24,12838572,795.0,False,,https://kith.com/products/r13wd237-d457a
8286731436160,R13 Janine Jean - Bowery Indigo,r13wd237-d457a,R13,Jeans,45143971037312,25,197075361607,795.0,True,,https://kith.com/products/r13wd237-d457a
8286731436160,R13 Janine Jean - Bowery Indigo,r13wd237-d457a,R13,Jeans,45143971070080,26,197075361614,795.0,True,,https://kith.com/products/r13wd237-d457a
8286731436160,R13 Janine Jean - Bowery Indigo,r13wd237-d457a,R13,Jeans,45143971102848,27,197075361621,795.0,True,,https://kith.com/products/r13wd237-d457a
8286731436160,R13 Janine Jean - Bowery Indigo,r13wd237-d457a,R13,Jeans,45143971135616,28,12838576,795.0,False,,https://kith.com/products/r13wd237-d457a
8286731436160,R13 Janine Jean - Bowery Indigo,r13wd237-d457a,R13,Jeans,45143971168384,29,12838577,795.0,False,,https://kith.com/products/r13wd237-d457a
8286731436160,R13 Janine Jean - Bowery Indigo,r13wd237-d457a,R13,Jeans,45143971201152,30,12838578,795.0,False,,https://kith.com/products/r13wd237-d457a
8286731436160,R13 Janine Jean - Bowery Indigo,r13wd237-d457a,R13,Jeans,45143971233920,31,12838579,795.0,False,,https://kith.com/products/r13wd237-d457a
8286731436160,R13 Janine Jean - Bowery Indigo,r13wd237-d457a,R13,Jeans,45143971266688,32,12838580,795.0,False,,https://kith.com/products/r13wd237-d457a
8286731436160,R13 Janine Jean - Bowery Indigo,r13wd237-d457a,R13,Jeans,45143971299456,33,12838581,795.0,False,,https://kith.com/products/r13wd237-d457a
8286738841728,Orlebar Brown Relaxed Fit Silk Passetto Shirt - Night Iris,orl282483-nit,Orlebar Brown,Button Up Shirts,45144035852416,XXS,12863360,895.0,False,,https://kith.com/products/orl282483-nit
8286738841728,Orlebar Brown Relaxed Fit Silk Passetto Shirt - Night Iris,orl282483-nit,Orlebar Brown,Button Up Shirts,45144035885184,XS,12863361,895.0,False,,https://kith.com/products/orl282483-nit
8286738841728,Orlebar Brown Relaxed Fit Silk Passetto Shirt - Night Iris,orl282483-nit,Orlebar Brown,Button Up Shirts,45144035917952,S,12863362,895.0,False,,https://kith.com/products/orl282483-nit
8286738841728,Orlebar Brown Relaxed Fit Silk Passetto Shirt - Night Iris,orl282483-nit,Orlebar Brown,Button Up Shirts,45144035950720,M,5056325438030,895.0,False,,https://kith.com/products/orl282483-nit
8286738841728,Orlebar Brown Relaxed Fit Silk Passetto Shirt - Night Iris,orl282483-nit,Orlebar Brown,Button Up Shirts,45144035983488,L,5056325438023,895.0,True,,https://kith.com/products/orl282483-nit
8286738841728,Orlebar Brown Relaxed Fit Silk Passetto Shirt - Night Iris,orl282483-nit,Orlebar Brown,Button Up Shirts,45144036016256,XL,5056325438054,895.0,True,,https://kith.com/products/orl282483-nit
8286738841728,Orlebar Brown Relaxed Fit Silk Passetto Shirt - Night Iris,orl282483-nit,Orlebar Brown,Button Up Shirts,45144036049024,XXL,12863366,895.0,False,,https://kith.com/products/orl282483-nit
8286738841728,Orlebar Brown Relaxed Fit Silk Passetto Shirt - Night Iris,orl282483-nit,Orlebar Brown,Button Up Shirts,45144036081792,XXXL,12863367,895.0,False,,https://kith.com/products/orl282483-nit
8286738841728,Orlebar Brown Relaxed Fit Silk Passetto Shirt - Night Iris,orl282483-nit,Orlebar Brown,Button Up Shirts,45144036114560,4XL,12863368,895.0,False,,https://kith.com/products/orl282483-nit
8286738874496,Orlebar Brown Relaxed Fit Passetto Print Shirt - Vermillion,orl282482-ver,Orlebar Brown,Button Up Shirts,45144036147328,XXS,12863342,395.0,False,,https://kith.com/products/orl282482-ver
8286738874496,Orlebar Brown Relaxed Fit Passetto Print Shirt - Vermillion,orl282482-ver,Orlebar Brown,Button Up Shirts,45144036180096,XS,12863343,395.0,False,,https://kith.com/products/orl282482-ver
8286738874496,Orlebar Brown Relaxed Fit Passetto Print Shirt - Vermillion,orl282482-ver,Orlebar Brown,Button Up Shirts,45144036212864,S,5056325437903,395.0,False,,https://kith.com/products/orl282482-ver
8286738874496,Orlebar Brown Relaxed Fit Passetto Print Shirt - Vermillion,orl282482-ver,Orlebar Brown,Button Up Shirts,45144036245632,M,5056325437897,395.0,True,,https://kith.com/products/orl282482-ver
8286738874496,Orlebar Brown Relaxed Fit Passetto Print Shirt - Vermillion,orl282482-ver,Orlebar Brown,Button Up Shirts,45144036278400,L,5056325437880,395.0,True,,https://kith.com/products/orl282482-ver
8286738874496,Orlebar Brown Relaxed Fit Passetto Print Shirt - Vermillion,orl282482-ver,Orlebar Brown,Button Up Shirts,45144036311168,XL,5056325437910,395.0,True,,https://kith.com/products/orl282482-ver
8286738874496,Orlebar Brown Relaxed Fit Passetto Print Shirt - Vermillion,orl282482-ver,Orlebar Brown,Button Up Shirts,45144036343936,XXL,12863348,395.0,False,,https://kith.com/products/orl282482-ver
8286738874496,Orlebar Brown Relaxed Fit Passetto Print Shirt - Vermillion,orl282482-ver,Orlebar Brown,Button Up Shirts,45144036376704,XXXL,12863349,395.0,False,,https://kith.com/products/orl282482-ver
8286738874496,Orlebar Brown Relaxed Fit Passetto Print Shirt - Vermillion,orl282482-ver,Orlebar Brown,Button Up Shirts,45144036409472,4XL,12863350,395.0,False,,https://kith.com/products/orl282482-ver
8286738808960,Orlebar Brown Relaxed Fit Paisley Embroidery Shirt - White Sand / Vermillion,orl282471-wht,Orlebar Brown,Button Up Shirts,45144035557504,XXS,12863324,595.0,False,,https://kith.com/products/orl282471-wht
8286738808960,Orlebar Brown Relaxed Fit Paisley Embroidery Shirt - White Sand / Vermillion,orl282471-wht,Orlebar Brown,Button Up Shirts,45144035590272,XS,12863325,595.0,False,,https://kith.com/products/orl282471-wht
8286738808960,Orlebar Brown Relaxed Fit Paisley Embroidery Shirt - White Sand / Vermillion,orl282471-wht,Orlebar Brown,Button Up Shirts,45144035623040,S,5056325437767,595.0,False,,https://kith.com/products/orl282471-wht
8286738808960,Orlebar Brown Relaxed Fit Paisley Embroidery Shirt - White Sand / Vermillion,orl282471-wht,Orlebar Brown,Button Up Shirts,45144035655808,M,5056325437750,595.0,True,,https://kith.com/products/orl282471-wht
8286738808960,Orlebar Brown Relaxed Fit Paisley Embroidery Shirt - White Sand / Vermillion,orl282471-wht,Orlebar Brown,Button Up Shirts,45144035688576,L,5056325437743,595.0,True,,https://kith.com/products/orl282471-wht
8286738808960,Orlebar Brown Relaxed Fit Paisley Embroidery Shirt - White Sand / Vermillion,orl282471-wht,Orlebar Brown,Button Up Shirts,45144035721344,XL,5056325437774,595.0,True,,https://kith.com/products/orl282471-wht
8286738808960,Orlebar Brown Relaxed Fit Paisley Embroidery Shirt - White Sand / Vermillion,orl282471-wht,Orlebar Brown,Button Up Shirts,45144035754112,XXL,12863330,595.0,False,,https://kith.com/products/orl282471-wht
8286738808960,Orlebar Brown Relaxed Fit Paisley Embroidery Shirt - White Sand / Vermillion,orl282471-wht,Orlebar Brown,Button Up Shirts,45144035786880,XXXL,12863331,595.0,False,,https://kith.com/products/orl282471-wht
8286738808960,Orlebar Brown Relaxed Fit Paisley Embroidery Shirt - White Sand / Vermillion,orl282471-wht,Orlebar Brown,Button Up Shirts,45144035819648,4XL,12863332,595.0,False,,https://kith.com/products/orl282471-wht
8286739038336,Orlebar Brown Relaxed Fit Broderie Anglaise Shirt - Night Iris,orl282518-nit,Orlebar Brown,Button Up Shirts,45144037884032,XXS,12863270,895.0,False,,https://kith.com/products/orl282518-nit
8286739038336,Orlebar Brown Relaxed Fit Broderie Anglaise Shirt - Night Iris,orl282518-nit,Orlebar Brown,Button Up Shirts,45144037916800,XS,12863271,895.0,False,,https://kith.com/products/orl282518-nit
8286739038336,Orlebar Brown Relaxed Fit Broderie Anglaise Shirt - Night Iris,orl282518-nit,Orlebar Brown,Button Up Shirts,45144037949568,S,12863272,895.0,False,,https://kith.com/products/orl282518-nit
8286739038336,Orlebar Brown Relaxed Fit Broderie Anglaise Shirt - Night Iris,orl282518-nit,Orlebar Brown,Button Up Shirts,45144037982336,M,5056325440712,895.0,False,,https://kith.com/products/orl282518-nit
8286739038336,Orlebar Brown Relaxed Fit Broderie Anglaise Shirt - Night Iris,orl282518-nit,Orlebar Brown,Button Up Shirts,45144038015104,L,5056325440705,895.0,True,,https://kith.com/products/orl282518-nit
8286739038336,Orlebar Brown Relaxed Fit Broderie Anglaise Shirt - Night Iris,orl282518-nit,Orlebar Brown,Button Up Shirts,45144038047872,XL,5056325440736,895.0,True,,https://kith.com/products/orl282518-nit
8286739038336,Orlebar Brown Relaxed Fit Broderie Anglaise Shirt - Night Iris,orl282518-nit,Orlebar Brown,Button Up Shirts,45144038080640,XXL,12863276,895.0,False,,https://kith.com/products/orl282518-nit
8286739038336,Orlebar Brown Relaxed Fit Broderie Anglaise Shirt - Night Iris,orl282518-nit,Orlebar Brown,Button Up Shirts,45144038113408,XXXL,12863277,895.0,False,,https://kith.com/products/orl282518-nit
8286739038336,Orlebar Brown Relaxed Fit Broderie Anglaise Shirt - Night Iris,orl282518-nit,Orlebar Brown,Button Up Shirts,45144038146176,4XL,12863278,895.0,False,,https://kith.com/products/orl282518-nit
8286738776192,Orlebar Brown OB-T Linen Tailored Fit Crewneck Tee - Black,orl266691-blk,Orlebar Brown,Short Sleeve Tees,45144035262592,XXS,12863369,225.0,False,,https://kith.com/products/orl266691-blk
8286738776192,Orlebar Brown OB-T Linen Tailored Fit Crewneck Tee - Black,orl266691-blk,Orlebar Brown,Short Sleeve Tees,45144035295360,XS,12863370,225.0,False,,https://kith.com/products/orl266691-blk
8286738776192,Orlebar Brown OB-T Linen Tailored Fit Crewneck Tee - Black,orl266691-blk,Orlebar Brown,Short Sleeve Tees,45144035328128,S,5056128636749,225.0,True,,https://kith.com/products/orl266691-blk
8286738776192,Orlebar Brown OB-T Linen Tailored Fit Crewneck Tee - Black,orl266691-blk,Orlebar Brown,Short Sleeve Tees,45144035360896,M,5056128636732,225.0,True,,https://kith.com/products/orl266691-blk
8286738776192,Orlebar Brown OB-T Linen Tailored Fit Crewneck Tee - Black,orl266691-blk,Orlebar Brown,Short Sleeve Tees,45144035393664,L,5056128636725,225.0,True,,https://kith.com/products/orl266691-blk
8286738776192,Orlebar Brown OB-T Linen Tailored Fit Crewneck Tee - Black,orl266691-blk,Orlebar Brown,Short Sleeve Tees,45144035426432,XL,5056128636756,225.0,True,,https://kith.com/products/orl266691-blk
8286738776192,Orlebar Brown OB-T Linen Tailored Fit Crewneck Tee - Black,orl266691-blk,Orlebar Brown,Short Sleeve Tees,45144035459200,XXL,12863375,225.0,False,,https://kith.com/products/orl266691-blk
8286738776192,Orlebar Brown OB-T Linen Tailored Fit Crewneck Tee - Black,orl266691-blk,Orlebar Brown,Short Sleeve Tees,45144035491968,XXXL,12863376,225.0,False,,https://kith.com/products/orl266691-blk
8286738776192,Orlebar Brown OB-T Linen Tailored Fit Crewneck Tee - Black,orl266691-blk,Orlebar Brown,Short Sleeve Tees,45144035524736,4XL,12863377,225.0,False,,https://kith.com/products/orl266691-blk
8286739169408,Orlebar Brown Maitan Relaxed Fit Silk Fairground Shirt - Multi / Blue,orl282472-multi,Orlebar Brown,Button Up Shirts,45144039194752,XXS,12863351,895.0,False,,https://kith.com/products/orl282472-multi
8286739169408,Orlebar Brown Maitan Relaxed Fit Silk Fairground Shirt - Multi / Blue,orl282472-multi,Orlebar Brown,Button Up Shirts,45144039227520,XS,12863352,895.0,False,,https://kith.com/products/orl282472-multi
8286739169408,Orlebar Brown Maitan Relaxed Fit Silk Fairground Shirt - Multi / Blue,orl282472-multi,Orlebar Brown,Button Up Shirts,45144039260288,S,12863353,895.0,False,,https://kith.com/products/orl282472-multi
8286739169408,Orlebar Brown Maitan Relaxed Fit Silk Fairground Shirt - Multi / Blue,orl282472-multi,Orlebar Brown,Button Up Shirts,45144039293056,M,5056325437965,895.0,False,,https://kith.com/products/orl282472-multi
8286739169408,Orlebar Brown Maitan Relaxed Fit Silk Fairground Shirt - Multi / Blue,orl282472-multi,Orlebar Brown,Button Up Shirts,45144039325824,L,5056325437958,895.0,True,,https://kith.com/products/orl282472-multi
8286739169408,Orlebar Brown Maitan Relaxed Fit Silk Fairground Shirt - Multi / Blue,orl282472-multi,Orlebar Brown,Button Up Shirts,45144039358592,XL,5056325437989,895.0,True,,https://kith.com/products/orl282472-multi
8286739169408,Orlebar Brown Maitan Relaxed Fit Silk Fairground Shirt - Multi / Blue,orl282472-multi,Orlebar Brown,Button Up Shirts,45144039391360,XXL,12863357,895.0,False,,https://kith.com/products/orl282472-multi
8286739169408,Orlebar Brown Maitan Relaxed Fit Silk Fairground Shirt - Multi / Blue,orl282472-multi,Orlebar Brown,Button Up Shirts,45144039424128,XXXL,12863358,895.0,False,,https://kith.com/products/orl282472-multi
8286739169408,Orlebar Brown Maitan Relaxed Fit Silk Fairground Shirt - Multi / Blue,orl282472-multi,Orlebar Brown,Button Up Shirts,45144039456896,4XL,12863359,895.0,False,,https://kith.com/products/orl282472-multi
8286739267712,Orlebar Brown Maitan Relaxed Fit Passetto Print Shirt - Bayleaf Green,orl282481-grn,Orlebar Brown,Button Up Shirts,45144040079488,XXS,12863333,395.0,False,,https://kith.com/products/orl282481-grn
8286739267712,Orlebar Brown Maitan Relaxed Fit Passetto Print Shirt - Bayleaf Green,orl282481-grn,Orlebar Brown,Button Up Shirts,45144040112256,XS,12863334,395.0,False,,https://kith.com/products/orl282481-grn
8286739267712,Orlebar Brown Maitan Relaxed Fit Passetto Print Shirt - Bayleaf Green,orl282481-grn,Orlebar Brown,Button Up Shirts,45144040145024,S,5056325437835,395.0,True,,https://kith.com/products/orl282481-grn
8286739267712,Orlebar Brown Maitan Relaxed Fit Passetto Print Shirt - Bayleaf Green,orl282481-grn,Orlebar Brown,Button Up Shirts,45144040177792,M,5056325437828,395.0,True,,https://kith.com/products/orl282481-grn
8286739267712,Orlebar Brown Maitan Relaxed Fit Passetto Print Shirt - Bayleaf Green,orl282481-grn,Orlebar Brown,Button Up Shirts,45144040210560,L,5056325437811,395.0,True,,https://kith.com/products/orl282481-grn
8286739267712,Orlebar Brown Maitan Relaxed Fit Passetto Print Shirt - Bayleaf Green,orl282481-grn,Orlebar Brown,Button Up Shirts,45144040243328,XL,5056325437842,395.0,True,,https://kith.com/products/orl282481-grn
8286739267712,Orlebar Brown Maitan Relaxed Fit Passetto Print Shirt - Bayleaf Green,orl282481-grn,Orlebar Brown,Button Up Shirts,45144040276096,XXL,12863339,395.0,False,,https://kith.com/products/orl282481-grn
8286739267712,Orlebar Brown Maitan Relaxed Fit Passetto Print Shirt - Bayleaf Green,orl282481-grn,Orlebar Brown,Button Up Shirts,45144040308864,XXXL,12863340,395.0,False,,https://kith.com/products/orl282481-grn
8286739267712,Orlebar Brown Maitan Relaxed Fit Passetto Print Shirt - Bayleaf Green,orl282481-grn,Orlebar Brown,Button Up Shirts,45144040341632,4XL,12863341,395.0,False,,https://kith.com/products/orl282481-grn
8286739759232,Orlebar Brown Maitan Relaxed Fit Linen Fairground Shirt - Multi / Vermillion,orl282468-multi,Orlebar Brown,Button Up Shirts,45144045748352,XXS,12863297,525.0,False,,https://kith.com/products/orl282468-multi
8286739759232,Orlebar Brown Maitan Relaxed Fit Linen Fairground Shirt - Multi / Vermillion,orl282468-multi,Orlebar Brown,Button Up Shirts,45144045781120,XS,12863298,525.0,False,,https://kith.com/products/orl282468-multi
8286739759232,Orlebar Brown Maitan Relaxed Fit Linen Fairground Shirt - Multi / Vermillion,orl282468-multi,Orlebar Brown,Button Up Shirts,45144045813888,S,5056325437484,525.0,False,,https://kith.com/products/orl282468-multi
8286739759232,Orlebar Brown Maitan Relaxed Fit Linen Fairground Shirt - Multi / Vermillion,orl282468-multi,Orlebar Brown,Button Up Shirts,45144045846656,M,5056325437477,525.0,True,,https://kith.com/products/orl282468-multi
8286739759232,Orlebar Brown Maitan Relaxed Fit Linen Fairground Shirt - Multi / Vermillion,orl282468-multi,Orlebar Brown,Button Up Shirts,45144045879424,L,5056325437460,525.0,True,,https://kith.com/products/orl282468-multi
8286739759232,Orlebar Brown Maitan Relaxed Fit Linen Fairground Shirt - Multi / Vermillion,orl282468-multi,Orlebar Brown,Button Up Shirts,45144045912192,XL,5056325437491,525.0,True,,https://kith.com/products/orl282468-multi
8286739759232,Orlebar Brown Maitan Relaxed Fit Linen Fairground Shirt - Multi / Vermillion,orl282468-multi,Orlebar Brown,Button Up Shirts,45144045944960,XXL,12863303,525.0,False,,https://kith.com/products/orl282468-multi
8286739759232,Orlebar Brown Maitan Relaxed Fit Linen Fairground Shirt - Multi / Vermillion,orl282468-multi,Orlebar Brown,Button Up Shirts,45144045977728,XXXL,12863304,525.0,False,,https://kith.com/products/orl282468-multi
8286739759232,Orlebar Brown Maitan Relaxed Fit Linen Fairground Shirt - Multi / Vermillion,orl282468-multi,Orlebar Brown,Button Up Shirts,45144046010496,4XL,12863305,525.0,False,,https://kith.com/products/orl282468-multi
8286739071104,Orlebar Brown Maitan Relaxed Fit Embroidered Seersucker Shirt - Night Iris,orl282466-nit,Orlebar Brown,Button Up Shirts,45144038178944,XXS,12863252,395.0,False,,https://kith.com/products/orl282466-nit
8286739071104,Orlebar Brown Maitan Relaxed Fit Embroidered Seersucker Shirt - Night Iris,orl282466-nit,Orlebar Brown,Button Up Shirts,45144038211712,XS,12863253,395.0,False,,https://kith.com/products/orl282466-nit
8286739071104,Orlebar Brown Maitan Relaxed Fit Embroidered Seersucker Shirt - Night Iris,orl282466-nit,Orlebar Brown,Button Up Shirts,45144038244480,S,5056325437279,395.0,False,,https://kith.com/products/orl282466-nit
8286739071104,Orlebar Brown Maitan Relaxed Fit Embroidered Seersucker Shirt - Night Iris,orl282466-nit,Orlebar Brown,Button Up Shirts,45144038277248,M,5056325437262,395.0,True,,https://kith.com/products/orl282466-nit
8286739071104,Orlebar Brown Maitan Relaxed Fit Embroidered Seersucker Shirt - Night Iris,orl282466-nit,Orlebar Brown,Button Up Shirts,45144038310016,L,5056325437255,395.0,True,,https://kith.com/products/orl282466-nit
8286739071104,Orlebar Brown Maitan Relaxed Fit Embroidered Seersucker Shirt - Night Iris,orl282466-nit,Orlebar Brown,Button Up Shirts,45144038342784,XL,5056325437286,395.0,True,,https://kith.com/products/orl282466-nit
8286739071104,Orlebar Brown Maitan Relaxed Fit Embroidered Seersucker Shirt - Night Iris,orl282466-nit,Orlebar Brown,Button Up Shirts,45144038375552,XXL,12863258,395.0,False,,https://kith.com/products/orl282466-nit
8286739071104,Orlebar Brown Maitan Relaxed Fit Embroidered Seersucker Shirt - Night Iris,orl282466-nit,Orlebar Brown,Button Up Shirts,45144038408320,XXXL,12863259,395.0,False,,https://kith.com/products/orl282466-nit
8286739071104,Orlebar Brown Maitan Relaxed Fit Embroidered Seersucker Shirt - Night Iris,orl282466-nit,Orlebar Brown,Button Up Shirts,45144038441088,4XL,12863260,395.0,False,,https://kith.com/products/orl282466-nit
8286738940032,Orlebar Brown Maitan Relaxed Fit Carnival Embroidery Shirt - White Sand / Nightfall Blue,orl282479-wht,Orlebar Brown,Button Up Shirts,45144036868224,XXS,12863279,595.0,False,,https://kith.com/products/orl282479-wht
8286738940032,Orlebar Brown Maitan Relaxed Fit Carnival Embroidery Shirt - White Sand / Nightfall Blue,orl282479-wht,Orlebar Brown,Button Up Shirts,45144036900992,XS,12863280,595.0,False,,https://kith.com/products/orl282479-wht
8286738940032,Orlebar Brown Maitan Relaxed Fit Carnival Embroidery Shirt - White Sand / Nightfall Blue,orl282479-wht,Orlebar Brown,Button Up Shirts,45144036933760,S,5056325437347,595.0,False,,https://kith.com/products/orl282479-wht
8286738940032,Orlebar Brown Maitan Relaxed Fit Carnival Embroidery Shirt - White Sand / Nightfall Blue,orl282479-wht,Orlebar Brown,Button Up Shirts,45144036966528,M,5056325437330,595.0,True,,https://kith.com/products/orl282479-wht
8286738940032,Orlebar Brown Maitan Relaxed Fit Carnival Embroidery Shirt - White Sand / Nightfall Blue,orl282479-wht,Orlebar Brown,Button Up Shirts,45144036999296,L,5056325437323,595.0,True,,https://kith.com/products/orl282479-wht
8286738940032,Orlebar Brown Maitan Relaxed Fit Carnival Embroidery Shirt - White Sand / Nightfall Blue,orl282479-wht,Orlebar Brown,Button Up Shirts,45144037032064,XL,5056325437354,595.0,True,,https://kith.com/products/orl282479-wht
8286738940032,Orlebar Brown Maitan Relaxed Fit Carnival Embroidery Shirt - White Sand / Nightfall Blue,orl282479-wht,Orlebar Brown,Button Up Shirts,45144037064832,XXL,12863285,595.0,False,,https://kith.com/products/orl282479-wht
8286738940032,Orlebar Brown Maitan Relaxed Fit Carnival Embroidery Shirt - White Sand / Nightfall Blue,orl282479-wht,Orlebar Brown,Button Up Shirts,45144037097600,XXXL,12863286,595.0,False,,https://kith.com/products/orl282479-wht
8286738940032,Orlebar Brown Maitan Relaxed Fit Carnival Embroidery Shirt - White Sand / Nightfall Blue,orl282479-wht,Orlebar Brown,Button Up Shirts,45144037130368,4XL,12863287,595.0,False,,https://kith.com/products/orl282479-wht
8286739234944,Orlebar Brown Maitan Lino Relaxed Fit Linen Shirt - Bayleaf Green,orl281813-grn,Orlebar Brown,Button Up Shirts,45144039784576,XXS,12863288,395.0,False,,https://kith.com/products/orl281813-grn
8286739234944,Orlebar Brown Maitan Lino Relaxed Fit Linen Shirt - Bayleaf Green,orl281813-grn,Orlebar Brown,Button Up Shirts,45144039817344,XS,12863289,395.0,False,,https://kith.com/products/orl281813-grn
8286739234944,Orlebar Brown Maitan Lino Relaxed Fit Linen Shirt - Bayleaf Green,orl281813-grn,Orlebar Brown,Button Up Shirts,45144039850112,S,5056325423562,395.0,True,,https://kith.com/products/orl281813-grn
8286739234944,Orlebar Brown Maitan Lino Relaxed Fit Linen Shirt - Bayleaf Green,orl281813-grn,Orlebar Brown,Button Up Shirts,45144039882880,M,5056325423555,395.0,True,,https://kith.com/products/orl281813-grn
8286739234944,Orlebar Brown Maitan Lino Relaxed Fit Linen Shirt - Bayleaf Green,orl281813-grn,Orlebar Brown,Button Up Shirts,45144039915648,L,5056325423548,395.0,True,,https://kith.com/products/orl281813-grn
8286739234944,Orlebar Brown Maitan Lino Relaxed Fit Linen Shirt - Bayleaf Green,orl281813-grn,Orlebar Brown,Button Up Shirts,45144039948416,XL,5056325423579,395.0,True,,https://kith.com/products/orl281813-grn
8286739234944,Orlebar Brown Maitan Lino Relaxed Fit Linen Shirt - Bayleaf Green,orl281813-grn,Orlebar Brown,Button Up Shirts,45144039981184,XXL,12863294,395.0,False,,https://kith.com/products/orl281813-grn
8286739234944,Orlebar Brown Maitan Lino Relaxed Fit Linen Shirt - Bayleaf Green,orl281813-grn,Orlebar Brown,Button Up Shirts,45144040013952,XXXL,12863295,395.0,False,,https://kith.com/products/orl281813-grn
8286739234944,Orlebar Brown Maitan Lino Relaxed Fit Linen Shirt - Bayleaf Green,orl281813-grn,Orlebar Brown,Button Up Shirts,45144040046720,4XL,12863296,395.0,False,,https://kith.com/products/orl281813-grn
8286739103872,Orlebar Brown Maitan Linen Relaxed Fit Mirabello Border Shirt - White / Vermillion,orl282469-wht,Orlebar Brown,Button Up Shirts,45144038473856,XXS,12863306,525.0,False,,https://kith.com/products/orl282469-wht
8286739103872,Orlebar Brown Maitan Linen Relaxed Fit Mirabello Border Shirt - White / Vermillion,orl282469-wht,Orlebar Brown,Button Up Shirts,45144038506624,XS,12863307,525.0,False,,https://kith.com/products/orl282469-wht
8286739103872,Orlebar Brown Maitan Linen Relaxed Fit Mirabello Border Shirt - White / Vermillion,orl282469-wht,Orlebar Brown,Button Up Shirts,45144038539392,S,5056325437552,525.0,True,,https://kith.com/products/orl282469-wht
8286739103872,Orlebar Brown Maitan Linen Relaxed Fit Mirabello Border Shirt - White / Vermillion,orl282469-wht,Orlebar Brown,Button Up Shirts,45144038572160,M,5056325437545,525.0,True,,https://kith.com/products/orl282469-wht
8286739103872,Orlebar Brown Maitan Linen Relaxed Fit Mirabello Border Shirt - White / Vermillion,orl282469-wht,Orlebar Brown,Button Up Shirts,45144038604928,L,5056325437538,525.0,True,,https://kith.com/products/orl282469-wht
8286739103872,Orlebar Brown Maitan Linen Relaxed Fit Mirabello Border Shirt - White / Vermillion,orl282469-wht,Orlebar Brown,Button Up Shirts,45144038637696,XL,5056325437569,525.0,True,,https://kith.com/products/orl282469-wht
8286739103872,Orlebar Brown Maitan Linen Relaxed Fit Mirabello Border Shirt - White / Vermillion,orl282469-wht,Orlebar Brown,Button Up Shirts,45144038670464,XXL,12863312,525.0,False,,https://kith.com/products/orl282469-wht
8286739103872,Orlebar Brown Maitan Linen Relaxed Fit Mirabello Border Shirt - White / Vermillion,orl282469-wht,Orlebar Brown,Button Up Shirts,45144038703232,XXXL,12863313,525.0,False,,https://kith.com/products/orl282469-wht
8286739103872,Orlebar Brown Maitan Linen Relaxed Fit Mirabello Border Shirt - White / Vermillion,orl282469-wht,Orlebar Brown,Button Up Shirts,45144038736000,4XL,12863314,525.0,False,,https://kith.com/products/orl282469-wht
8286726193280,Orlebar Brown Maitan Linen Relaxed Fit Mirabello Border Shirt - White / Night Iris,orl282553-wht,Orlebar Brown,Button Up Shirts,45143936401536,XXS,14003086,525.0,False,,https://kith.com/products/orl282553-wht
8286726193280,Orlebar Brown Maitan Linen Relaxed Fit Mirabello Border Shirt - White / Night Iris,orl282553-wht,Orlebar Brown,Button Up Shirts,45143936434304,XS,14003087,525.0,False,,https://kith.com/products/orl282553-wht
8286726193280,Orlebar Brown Maitan Linen Relaxed Fit Mirabello Border Shirt - White / Night Iris,orl282553-wht,Orlebar Brown,Button Up Shirts,45143936467072,S,5056325437620,525.0,True,,https://kith.com/products/orl282553-wht
8286726193280,Orlebar Brown Maitan Linen Relaxed Fit Mirabello Border Shirt - White / Night Iris,orl282553-wht,Orlebar Brown,Button Up Shirts,45143936499840,M,5056325437613,525.0,True,,https://kith.com/products/orl282553-wht
8286726193280,Orlebar Brown Maitan Linen Relaxed Fit Mirabello Border Shirt - White / Night Iris,orl282553-wht,Orlebar Brown,Button Up Shirts,45143936532608,L,5056325437606,525.0,True,,https://kith.com/products/orl282553-wht
8286726193280,Orlebar Brown Maitan Linen Relaxed Fit Mirabello Border Shirt - White / Night Iris,orl282553-wht,Orlebar Brown,Button Up Shirts,45143936565376,XL,5056325437637,525.0,True,,https://kith.com/products/orl282553-wht
8286726193280,Orlebar Brown Maitan Linen Relaxed Fit Mirabello Border Shirt - White / Night Iris,orl282553-wht,Orlebar Brown,Button Up Shirts,45143936598144,XXL,14003092,525.0,False,,https://kith.com/products/orl282553-wht
8286726193280,Orlebar Brown Maitan Linen Relaxed Fit Mirabello Border Shirt - White / Night Iris,orl282553-wht,Orlebar Brown,Button Up Shirts,45143936630912,XXXL,14003093,525.0,False,,https://kith.com/products/orl282553-wht
8286726193280,Orlebar Brown Maitan Linen Relaxed Fit Mirabello Border Shirt - White / Night Iris,orl282553-wht,Orlebar Brown,Button Up Shirts,45143936663680,4XL,14003094,525.0,False,,https://kith.com/products/orl282553-wht
8286739005568,Orlebar Brown Horton Pique Mercerised Cotton Polo Shirt - Black,orl281781-blk,Orlebar Brown,Polo Shirts,45144037589120,XXS,12863243,495.0,False,,https://kith.com/products/orl281781-blk
8286739005568,Orlebar Brown Horton Pique Mercerised Cotton Polo Shirt - Black,orl281781-blk,Orlebar Brown,Polo Shirts,45144037621888,XS,12863244,495.0,False,,https://kith.com/products/orl281781-blk
8286739005568,Orlebar Brown Horton Pique Mercerised Cotton Polo Shirt - Black,orl281781-blk,Orlebar Brown,Polo Shirts,45144037654656,S,5056325423005,495.0,False,,https://kith.com/products/orl281781-blk
8286739005568,Orlebar Brown Horton Pique Mercerised Cotton Polo Shirt - Black,orl281781-blk,Orlebar Brown,Polo Shirts,45144037687424,M,5056325422992,495.0,True,,https://kith.com/products/orl281781-blk
8286739005568,Orlebar Brown Horton Pique Mercerised Cotton Polo Shirt - Black,orl281781-blk,Orlebar Brown,Polo Shirts,45144037720192,L,5056325422985,495.0,True,,https://kith.com/products/orl281781-blk
8286739005568,Orlebar Brown Horton Pique Mercerised Cotton Polo Shirt - Black,orl281781-blk,Orlebar Brown,Polo Shirts,45144037752960,XL,5056325423012,495.0,True,,https://kith.com/products/orl281781-blk
8286739005568,Orlebar Brown Horton Pique Mercerised Cotton Polo Shirt - Black,orl281781-blk,Orlebar Brown,Polo Shirts,45144037785728,XXL,12863249,495.0,False,,https://kith.com/products/orl281781-blk
8286739005568,Orlebar Brown Horton Pique Mercerised Cotton Polo Shirt - Black,orl281781-blk,Orlebar Brown,Polo Shirts,45144037818496,XXXL,12863250,495.0,False,,https://kith.com/products/orl281781-blk
8286739005568,Orlebar Brown Horton Pique Mercerised Cotton Polo Shirt - Black,orl281781-blk,Orlebar Brown,Polo Shirts,45144037851264,4XL,12863251,495.0,False,,https://kith.com/products/orl281781-blk
8286728519808,Orlebar Brown Hawkin Towelling Relaxed Fit Stripe Shirt - Night Iris / White Sand,orl282457-nit-wht,Orlebar Brown,Button Up Shirts,45143949672576,XXS,12863234,525.0,False,,https://kith.com/products/orl282457-nit-wht
8286728519808,Orlebar Brown Hawkin Towelling Relaxed Fit Stripe Shirt - Night Iris / White Sand,orl282457-nit-wht,Orlebar Brown,Button Up Shirts,45143949705344,XS,12863235,525.0,False,,https://kith.com/products/orl282457-nit-wht
8286728519808,Orlebar Brown Hawkin Towelling Relaxed Fit Stripe Shirt - Night Iris / White Sand,orl282457-nit-wht,Orlebar Brown,Button Up Shirts,45143949738112,S,5056325436487,525.0,False,,https://kith.com/products/orl282457-nit-wht
8286728519808,Orlebar Brown Hawkin Towelling Relaxed Fit Stripe Shirt - Night Iris / White Sand,orl282457-nit-wht,Orlebar Brown,Button Up Shirts,45143949770880,M,5056325436470,525.0,True,,https://kith.com/products/orl282457-nit-wht
8286728519808,Orlebar Brown Hawkin Towelling Relaxed Fit Stripe Shirt - Night Iris / White Sand,orl282457-nit-wht,Orlebar Brown,Button Up Shirts,45143949803648,L,5056325436463,525.0,False,,https://kith.com/products/orl282457-nit-wht
8286728519808,Orlebar Brown Hawkin Towelling Relaxed Fit Stripe Shirt - Night Iris / White Sand,orl282457-nit-wht,Orlebar Brown,Button Up Shirts,45143949836416,XL,5056325436494,525.0,False,,https://kith.com/products/orl282457-nit-wht
8286728519808,Orlebar Brown Hawkin Towelling Relaxed Fit Stripe Shirt - Night Iris / White Sand,orl282457-nit-wht,Orlebar Brown,Button Up Shirts,45143949869184,XXL,12863240,525.0,False,,https://kith.com/products/orl282457-nit-wht
8286728519808,Orlebar Brown Hawkin Towelling Relaxed Fit Stripe Shirt - Night Iris / White Sand,orl282457-nit-wht,Orlebar Brown,Button Up Shirts,45143949901952,XXXL,12863241,525.0,False,,https://kith.com/products/orl282457-nit-wht
8286728519808,Orlebar Brown Hawkin Towelling Relaxed Fit Stripe Shirt - Night Iris / White Sand,orl282457-nit-wht,Orlebar Brown,Button Up Shirts,45143949934720,4XL,12863242,525.0,False,,https://kith.com/products/orl282457-nit-wht
8286739202176,Orlebar Brown Burnham Tailored Fit Tie Stitch Knit Polo Shirt - Night Iris,orl281852-nit,Orlebar Brown,Polo Shirts,45144039489664,XXS,12863225,525.0,False,,https://kith.com/products/orl281852-nit
8286739202176,Orlebar Brown Burnham Tailored Fit Tie Stitch Knit Polo Shirt - Night Iris,orl281852-nit,Orlebar Brown,Polo Shirts,45144039522432,XS,12863226,525.0,False,,https://kith.com/products/orl281852-nit
8286739202176,Orlebar Brown Burnham Tailored Fit Tie Stitch Knit Polo Shirt - Night Iris,orl281852-nit,Orlebar Brown,Polo Shirts,45144039555200,S,5056325421438,525.0,False,,https://kith.com/products/orl281852-nit
8286739202176,Orlebar Brown Burnham Tailored Fit Tie Stitch Knit Polo Shirt - Night Iris,orl281852-nit,Orlebar Brown,Polo Shirts,45144039587968,M,5056325421421,525.0,True,,https://kith.com/products/orl281852-nit
8286739202176,Orlebar Brown Burnham Tailored Fit Tie Stitch Knit Polo Shirt - Night Iris,orl281852-nit,Orlebar Brown,Polo Shirts,45144039620736,L,5056325421414,525.0,True,,https://kith.com/products/orl281852-nit
8286739202176,Orlebar Brown Burnham Tailored Fit Tie Stitch Knit Polo Shirt - Night Iris,orl281852-nit,Orlebar Brown,Polo Shirts,45144039653504,XL,5056325421445,525.0,False,,https://kith.com/products/orl281852-nit
8286739202176,Orlebar Brown Burnham Tailored Fit Tie Stitch Knit Polo Shirt - Night Iris,orl281852-nit,Orlebar Brown,Polo Shirts,45144039686272,XXL,12863231,525.0,False,,https://kith.com/products/orl281852-nit
8286739202176,Orlebar Brown Burnham Tailored Fit Tie Stitch Knit Polo Shirt - Night Iris,orl281852-nit,Orlebar Brown,Polo Shirts,45144039719040,XXXL,12863232,525.0,False,,https://kith.com/products/orl281852-nit
8286739202176,Orlebar Brown Burnham Tailored Fit Tie Stitch Knit Polo Shirt - Night Iris,orl281852-nit,Orlebar Brown,Polo Shirts,45144039751808,4XL,12863233,525.0,False,,https://kith.com/products/orl281852-nit
8286738907264,Orlebar Brown Bulldog Drawcord Swim Short - Bayleaf Green,orl281733-grn,Orlebar Brown,Shorts,45144036442240,28,12863186,395.0,False,,https://kith.com/products/orl281733-grn
8286738907264,Orlebar Brown Bulldog Drawcord Swim Short - Bayleaf Green,orl281733-grn,Orlebar Brown,Shorts,45144036475008,29,12863187,395.0,False,,https://kith.com/products/orl281733-grn
8286738907264,Orlebar Brown Bulldog Drawcord Swim Short - Bayleaf Green,orl281733-grn,Orlebar Brown,Shorts,45144036507776,30,5056325419756,395.0,False,,https://kith.com/products/orl281733-grn
8286738907264,Orlebar Brown Bulldog Drawcord Swim Short - Bayleaf Green,orl281733-grn,Orlebar Brown,Shorts,45144036540544,31,5056325419763,395.0,True,,https://kith.com/products/orl281733-grn
8286738907264,Orlebar Brown Bulldog Drawcord Swim Short - Bayleaf Green,orl281733-grn,Orlebar Brown,Shorts,45144036573312,32,5056325419770,395.0,True,,https://kith.com/products/orl281733-grn
8286738907264,Orlebar Brown Bulldog Drawcord Swim Short - Bayleaf Green,orl281733-grn,Orlebar Brown,Shorts,45144036606080,33,5056325419787,395.0,True,,https://kith.com/products/orl281733-grn
8286738907264,Orlebar Brown Bulldog Drawcord Swim Short - Bayleaf Green,orl281733-grn,Orlebar Brown,Shorts,45144036638848,34,5056325419794,395.0,True,,https://kith.com/products/orl281733-grn
8286738907264,Orlebar Brown Bulldog Drawcord Swim Short - Bayleaf Green,orl281733-grn,Orlebar Brown,Shorts,45144036671616,35,12863193,395.0,False,,https://kith.com/products/orl281733-grn
8286738907264,Orlebar Brown Bulldog Drawcord Swim Short - Bayleaf Green,orl281733-grn,Orlebar Brown,Shorts,45144036704384,36,12863194,395.0,False,,https://kith.com/products/orl281733-grn
8286738907264,Orlebar Brown Bulldog Drawcord Swim Short - Bayleaf Green,orl281733-grn,Orlebar Brown,Shorts,45144036737152,38,12863195,395.0,False,,https://kith.com/products/orl281733-grn
8286738907264,Orlebar Brown Bulldog Drawcord Swim Short - Bayleaf Green,orl281733-grn,Orlebar Brown,Shorts,45144036769920,40,12863196,395.0,False,,https://kith.com/products/orl281733-grn
8286738907264,Orlebar Brown Bulldog Drawcord Swim Short - Bayleaf Green,orl281733-grn,Orlebar Brown,Shorts,45144036802688,42,12863197,395.0,False,,https://kith.com/products/orl281733-grn
8286738907264,Orlebar Brown Bulldog Drawcord Swim Short - Bayleaf Green,orl281733-grn,Orlebar Brown,Shorts,45144036835456,44,12863198,395.0,False,,https://kith.com/products/orl281733-grn
8286738972800,Orlebar Brown Bulldog Classic Fit Swim Short with Passetto Print - Night Iris,orl282423-nit,Orlebar Brown,Shorts,45144037163136,28,12863212,445.0,False,,https://kith.com/products/orl282423-nit
8286738972800,Orlebar Brown Bulldog Classic Fit Swim Short with Passetto Print - Night Iris,orl282423-nit,Orlebar Brown,Shorts,45144037195904,29,12863213,445.0,False,,https://kith.com/products/orl282423-nit
8286738972800,Orlebar Brown Bulldog Classic Fit Swim Short with Passetto Print - Night Iris,orl282423-nit,Orlebar Brown,Shorts,45144037228672,30,5056325434605,445.0,False,,https://kith.com/products/orl282423-nit
8286738972800,Orlebar Brown Bulldog Classic Fit Swim Short with Passetto Print - Night Iris,orl282423-nit,Orlebar Brown,Shorts,45144037261440,31,5056325434612,445.0,True,,https://kith.com/products/orl282423-nit
8286738972800,Orlebar Brown Bulldog Classic Fit Swim Short with Passetto Print - Night Iris,orl282423-nit,Orlebar Brown,Shorts,45144037294208,32,5056325434629,445.0,True,,https://kith.com/products/orl282423-nit
8286738972800,Orlebar Brown Bulldog Classic Fit Swim Short with Passetto Print - Night Iris,orl282423-nit,Orlebar Brown,Shorts,45144037326976,33,5056325434636,445.0,True,,https://kith.com/products/orl282423-nit
8286738972800,Orlebar Brown Bulldog Classic Fit Swim Short with Passetto Print - Night Iris,orl282423-nit,Orlebar Brown,Shorts,45144037359744,34,5056325434643,445.0,True,,https://kith.com/products/orl282423-nit
8286738972800,Orlebar Brown Bulldog Classic Fit Swim Short with Passetto Print - Night Iris,orl282423-nit,Orlebar Brown,Shorts,45144037392512,35,12863219,445.0,False,,https://kith.com/products/orl282423-nit
8286738972800,Orlebar Brown Bulldog Classic Fit Swim Short with Passetto Print - Night Iris,orl282423-nit,Orlebar Brown,Shorts,45144037425280,36,12863220,445.0,False,,https://kith.com/products/orl282423-nit
8286738972800,Orlebar Brown Bulldog Classic Fit Swim Short with Passetto Print - Night Iris,orl282423-nit,Orlebar Brown,Shorts,45144037458048,38,12863221,445.0,False,,https://kith.com/products/orl282423-nit
8286738972800,Orlebar Brown Bulldog Classic Fit Swim Short with Passetto Print - Night Iris,orl282423-nit,Orlebar Brown,Shorts,45144037490816,40,12863222,445.0,False,,https://kith.com/products/orl282423-nit
8286738972800,Orlebar Brown Bulldog Classic Fit Swim Short with Passetto Print - Night Iris,orl282423-nit,Orlebar Brown,Shorts,45144037523584,42,12863223,445.0,False,,https://kith.com/products/orl282423-nit
8286738972800,Orlebar Brown Bulldog Classic Fit Swim Short with Passetto Print - Night Iris,orl282423-nit,Orlebar Brown,Shorts,45144037556352,44,12863224,445.0,False,,https://kith.com/products/orl282423-nit
8286739136640,Orlebar Brown Bulldog Classic Fit Swim Short with Passetto Print - Bayleaf Green,orl282422-grn,Orlebar Brown,Shorts,45144038768768,28,12863199,445.0,False,,https://kith.com/products/orl282422-grn
8286739136640,Orlebar Brown Bulldog Classic Fit Swim Short with Passetto Print - Bayleaf Green,orl282422-grn,Orlebar Brown,Shorts,45144038801536,29,12863200,445.0,False,,https://kith.com/products/orl282422-grn
8286739136640,Orlebar Brown Bulldog Classic Fit Swim Short with Passetto Print - Bayleaf Green,orl282422-grn,Orlebar Brown,Shorts,45144038834304,30,5056325434513,445.0,False,,https://kith.com/products/orl282422-grn
8286739136640,Orlebar Brown Bulldog Classic Fit Swim Short with Passetto Print - Bayleaf Green,orl282422-grn,Orlebar Brown,Shorts,45144038867072,31,5056325434520,445.0,True,,https://kith.com/products/orl282422-grn
8286739136640,Orlebar Brown Bulldog Classic Fit Swim Short with Passetto Print - Bayleaf Green,orl282422-grn,Orlebar Brown,Shorts,45144038899840,32,5056325434537,445.0,True,,https://kith.com/products/orl282422-grn
8286739136640,Orlebar Brown Bulldog Classic Fit Swim Short with Passetto Print - Bayleaf Green,orl282422-grn,Orlebar Brown,Shorts,45144038932608,33,5056325434544,445.0,True,,https://kith.com/products/orl282422-grn
8286739136640,Orlebar Brown Bulldog Classic Fit Swim Short with Passetto Print - Bayleaf Green,orl282422-grn,Orlebar Brown,Shorts,45144038965376,34,5056325434551,445.0,True,,https://kith.com/products/orl282422-grn
8286739136640,Orlebar Brown Bulldog Classic Fit Swim Short with Passetto Print - Bayleaf Green,orl282422-grn,Orlebar Brown,Shorts,45144038998144,35,12863206,445.0,False,,https://kith.com/products/orl282422-grn
8286739136640,Orlebar Brown Bulldog Classic Fit Swim Short with Passetto Print - Bayleaf Green,orl282422-grn,Orlebar Brown,Shorts,45144039030912,36,12863207,445.0,False,,https://kith.com/products/orl282422-grn
8286739136640,Orlebar Brown Bulldog Classic Fit Swim Short with Passetto Print - Bayleaf Green,orl282422-grn,Orlebar Brown,Shorts,45144039063680,38,12863208,445.0,False,,https://kith.com/products/orl282422-grn
8286739136640,Orlebar Brown Bulldog Classic Fit Swim Short with Passetto Print - Bayleaf Green,orl282422-grn,Orlebar Brown,Shorts,45144039096448,40,12863209,445.0,False,,https://kith.com/products/orl282422-grn
8286739136640,Orlebar Brown Bulldog Classic Fit Swim Short with Passetto Print - Bayleaf Green,orl282422-grn,Orlebar Brown,Shorts,45144039129216,42,12863210,445.0,False,,https://kith.com/products/orl282422-grn
8286739136640,Orlebar Brown Bulldog Classic Fit Swim Short with Passetto Print - Bayleaf Green,orl282422-grn,Orlebar Brown,Shorts,45144039161984,44,12863211,445.0,False,,https://kith.com/products/orl282422-grn
8286739300480,Orlebar Brown Alex Linen Relaxed Fit Short with Fairground Print - Multi / Vermillion,orl282478-multi,Orlebar Brown,Shorts,45144040374400,28,12863173,545.0,False,,https://kith.com/products/orl282478-multi
8286739300480,Orlebar Brown Alex Linen Relaxed Fit Short with Fairground Print - Multi / Vermillion,orl282478-multi,Orlebar Brown,Shorts,45144040407168,29,12863174,545.0,False,,https://kith.com/products/orl282478-multi
8286739300480,Orlebar Brown Alex Linen Relaxed Fit Short with Fairground Print - Multi / Vermillion,orl282478-multi,Orlebar Brown,Shorts,45144040439936,30,5056325433363,545.0,False,,https://kith.com/products/orl282478-multi
8286739300480,Orlebar Brown Alex Linen Relaxed Fit Short with Fairground Print - Multi / Vermillion,orl282478-multi,Orlebar Brown,Shorts,45144040472704,31,12863176,545.0,False,,https://kith.com/products/orl282478-multi
8286739300480,Orlebar Brown Alex Linen Relaxed Fit Short with Fairground Print - Multi / Vermillion,orl282478-multi,Orlebar Brown,Shorts,45144040505472,32,5056325433370,545.0,True,,https://kith.com/products/orl282478-multi
8286739300480,Orlebar Brown Alex Linen Relaxed Fit Short with Fairground Print - Multi / Vermillion,orl282478-multi,Orlebar Brown,Shorts,45144040538240,33,12863178,545.0,False,,https://kith.com/products/orl282478-multi
8286739300480,Orlebar Brown Alex Linen Relaxed Fit Short with Fairground Print - Multi / Vermillion,orl282478-multi,Orlebar Brown,Shorts,45144040571008,34,5056325433387,545.0,True,,https://kith.com/products/orl282478-multi
8286739300480,Orlebar Brown Alex Linen Relaxed Fit Short with Fairground Print - Multi / Vermillion,orl282478-multi,Orlebar Brown,Shorts,45144040603776,35,12863180,545.0,False,,https://kith.com/products/orl282478-multi
8286739300480,Orlebar Brown Alex Linen Relaxed Fit Short with Fairground Print - Multi / Vermillion,orl282478-multi,Orlebar Brown,Shorts,45144040636544,36,5056325433394,545.0,True,,https://kith.com/products/orl282478-multi
8286739300480,Orlebar Brown Alex Linen Relaxed Fit Short with Fairground Print - Multi / Vermillion,orl282478-multi,Orlebar Brown,Shorts,45144040669312,38,12863182,545.0,False,,https://kith.com/products/orl282478-multi
8286739300480,Orlebar Brown Alex Linen Relaxed Fit Short with Fairground Print - Multi / Vermillion,orl282478-multi,Orlebar Brown,Shorts,45144040702080,40,12863183,545.0,False,,https://kith.com/products/orl282478-multi
8286739300480,Orlebar Brown Alex Linen Relaxed Fit Short with Fairground Print - Multi / Vermillion,orl282478-multi,Orlebar Brown,Shorts,45144040734848,42,12863184,545.0,False,,https://kith.com/products/orl282478-multi
8286739300480,Orlebar Brown Alex Linen Relaxed Fit Short with Fairground Print - Multi / Vermillion,orl282478-multi,Orlebar Brown,Shorts,45144040767616,44,12863185,545.0,False,,https://kith.com/products/orl282478-multi
8286738514048,Norma Kamali Shawl Collar Peplum Jacket - Cheetah Patch,nkk4244pl008656,Norma Kamali,Jackets,45144032968832,XXS,12874288,635.0,False,,https://kith.com/products/nkk4244pl008656
8286738514048,Norma Kamali Shawl Collar Peplum Jacket - Cheetah Patch,nkk4244pl008656,Norma Kamali,Jackets,45144033001600,XS,889047793393,635.0,True,,https://kith.com/products/nkk4244pl008656
8286738514048,Norma Kamali Shawl Collar Peplum Jacket - Cheetah Patch,nkk4244pl008656,Norma Kamali,Jackets,45144033034368,S,889047793409,635.0,True,,https://kith.com/products/nkk4244pl008656
8286738514048,Norma Kamali Shawl Collar Peplum Jacket - Cheetah Patch,nkk4244pl008656,Norma Kamali,Jackets,45144033067136,M,889047793416,635.0,True,,https://kith.com/products/nkk4244pl008656
8286738514048,Norma Kamali Shawl Collar Peplum Jacket - Cheetah Patch,nkk4244pl008656,Norma Kamali,Jackets,45144033099904,L,12874292,635.0,False,,https://kith.com/products/nkk4244pl008656
8286738514048,Norma Kamali Shawl Collar Peplum Jacket - Cheetah Patch,nkk4244pl008656,Norma Kamali,Jackets,45144033132672,XL,12874293,635.0,False,,https://kith.com/products/nkk4244pl008656
8286738514048,Norma Kamali Shawl Collar Peplum Jacket - Cheetah Patch,nkk4244pl008656,Norma Kamali,Jackets,45144033165440,XXL,12874294,635.0,False,,https://kith.com/products/nkk4244pl008656
8286738514048,Norma Kamali Shawl Collar Peplum Jacket - Cheetah Patch,nkk4244pl008656,Norma Kamali,Jackets,45144033198208,XXXL,12874295,635.0,False,,https://kith.com/products/nkk4244pl008656
8286738514048,Norma Kamali Shawl Collar Peplum Jacket - Cheetah Patch,nkk4244pl008656,Norma Kamali,Jackets,45144033230976,4XL,12874296,635.0,False,,https://kith.com/products/nkk4244pl008656
8286731600000,NAHMIAS Split Seam Straight Leg Jean - Light Indigo Wash,d5-p69-416,NAHMIAS,Jeans,45143972446336,26,10874634,580.0,False,,https://kith.com/products/d5-p69-416
8286731600000,NAHMIAS Split Seam Straight Leg Jean - Light Indigo Wash,d5-p69-416,NAHMIAS,Jeans,45143972479104,27,10874635,580.0,False,,https://kith.com/products/d5-p69-416
8286731600000,NAHMIAS Split Seam Straight Leg Jean - Light Indigo Wash,d5-p69-416,NAHMIAS,Jeans,45143972511872,28,810214871651,580.0,False,,https://kith.com/products/d5-p69-416
8286731600000,NAHMIAS Split Seam Straight Leg Jean - Light Indigo Wash,d5-p69-416,NAHMIAS,Jeans,45143972544640,29,10874637,580.0,False,,https://kith.com/products/d5-p69-416
8286731600000,NAHMIAS Split Seam Straight Leg Jean - Light Indigo Wash,d5-p69-416,NAHMIAS,Jeans,45143972577408,30,810214871668,580.0,False,,https://kith.com/products/d5-p69-416
8286731600000,NAHMIAS Split Seam Straight Leg Jean - Light Indigo Wash,d5-p69-416,NAHMIAS,Jeans,45143972610176,31,10874639,580.0,False,,https://kith.com/products/d5-p69-416
8286731600000,NAHMIAS Split Seam Straight Leg Jean - Light Indigo Wash,d5-p69-416,NAHMIAS,Jeans,45143972642944,32,810214871675,580.0,True,,https://kith.com/products/d5-p69-416
8286731600000,NAHMIAS Split Seam Straight Leg Jean - Light Indigo Wash,d5-p69-416,NAHMIAS,Jeans,45143972675712,33,10874641,580.0,False,,https://kith.com/products/d5-p69-416
8286731600000,NAHMIAS Split Seam Straight Leg Jean - Light Indigo Wash,d5-p69-416,NAHMIAS,Jeans,45143972708480,34,810214871682,580.0,True,,https://kith.com/products/d5-p69-416
8286731600000,NAHMIAS Split Seam Straight Leg Jean - Light Indigo Wash,d5-p69-416,NAHMIAS,Jeans,45143972741248,36,810214871699,580.0,False,,https://kith.com/products/d5-p69-416
8286731600000,NAHMIAS Split Seam Straight Leg Jean - Light Indigo Wash,d5-p69-416,NAHMIAS,Jeans,45143972774016,38,810214871705,580.0,False,,https://kith.com/products/d5-p69-416
8286731600000,NAHMIAS Split Seam Straight Leg Jean - Light Indigo Wash,d5-p69-416,NAHMIAS,Jeans,45143972806784,40,10874645,580.0,False,,https://kith.com/products/d5-p69-416
8286731600000,NAHMIAS Split Seam Straight Leg Jean - Light Indigo Wash,d5-p69-416,NAHMIAS,Jeans,45143972839552,42,10874646,580.0,False,,https://kith.com/products/d5-p69-416
8286731600000,NAHMIAS Split Seam Straight Leg Jean - Light Indigo Wash,d5-p69-416,NAHMIAS,Jeans,45143972872320,44,10874647,580.0,False,,https://kith.com/products/d5-p69-416
8286731600000,NAHMIAS Split Seam Straight Leg Jean - Light Indigo Wash,d5-p69-416,NAHMIAS,Jeans,45143972905088,35,10874648,580.0,False,,https://kith.com/products/d5-p69-416
8286739595392,Maison Margiela Wide-Leg Paint Splattered Cotton Canvas Trouser - Gray,mmms50ka0728-962,Maison Margiela,Trousers,45144043683968,38,12861643,1520.0,False,,https://kith.com/products/mmms50ka0728-962
8286739595392,Maison Margiela Wide-Leg Paint Splattered Cotton Canvas Trouser - Gray,mmms50ka0728-962,Maison Margiela,Trousers,45144043716736,40,12861644,1520.0,False,,https://kith.com/products/mmms50ka0728-962
8286739595392,Maison Margiela Wide-Leg Paint Splattered Cotton Canvas Trouser - Gray,mmms50ka0728-962,Maison Margiela,Trousers,45144043749504,42,12861645,1520.0,False,,https://kith.com/products/mmms50ka0728-962
8286739595392,Maison Margiela Wide-Leg Paint Splattered Cotton Canvas Trouser - Gray,mmms50ka0728-962,Maison Margiela,Trousers,45144043782272,44,12861646,1520.0,False,,https://kith.com/products/mmms50ka0728-962
8286739595392,Maison Margiela Wide-Leg Paint Splattered Cotton Canvas Trouser - Gray,mmms50ka0728-962,Maison Margiela,Trousers,45144043815040,46,12861647,1520.0,False,,https://kith.com/products/mmms50ka0728-962
8286739595392,Maison Margiela Wide-Leg Paint Splattered Cotton Canvas Trouser - Gray,mmms50ka0728-962,Maison Margiela,Trousers,45144043847808,48,8056263553793,1520.0,False,,https://kith.com/products/mmms50ka0728-962
8286739595392,Maison Margiela Wide-Leg Paint Splattered Cotton Canvas Trouser - Gray,mmms50ka0728-962,Maison Margiela,Trousers,45144043880576,50,8056263553809,1520.0,True,,https://kith.com/products/mmms50ka0728-962
8286739595392,Maison Margiela Wide-Leg Paint Splattered Cotton Canvas Trouser - Gray,mmms50ka0728-962,Maison Margiela,Trousers,45144043913344,52,12861650,1520.0,False,,https://kith.com/products/mmms50ka0728-962
8286739595392,Maison Margiela Wide-Leg Paint Splattered Cotton Canvas Trouser - Gray,mmms50ka0728-962,Maison Margiela,Trousers,45144043946112,54,12861651,1520.0,False,,https://kith.com/products/mmms50ka0728-962
8286739595392,Maison Margiela Wide-Leg Paint Splattered Cotton Canvas Trouser - Gray,mmms50ka0728-962,Maison Margiela,Trousers,45144043978880,56,12861652,1520.0,False,,https://kith.com/products/mmms50ka0728-962
8286739595392,Maison Margiela Wide-Leg Paint Splattered Cotton Canvas Trouser - Gray,mmms50ka0728-962,Maison Margiela,Trousers,45144044011648,58,12861653,1520.0,False,,https://kith.com/products/mmms50ka0728-962
8286739595392,Maison Margiela Wide-Leg Paint Splattered Cotton Canvas Trouser - Gray,mmms50ka0728-962,Maison Margiela,Trousers,45144044044416,60,12861654,1520.0,False,,https://kith.com/products/mmms50ka0728-962
8286739595392,Maison Margiela Wide-Leg Paint Splattered Cotton Canvas Trouser - Gray,mmms50ka0728-962,Maison Margiela,Trousers,45144044077184,62,12861655,1520.0,False,,https://kith.com/products/mmms50ka0728-962
8286739595392,Maison Margiela Wide-Leg Paint Splattered Cotton Canvas Trouser - Gray,mmms50ka0728-962,Maison Margiela,Trousers,45144044109952,64,12861656,1520.0,False,,https://kith.com/products/mmms50ka0728-962
8286739595392,Maison Margiela Wide-Leg Paint Splattered Cotton Canvas Trouser - Gray,mmms50ka0728-962,Maison Margiela,Trousers,45144044142720,66,12861657,1520.0,False,,https://kith.com/products/mmms50ka0728-962
8286739464320,Maison Margiela Striped Knit Beanie - Blue / Grey,mmms50tb0022-001f,Maison Margiela,Beanies,45144041717888,XXS,12861686,560.0,False,,https://kith.com/products/mmms50tb0022-001f
8286739464320,Maison Margiela Striped Knit Beanie - Blue / Grey,mmms50tb0022-001f,Maison Margiela,Beanies,45144041750656,XS,12861687,560.0,False,,https://kith.com/products/mmms50tb0022-001f
8286739464320,Maison Margiela Striped Knit Beanie - Blue / Grey,mmms50tb0022-001f,Maison Margiela,Beanies,45144041783424,S,12861688,560.0,False,,https://kith.com/products/mmms50tb0022-001f
8286739464320,Maison Margiela Striped Knit Beanie - Blue / Grey,mmms50tb0022-001f,Maison Margiela,Beanies,45144041816192,M,8056263612780,560.0,False,,https://kith.com/products/mmms50tb0022-001f
8286739464320,Maison Margiela Striped Knit Beanie - Blue / Grey,mmms50tb0022-001f,Maison Margiela,Beanies,45144041848960,L,8056263612773,560.0,True,,https://kith.com/products/mmms50tb0022-001f
8286739464320,Maison Margiela Striped Knit Beanie - Blue / Grey,mmms50tb0022-001f,Maison Margiela,Beanies,45144041881728,XL,12861691,560.0,False,,https://kith.com/products/mmms50tb0022-001f
8286739464320,Maison Margiela Striped Knit Beanie - Blue / Grey,mmms50tb0022-001f,Maison Margiela,Beanies,45144041914496,XXL,12861692,560.0,False,,https://kith.com/products/mmms50tb0022-001f
8286739464320,Maison Margiela Striped Knit Beanie - Blue / Grey,mmms50tb0022-001f,Maison Margiela,Beanies,45144041947264,XXXL,12861693,560.0,False,,https://kith.com/products/mmms50tb0022-001f
8286739464320,Maison Margiela Striped Knit Beanie - Blue / Grey,mmms50tb0022-001f,Maison Margiela,Beanies,45144041980032,4XL,12861694,560.0,False,,https://kith.com/products/mmms50tb0022-001f
8286739529856,Maison Margiela Striped Cotton Shirt - Pinstripe White / Light Blue,mmms50dt0078-001f,Maison Margiela,Button Up Shirts,45144042438784,33,12861593,1220.0,False,,https://kith.com/products/mmms50dt0078-001f
8286739529856,Maison Margiela Striped Cotton Shirt - Pinstripe White / Light Blue,mmms50dt0078-001f,Maison Margiela,Button Up Shirts,45144042471552,34,12861594,1220.0,False,,https://kith.com/products/mmms50dt0078-001f
8286739529856,Maison Margiela Striped Cotton Shirt - Pinstripe White / Light Blue,mmms50dt0078-001f,Maison Margiela,Button Up Shirts,45144042504320,35,12861595,1220.0,False,,https://kith.com/products/mmms50dt0078-001f
8286739529856,Maison Margiela Striped Cotton Shirt - Pinstripe White / Light Blue,mmms50dt0078-001f,Maison Margiela,Button Up Shirts,45144042537088,36,12861596,1220.0,False,,https://kith.com/products/mmms50dt0078-001f
8286739529856,Maison Margiela Striped Cotton Shirt - Pinstripe White / Light Blue,mmms50dt0078-001f,Maison Margiela,Button Up Shirts,45144042569856,37,12861597,1220.0,False,,https://kith.com/products/mmms50dt0078-001f
8286739529856,Maison Margiela Striped Cotton Shirt - Pinstripe White / Light Blue,mmms50dt0078-001f,Maison Margiela,Button Up Shirts,45144042602624,38,12861598,1220.0,False,,https://kith.com/products/mmms50dt0078-001f
8286739529856,Maison Margiela Striped Cotton Shirt - Pinstripe White / Light Blue,mmms50dt0078-001f,Maison Margiela,Button Up Shirts,45144042635392,39,12861599,1220.0,False,,https://kith.com/products/mmms50dt0078-001f
8286739529856,Maison Margiela Striped Cotton Shirt - Pinstripe White / Light Blue,mmms50dt0078-001f,Maison Margiela,Button Up Shirts,45144042668160,39.5,12861600,1220.0,False,,https://kith.com/products/mmms50dt0078-001f
8286739529856,Maison Margiela Striped Cotton Shirt - Pinstripe White / Light Blue,mmms50dt0078-001f,Maison Margiela,Button Up Shirts,45144042700928,40,8056263550051,1220.0,False,,https://kith.com/products/mmms50dt0078-001f
8286739529856,Maison Margiela Striped Cotton Shirt - Pinstripe White / Light Blue,mmms50dt0078-001f,Maison Margiela,Button Up Shirts,45144042733696,40.5,12861602,1220.0,False,,https://kith.com/products/mmms50dt0078-001f
8286739529856,Maison Margiela Striped Cotton Shirt - Pinstripe White / Light Blue,mmms50dt0078-001f,Maison Margiela,Button Up Shirts,45144042766464,41,8056263550068,1220.0,True,,https://kith.com/products/mmms50dt0078-001f
8286739529856,Maison Margiela Striped Cotton Shirt - Pinstripe White / Light Blue,mmms50dt0078-001f,Maison Margiela,Button Up Shirts,45144042799232,41.5,12861604,1220.0,False,,https://kith.com/products/mmms50dt0078-001f
8286739529856,Maison Margiela Striped Cotton Shirt - Pinstripe White / Light Blue,mmms50dt0078-001f,Maison Margiela,Button Up Shirts,45144042832000,42,12861605,1220.0,False,,https://kith.com/products/mmms50dt0078-001f
8286739529856,Maison Margiela Striped Cotton Shirt - Pinstripe White / Light Blue,mmms50dt0078-001f,Maison Margiela,Button Up Shirts,45144042864768,42.5,12861606,1220.0,False,,https://kith.com/products/mmms50dt0078-001f
8286739529856,Maison Margiela Striped Cotton Shirt - Pinstripe White / Light Blue,mmms50dt0078-001f,Maison Margiela,Button Up Shirts,45144042897536,43,12861607,1220.0,False,,https://kith.com/products/mmms50dt0078-001f
8286739529856,Maison Margiela Striped Cotton Shirt - Pinstripe White / Light Blue,mmms50dt0078-001f,Maison Margiela,Button Up Shirts,45144042930304,43.5,12861608,1220.0,False,,https://kith.com/products/mmms50dt0078-001f
8286739529856,Maison Margiela Striped Cotton Shirt - Pinstripe White / Light Blue,mmms50dt0078-001f,Maison Margiela,Button Up Shirts,45144042963072,44,12861609,1220.0,False,,https://kith.com/products/mmms50dt0078-001f
8286739529856,Maison Margiela Striped Cotton Shirt - Pinstripe White / Light Blue,mmms50dt0078-001f,Maison Margiela,Button Up Shirts,45144042995840,44.5,12861610,1220.0,False,,https://kith.com/products/mmms50dt0078-001f
8286739529856,Maison Margiela Striped Cotton Shirt - Pinstripe White / Light Blue,mmms50dt0078-001f,Maison Margiela,Button Up Shirts,45144043028608,45,12861611,1220.0,False,,https://kith.com/products/mmms50dt0078-001f
8286739529856,Maison Margiela Striped Cotton Shirt - Pinstripe White / Light Blue,mmms50dt0078-001f,Maison Margiela,Button Up Shirts,45144043061376,45.5,12861612,1220.0,False,,https://kith.com/products/mmms50dt0078-001f
8286739529856,Maison Margiela Striped Cotton Shirt - Pinstripe White / Light Blue,mmms50dt0078-001f,Maison Margiela,Button Up Shirts,45144043094144,46,12861613,1220.0,False,,https://kith.com/products/mmms50dt0078-001f
8286739529856,Maison Margiela Striped Cotton Shirt - Pinstripe White / Light Blue,mmms50dt0078-001f,Maison Margiela,Button Up Shirts,45144043126912,46.5,12861614,1220.0,False,,https://kith.com/products/mmms50dt0078-001f
8286739529856,Maison Margiela Striped Cotton Shirt - Pinstripe White / Light Blue,mmms50dt0078-001f,Maison Margiela,Button Up Shirts,45144043159680,47,12861615,1220.0,False,,https://kith.com/products/mmms50dt0078-001f
8286739562624,Maison Margiela Reversible Bomber Jacket - Dark Grey,mmms50am0662-860,Maison Margiela,Bomber Jackets,45144043192448,38,12861563,3100.0,False,,https://kith.com/products/mmms50am0662-860
8286739562624,Maison Margiela Reversible Bomber Jacket - Dark Grey,mmms50am0662-860,Maison Margiela,Bomber Jackets,45144043225216,40,12861564,3100.0,False,,https://kith.com/products/mmms50am0662-860
8286739562624,Maison Margiela Reversible Bomber Jacket - Dark Grey,mmms50am0662-860,Maison Margiela,Bomber Jackets,45144043257984,42,12861565,3100.0,False,,https://kith.com/products/mmms50am0662-860
8286739562624,Maison Margiela Reversible Bomber Jacket - Dark Grey,mmms50am0662-860,Maison Margiela,Bomber Jackets,45144043290752,44,12861566,3100.0,False,,https://kith.com/products/mmms50am0662-860
8286739562624,Maison Margiela Reversible Bomber Jacket - Dark Grey,mmms50am0662-860,Maison Margiela,Bomber Jackets,45144043323520,46,12861567,3100.0,False,,https://kith.com/products/mmms50am0662-860
8286739562624,Maison Margiela Reversible Bomber Jacket - Dark Grey,mmms50am0662-860,Maison Margiela,Bomber Jackets,45144043356288,48,8056263573012,3100.0,False,,https://kith.com/products/mmms50am0662-860
8286739562624,Maison Margiela Reversible Bomber Jacket - Dark Grey,mmms50am0662-860,Maison Margiela,Bomber Jackets,45144043389056,50,8056263573029,3100.0,True,,https://kith.com/products/mmms50am0662-860
8286739562624,Maison Margiela Reversible Bomber Jacket - Dark Grey,mmms50am0662-860,Maison Margiela,Bomber Jackets,45144043421824,52,12861570,3100.0,False,,https://kith.com/products/mmms50am0662-860
8286739562624,Maison Margiela Reversible Bomber Jacket - Dark Grey,mmms50am0662-860,Maison Margiela,Bomber Jackets,45144043454592,54,12861571,3100.0,False,,https://kith.com/products/mmms50am0662-860
8286739562624,Maison Margiela Reversible Bomber Jacket - Dark Grey,mmms50am0662-860,Maison Margiela,Bomber Jackets,45144043487360,56,12861572,3100.0,False,,https://kith.com/products/mmms50am0662-860
8286739562624,Maison Margiela Reversible Bomber Jacket - Dark Grey,mmms50am0662-860,Maison Margiela,Bomber Jackets,45144043520128,58,12861573,3100.0,False,,https://kith.com/products/mmms50am0662-860
8286739562624,Maison Margiela Reversible Bomber Jacket - Dark Grey,mmms50am0662-860,Maison Margiela,Bomber Jackets,45144043552896,60,12861574,3100.0,False,,https://kith.com/products/mmms50am0662-860
8286739562624,Maison Margiela Reversible Bomber Jacket - Dark Grey,mmms50am0662-860,Maison Margiela,Bomber Jackets,45144043585664,62,12861575,3100.0,False,,https://kith.com/products/mmms50am0662-860
8286739562624,Maison Margiela Reversible Bomber Jacket - Dark Grey,mmms50am0662-860,Maison Margiela,Bomber Jackets,45144043618432,64,12861576,3100.0,False,,https://kith.com/products/mmms50am0662-860
8286739562624,Maison Margiela Reversible Bomber Jacket - Dark Grey,mmms50am0662-860,Maison Margiela,Bomber Jackets,45144043651200,66,12861577,3100.0,False,,https://kith.com/products/mmms50am0662-860
8286739628160,Maison Margiela Numeric Cotton Tee - Washed Black,mmms50gc0737-855,Maison Margiela,Short Sleeve Tees,45144044175488,XXS,12861616,720.0,False,,https://kith.com/products/mmms50gc0737-855
8286739628160,Maison Margiela Numeric Cotton Tee - Washed Black,mmms50gc0737-855,Maison Margiela,Short Sleeve Tees,45144044208256,XS,12861617,720.0,False,,https://kith.com/products/mmms50gc0737-855
8286739628160,Maison Margiela Numeric Cotton Tee - Washed Black,mmms50gc0737-855,Maison Margiela,Short Sleeve Tees,45144044241024,S,8056263595113,720.0,False,,https://kith.com/products/mmms50gc0737-855
8286739628160,Maison Margiela Numeric Cotton Tee - Washed Black,mmms50gc0737-855,Maison Margiela,Short Sleeve Tees,45144044273792,M,8056263595106,720.0,True,,https://kith.com/products/mmms50gc0737-855
8286739628160,Maison Margiela Numeric Cotton Tee - Washed Black,mmms50gc0737-855,Maison Margiela,Short Sleeve Tees,45144044306560,L,8056263595090,720.0,True,,https://kith.com/products/mmms50gc0737-855
8286739628160,Maison Margiela Numeric Cotton Tee - Washed Black,mmms50gc0737-855,Maison Margiela,Short Sleeve Tees,45144044339328,XL,12861621,720.0,False,,https://kith.com/products/mmms50gc0737-855
8286739628160,Maison Margiela Numeric Cotton Tee - Washed Black,mmms50gc0737-855,Maison Margiela,Short Sleeve Tees,45144044372096,XXL,12861622,720.0,False,,https://kith.com/products/mmms50gc0737-855
8286739628160,Maison Margiela Numeric Cotton Tee - Washed Black,mmms50gc0737-855,Maison Margiela,Short Sleeve Tees,45144044404864,XXXL,12861623,720.0,False,,https://kith.com/products/mmms50gc0737-855
8286739628160,Maison Margiela Numeric Cotton Tee - Washed Black,mmms50gc0737-855,Maison Margiela,Short Sleeve Tees,45144044437632,4XL,12861624,720.0,False,,https://kith.com/products/mmms50gc0737-855
8286739726464,Maison Margiela Minimal Jacket - Navy,mmms50bn0554-524,Maison Margiela,Jackets,45144045256832,38,12861578,1790.0,False,,https://kith.com/products/mmms50bn0554-524
8286739726464,Maison Margiela Minimal Jacket - Navy,mmms50bn0554-524,Maison Margiela,Jackets,45144045289600,40,12861579,1790.0,False,,https://kith.com/products/mmms50bn0554-524
8286739726464,Maison Margiela Minimal Jacket - Navy,mmms50bn0554-524,Maison Margiela,Jackets,45144045322368,42,12861580,1790.0,False,,https://kith.com/products/mmms50bn0554-524
8286739726464,Maison Margiela Minimal Jacket - Navy,mmms50bn0554-524,Maison Margiela,Jackets,45144045355136,44,12861581,1790.0,False,,https://kith.com/products/mmms50bn0554-524
8286739726464,Maison Margiela Minimal Jacket - Navy,mmms50bn0554-524,Maison Margiela,Jackets,45144045387904,46,12861582,1790.0,False,,https://kith.com/products/mmms50bn0554-524
8286739726464,Maison Margiela Minimal Jacket - Navy,mmms50bn0554-524,Maison Margiela,Jackets,45144045420672,48,8056263524243,1790.0,False,,https://kith.com/products/mmms50bn0554-524
8286739726464,Maison Margiela Minimal Jacket - Navy,mmms50bn0554-524,Maison Margiela,Jackets,45144045453440,50,8056263524250,1790.0,True,,https://kith.com/products/mmms50bn0554-524
8286739726464,Maison Margiela Minimal Jacket - Navy,mmms50bn0554-524,Maison Margiela,Jackets,45144045486208,52,12861585,1790.0,False,,https://kith.com/products/mmms50bn0554-524
8286739726464,Maison Margiela Minimal Jacket - Navy,mmms50bn0554-524,Maison Margiela,Jackets,45144045518976,54,12861586,1790.0,False,,https://kith.com/products/mmms50bn0554-524
8286739726464,Maison Margiela Minimal Jacket - Navy,mmms50bn0554-524,Maison Margiela,Jackets,45144045551744,56,12861587,1790.0,False,,https://kith.com/products/mmms50bn0554-524
8286739726464,Maison Margiela Minimal Jacket - Navy,mmms50bn0554-524,Maison Margiela,Jackets,45144045584512,58,12861588,1790.0,False,,https://kith.com/products/mmms50bn0554-524
8286739726464,Maison Margiela Minimal Jacket - Navy,mmms50bn0554-524,Maison Margiela,Jackets,45144045617280,60,12861589,1790.0,False,,https://kith.com/products/mmms50bn0554-524
8286739726464,Maison Margiela Minimal Jacket - Navy,mmms50bn0554-524,Maison Margiela,Jackets,45144045650048,62,12861590,1790.0,False,,https://kith.com/products/mmms50bn0554-524
8286739726464,Maison Margiela Minimal Jacket - Navy,mmms50bn0554-524,Maison Margiela,Jackets,45144045682816,64,12861591,1790.0,False,,https://kith.com/products/mmms50bn0554-524
8286739726464,Maison Margiela Minimal Jacket - Navy,mmms50bn0554-524,Maison Margiela,Jackets,45144045715584,66,12861592,1790.0,False,,https://kith.com/products/mmms50bn0554-524
8286739693696,Maison Margiela Graphic Patch Hoodie - Grey Melange,mmms50gu0256-857m,Maison Margiela,Hoodies,45144044961920,XXS,12861625,1220.0,False,,https://kith.com/products/mmms50gu0256-857m
8286739693696,Maison Margiela Graphic Patch Hoodie - Grey Melange,mmms50gu0256-857m,Maison Margiela,Hoodies,45144044994688,XS,12861626,1220.0,False,,https://kith.com/products/mmms50gu0256-857m
8286739693696,Maison Margiela Graphic Patch Hoodie - Grey Melange,mmms50gu0256-857m,Maison Margiela,Hoodies,45144045027456,S,12861627,1220.0,False,,https://kith.com/products/mmms50gu0256-857m
8286739693696,Maison Margiela Graphic Patch Hoodie - Grey Melange,mmms50gu0256-857m,Maison Margiela,Hoodies,45144045060224,M,8056263562634,1220.0,False,,https://kith.com/products/mmms50gu0256-857m
8286739693696,Maison Margiela Graphic Patch Hoodie - Grey Melange,mmms50gu0256-857m,Maison Margiela,Hoodies,45144045092992,L,8056263562627,1220.0,False,,https://kith.com/products/mmms50gu0256-857m
8286739693696,Maison Margiela Graphic Patch Hoodie - Grey Melange,mmms50gu0256-857m,Maison Margiela,Hoodies,45144045125760,XL,8056263562641,1220.0,False,,https://kith.com/products/mmms50gu0256-857m
8286739693696,Maison Margiela Graphic Patch Hoodie - Grey Melange,mmms50gu0256-857m,Maison Margiela,Hoodies,45144045158528,XXL,12861631,1220.0,False,,https://kith.com/products/mmms50gu0256-857m
8286739693696,Maison Margiela Graphic Patch Hoodie - Grey Melange,mmms50gu0256-857m,Maison Margiela,Hoodies,45144045191296,XXXL,12861632,1220.0,False,,https://kith.com/products/mmms50gu0256-857m
8286739693696,Maison Margiela Graphic Patch Hoodie - Grey Melange,mmms50gu0256-857m,Maison Margiela,Hoodies,45144045224064,4XL,12861633,1220.0,False,,https://kith.com/products/mmms50gu0256-857m
8286739660928,Maison Margiela Cotton Drawstring Trouser - Dark Blue,mmms50ka0735-511,Maison Margiela,Trousers,45144044470400,38,12861658,1430.0,False,,https://kith.com/products/mmms50ka0735-511
8286739660928,Maison Margiela Cotton Drawstring Trouser - Dark Blue,mmms50ka0735-511,Maison Margiela,Trousers,45144044503168,40,12861659,1430.0,False,,https://kith.com/products/mmms50ka0735-511
8286739660928,Maison Margiela Cotton Drawstring Trouser - Dark Blue,mmms50ka0735-511,Maison Margiela,Trousers,45144044535936,42,12861660,1430.0,False,,https://kith.com/products/mmms50ka0735-511
8286739660928,Maison Margiela Cotton Drawstring Trouser - Dark Blue,mmms50ka0735-511,Maison Margiela,Trousers,45144044568704,44,12861661,1430.0,False,,https://kith.com/products/mmms50ka0735-511
8286739660928,Maison Margiela Cotton Drawstring Trouser - Dark Blue,mmms50ka0735-511,Maison Margiela,Trousers,45144044601472,46,12861662,1430.0,False,,https://kith.com/products/mmms50ka0735-511
8286739660928,Maison Margiela Cotton Drawstring Trouser - Dark Blue,mmms50ka0735-511,Maison Margiela,Trousers,45144044634240,48,8056263593461,1430.0,False,,https://kith.com/products/mmms50ka0735-511
8286739660928,Maison Margiela Cotton Drawstring Trouser - Dark Blue,mmms50ka0735-511,Maison Margiela,Trousers,45144044667008,50,8056263593478,1430.0,True,,https://kith.com/products/mmms50ka0735-511
8286739660928,Maison Margiela Cotton Drawstring Trouser - Dark Blue,mmms50ka0735-511,Maison Margiela,Trousers,45144044699776,52,12861665,1430.0,False,,https://kith.com/products/mmms50ka0735-511
8286739660928,Maison Margiela Cotton Drawstring Trouser - Dark Blue,mmms50ka0735-511,Maison Margiela,Trousers,45144044732544,54,12861666,1430.0,False,,https://kith.com/products/mmms50ka0735-511
8286739660928,Maison Margiela Cotton Drawstring Trouser - Dark Blue,mmms50ka0735-511,Maison Margiela,Trousers,45144044765312,56,12861667,1430.0,False,,https://kith.com/products/mmms50ka0735-511
8286739660928,Maison Margiela Cotton Drawstring Trouser - Dark Blue,mmms50ka0735-511,Maison Margiela,Trousers,45144044798080,58,12861668,1430.0,False,,https://kith.com/products/mmms50ka0735-511
8286739660928,Maison Margiela Cotton Drawstring Trouser - Dark Blue,mmms50ka0735-511,Maison Margiela,Trousers,45144044830848,60,12861669,1430.0,False,,https://kith.com/products/mmms50ka0735-511
8286739660928,Maison Margiela Cotton Drawstring Trouser - Dark Blue,mmms50ka0735-511,Maison Margiela,Trousers,45144044863616,62,12861670,1430.0,False,,https://kith.com/products/mmms50ka0735-511
8286739660928,Maison Margiela Cotton Drawstring Trouser - Dark Blue,mmms50ka0735-511,Maison Margiela,Trousers,45144044896384,64,12861671,1430.0,False,,https://kith.com/products/mmms50ka0735-511
8286739660928,Maison Margiela Cotton Drawstring Trouser - Dark Blue,mmms50ka0735-511,Maison Margiela,Trousers,45144044929152,66,12861672,1430.0,False,,https://kith.com/products/mmms50ka0735-511
8286727438464,Luv AJ The MLB Layered Nameplate New York Giants Necklace - Gold,laj-nfl-n16-g-nyg,Luv AJ,Necklaces,45143939973248,OS,991419081011,50.0,True,,https://kith.com/products/laj-nfl-n16-g-nyg
8286727307392,Luv AJ The MLB Layered Nameplate Miami Dolphins Necklace - Gold,laj-nfl-n16-g-mia,Luv AJ,Necklaces,45143939874944,OS,991419081028,50.0,True,,https://kith.com/products/laj-nfl-n16-g-mia
8286727569536,Luv AJ The Miami Dolphins Coin Necklace - Gold,laj-nfl-n7-g-mia,Luv AJ,Necklaces,45143940137088,OS,991419081035,45.0,True,,https://kith.com/products/laj-nfl-n7-g-mia
8286727536768,Luv AJ The Logo Charm New York Giants Necklace - Gold,laj-nfl-n4-g-nyg,Luv AJ,Necklaces,45143940104320,OS,991419081004,45.0,True,,https://kith.com/products/laj-nfl-n4-g-nyg
8286728683648,KOZABURO Slim Fit Denim Jacket - Indigo,1219-o-004a,KOZABURO,Denim Jackets,45143951147136,0,10882300,615.0,False,,https://kith.com/products/1219-o-004a
8286728683648,KOZABURO Slim Fit Denim Jacket - Indigo,1219-o-004a,KOZABURO,Denim Jackets,45143951179904,1,10882301,615.0,True,,https://kith.com/products/1219-o-004a
8286728683648,KOZABURO Slim Fit Denim Jacket - Indigo,1219-o-004a,KOZABURO,Denim Jackets,45143951212672,2,10882302,615.0,True,,https://kith.com/products/1219-o-004a
8286728683648,KOZABURO Slim Fit Denim Jacket - Indigo,1219-o-004a,KOZABURO,Denim Jackets,45143951245440,3,10882303,615.0,True,,https://kith.com/products/1219-o-004a
8286728683648,KOZABURO Slim Fit Denim Jacket - Indigo,1219-o-004a,KOZABURO,Denim Jackets,45143951278208,4,10882304,615.0,False,,https://kith.com/products/1219-o-004a
8286728683648,KOZABURO Slim Fit Denim Jacket - Indigo,1219-o-004a,KOZABURO,Denim Jackets,45143951310976,5,10882305,615.0,False,,https://kith.com/products/1219-o-004a
8286728683648,KOZABURO Slim Fit Denim Jacket - Indigo,1219-o-004a,KOZABURO,Denim Jackets,45143951343744,6,10882306,615.0,False,,https://kith.com/products/1219-o-004a
8286728683648,KOZABURO Slim Fit Denim Jacket - Indigo,1219-o-004a,KOZABURO,Denim Jackets,45143951376512,7,10882307,615.0,False,,https://kith.com/products/1219-o-004a
8286728683648,KOZABURO Slim Fit Denim Jacket - Indigo,1219-o-004a,KOZABURO,Denim Jackets,45143951409280,8,10882308,615.0,False,,https://kith.com/products/1219-o-004a
8286728683648,KOZABURO Slim Fit Denim Jacket - Indigo,1219-o-004a,KOZABURO,Denim Jackets,45143951442048,9,10882309,615.0,False,,https://kith.com/products/1219-o-004a
8286728683648,KOZABURO Slim Fit Denim Jacket - Indigo,1219-o-004a,KOZABURO,Denim Jackets,45143951474816,10,10882310,615.0,False,,https://kith.com/products/1219-o-004a
8286728683648,KOZABURO Slim Fit Denim Jacket - Indigo,1219-o-004a,KOZABURO,Denim Jackets,45143951507584,11,10882311,615.0,False,,https://kith.com/products/1219-o-004a
8286728683648,KOZABURO Slim Fit Denim Jacket - Indigo,1219-o-004a,KOZABURO,Denim Jackets,45143951540352,12,10882312,615.0,False,,https://kith.com/products/1219-o-004a
8286728683648,KOZABURO Slim Fit Denim Jacket - Indigo,1219-o-004a,KOZABURO,Denim Jackets,45143951573120,13,10882313,615.0,False,,https://kith.com/products/1219-o-004a
8286728683648,KOZABURO Slim Fit Denim Jacket - Indigo,1219-o-004a,KOZABURO,Denim Jackets,45143951605888,16,10882314,615.0,False,,https://kith.com/products/1219-o-004a
8286728683648,KOZABURO Slim Fit Denim Jacket - Indigo,1219-o-004a,KOZABURO,Denim Jackets,45143951638656,14,10882315,615.0,False,,https://kith.com/products/1219-o-004a
8286729044096,KOZABURO Poe Print Zip Up Hoodie - Gray,1719-t-001b,KOZABURO,Hoodies,45143955538048,0,10882332,315.0,False,,https://kith.com/products/1719-t-001b
8286729044096,KOZABURO Poe Print Zip Up Hoodie - Gray,1719-t-001b,KOZABURO,Hoodies,45143955570816,1,10882333,315.0,True,,https://kith.com/products/1719-t-001b
8286729044096,KOZABURO Poe Print Zip Up Hoodie - Gray,1719-t-001b,KOZABURO,Hoodies,45143955603584,2,10882334,315.0,False,,https://kith.com/products/1719-t-001b
8286729044096,KOZABURO Poe Print Zip Up Hoodie - Gray,1719-t-001b,KOZABURO,Hoodies,45143955636352,3,10882335,315.0,True,,https://kith.com/products/1719-t-001b
8286729044096,KOZABURO Poe Print Zip Up Hoodie - Gray,1719-t-001b,KOZABURO,Hoodies,45143955669120,4,10882336,315.0,False,,https://kith.com/products/1719-t-001b
8286729044096,KOZABURO Poe Print Zip Up Hoodie - Gray,1719-t-001b,KOZABURO,Hoodies,45143955701888,5,10882337,315.0,False,,https://kith.com/products/1719-t-001b
8286729044096,KOZABURO Poe Print Zip Up Hoodie - Gray,1719-t-001b,KOZABURO,Hoodies,45143955734656,6,10882338,315.0,False,,https://kith.com/products/1719-t-001b
8286729044096,KOZABURO Poe Print Zip Up Hoodie - Gray,1719-t-001b,KOZABURO,Hoodies,45143955767424,7,10882339,315.0,False,,https://kith.com/products/1719-t-001b
8286729044096,KOZABURO Poe Print Zip Up Hoodie - Gray,1719-t-001b,KOZABURO,Hoodies,45143955800192,8,10882340,315.0,False,,https://kith.com/products/1719-t-001b
8286729044096,KOZABURO Poe Print Zip Up Hoodie - Gray,1719-t-001b,KOZABURO,Hoodies,45143955832960,9,10882341,315.0,False,,https://kith.com/products/1719-t-001b
8286729044096,KOZABURO Poe Print Zip Up Hoodie - Gray,1719-t-001b,KOZABURO,Hoodies,45143955865728,10,10882342,315.0,False,,https://kith.com/products/1719-t-001b
8286729044096,KOZABURO Poe Print Zip Up Hoodie - Gray,1719-t-001b,KOZABURO,Hoodies,45143955898496,11,10882343,315.0,False,,https://kith.com/products/1719-t-001b
8286729044096,KOZABURO Poe Print Zip Up Hoodie - Gray,1719-t-001b,KOZABURO,Hoodies,45143955931264,12,10882344,315.0,False,,https://kith.com/products/1719-t-001b
8286729044096,KOZABURO Poe Print Zip Up Hoodie - Gray,1719-t-001b,KOZABURO,Hoodies,45143955964032,13,10882345,315.0,False,,https://kith.com/products/1719-t-001b
8286729044096,KOZABURO Poe Print Zip Up Hoodie - Gray,1719-t-001b,KOZABURO,Hoodies,45143955996800,16,10882346,315.0,False,,https://kith.com/products/1719-t-001b
8286729044096,KOZABURO Poe Print Zip Up Hoodie - Gray,1719-t-001b,KOZABURO,Hoodies,45143956029568,14,10882347,315.0,False,,https://kith.com/products/1719-t-001b
8286731829376,KOZABURO Looper Jean - Indigo,1419-p-005a,KOZABURO,Jeans,45143975100544,0,10882316,465.0,False,,https://kith.com/products/1419-p-005a
8286731829376,KOZABURO Looper Jean - Indigo,1419-p-005a,KOZABURO,Jeans,45143975133312,1,10882317,465.0,True,,https://kith.com/products/1419-p-005a
8286731829376,KOZABURO Looper Jean - Indigo,1419-p-005a,KOZABURO,Jeans,45143975166080,2,10882318,465.0,True,,https://kith.com/products/1419-p-005a
8286731829376,KOZABURO Looper Jean - Indigo,1419-p-005a,KOZABURO,Jeans,45143975198848,3,10882319,465.0,True,,https://kith.com/products/1419-p-005a
8286731829376,KOZABURO Looper Jean - Indigo,1419-p-005a,KOZABURO,Jeans,45143975231616,4,10882320,465.0,False,,https://kith.com/products/1419-p-005a
8286731829376,KOZABURO Looper Jean - Indigo,1419-p-005a,KOZABURO,Jeans,45143975264384,5,10882321,465.0,False,,https://kith.com/products/1419-p-005a
8286731829376,KOZABURO Looper Jean - Indigo,1419-p-005a,KOZABURO,Jeans,45143975297152,6,10882322,465.0,False,,https://kith.com/products/1419-p-005a
8286731829376,KOZABURO Looper Jean - Indigo,1419-p-005a,KOZABURO,Jeans,45143975329920,7,10882323,465.0,False,,https://kith.com/products/1419-p-005a
8286731829376,KOZABURO Looper Jean - Indigo,1419-p-005a,KOZABURO,Jeans,45143975362688,8,10882324,465.0,False,,https://kith.com/products/1419-p-005a
8286731829376,KOZABURO Looper Jean - Indigo,1419-p-005a,KOZABURO,Jeans,45143975395456,9,10882325,465.0,False,,https://kith.com/products/1419-p-005a
8286731829376,KOZABURO Looper Jean - Indigo,1419-p-005a,KOZABURO,Jeans,45143975428224,10,10882326,465.0,False,,https://kith.com/products/1419-p-005a
8286731829376,KOZABURO Looper Jean - Indigo,1419-p-005a,KOZABURO,Jeans,45143975460992,11,10882327,465.0,False,,https://kith.com/products/1419-p-005a
8286731829376,KOZABURO Looper Jean - Indigo,1419-p-005a,KOZABURO,Jeans,45143975493760,12,10882328,465.0,False,,https://kith.com/products/1419-p-005a
8286731829376,KOZABURO Looper Jean - Indigo,1419-p-005a,KOZABURO,Jeans,45143975526528,13,10882329,465.0,False,,https://kith.com/products/1419-p-005a
8286731829376,KOZABURO Looper Jean - Indigo,1419-p-005a,KOZABURO,Jeans,45143975559296,16,10882330,465.0,False,,https://kith.com/products/1419-p-005a
8286731829376,KOZABURO Looper Jean - Indigo,1419-p-005a,KOZABURO,Jeans,45143975592064,14,10882331,465.0,False,,https://kith.com/products/1419-p-005a
8286728978560,KOZABURO Dexter Sweatpant - Light Gray,1919-p-008b,KOZABURO,Sweatpants,45143954489472,0,10882348,290.0,False,,https://kith.com/products/1919-p-008b
8286728978560,KOZABURO Dexter Sweatpant - Light Gray,1919-p-008b,KOZABURO,Sweatpants,45143954522240,1,10882349,290.0,True,,https://kith.com/products/1919-p-008b
8286728978560,KOZABURO Dexter Sweatpant - Light Gray,1919-p-008b,KOZABURO,Sweatpants,45143954555008,2,10882350,290.0,True,,https://kith.com/products/1919-p-008b
8286728978560,KOZABURO Dexter Sweatpant - Light Gray,1919-p-008b,KOZABURO,Sweatpants,45143954587776,3,10882351,290.0,True,,https://kith.com/products/1919-p-008b
8286728978560,KOZABURO Dexter Sweatpant - Light Gray,1919-p-008b,KOZABURO,Sweatpants,45143954620544,4,10882352,290.0,False,,https://kith.com/products/1919-p-008b
8286728978560,KOZABURO Dexter Sweatpant - Light Gray,1919-p-008b,KOZABURO,Sweatpants,45143954653312,5,10882353,290.0,False,,https://kith.com/products/1919-p-008b
8286728978560,KOZABURO Dexter Sweatpant - Light Gray,1919-p-008b,KOZABURO,Sweatpants,45143954686080,6,10882354,290.0,False,,https://kith.com/products/1919-p-008b
8286728978560,KOZABURO Dexter Sweatpant - Light Gray,1919-p-008b,KOZABURO,Sweatpants,45143954718848,7,10882355,290.0,False,,https://kith.com/products/1919-p-008b
8286728978560,KOZABURO Dexter Sweatpant - Light Gray,1919-p-008b,KOZABURO,Sweatpants,45143954751616,8,10882356,290.0,False,,https://kith.com/products/1919-p-008b
8286728978560,KOZABURO Dexter Sweatpant - Light Gray,1919-p-008b,KOZABURO,Sweatpants,45143954784384,9,10882357,290.0,False,,https://kith.com/products/1919-p-008b
8286728978560,KOZABURO Dexter Sweatpant - Light Gray,1919-p-008b,KOZABURO,Sweatpants,45143954817152,10,10882358,290.0,False,,https://kith.com/products/1919-p-008b
8286728978560,KOZABURO Dexter Sweatpant - Light Gray,1919-p-008b,KOZABURO,Sweatpants,45143954849920,11,10882359,290.0,False,,https://kith.com/products/1919-p-008b
8286728978560,KOZABURO Dexter Sweatpant - Light Gray,1919-p-008b,KOZABURO,Sweatpants,45143954882688,12,10882360,290.0,False,,https://kith.com/products/1919-p-008b
8286728978560,KOZABURO Dexter Sweatpant - Light Gray,1919-p-008b,KOZABURO,Sweatpants,45143954915456,13,10882361,290.0,False,,https://kith.com/products/1919-p-008b
8286728978560,KOZABURO Dexter Sweatpant - Light Gray,1919-p-008b,KOZABURO,Sweatpants,45143954948224,16,10882362,290.0,False,,https://kith.com/products/1919-p-008b
8286728978560,KOZABURO Dexter Sweatpant - Light Gray,1919-p-008b,KOZABURO,Sweatpants,45143954980992,14,10882363,290.0,False,,https://kith.com/products/1919-p-008b
8286728880256,KOZABURO Boxy Fit Flap Pocket Shirt - Blue,0619-s-001a,KOZABURO,Button Up Shirts,45143953375360,0,10882268,515.0,False,,https://kith.com/products/0619-s-001a
8286728880256,KOZABURO Boxy Fit Flap Pocket Shirt - Blue,0619-s-001a,KOZABURO,Button Up Shirts,45143953408128,1,10882269,515.0,True,,https://kith.com/products/0619-s-001a
8286728880256,KOZABURO Boxy Fit Flap Pocket Shirt - Blue,0619-s-001a,KOZABURO,Button Up Shirts,45143953440896,2,10882270,515.0,False,,https://kith.com/products/0619-s-001a
8286728880256,KOZABURO Boxy Fit Flap Pocket Shirt - Blue,0619-s-001a,KOZABURO,Button Up Shirts,45143953473664,3,10882271,515.0,False,,https://kith.com/products/0619-s-001a
8286728880256,KOZABURO Boxy Fit Flap Pocket Shirt - Blue,0619-s-001a,KOZABURO,Button Up Shirts,45143953506432,4,10882272,515.0,False,,https://kith.com/products/0619-s-001a
8286728880256,KOZABURO Boxy Fit Flap Pocket Shirt - Blue,0619-s-001a,KOZABURO,Button Up Shirts,45143953539200,5,10882273,515.0,False,,https://kith.com/products/0619-s-001a
8286728880256,KOZABURO Boxy Fit Flap Pocket Shirt - Blue,0619-s-001a,KOZABURO,Button Up Shirts,45143953571968,6,10882274,515.0,False,,https://kith.com/products/0619-s-001a
8286728880256,KOZABURO Boxy Fit Flap Pocket Shirt - Blue,0619-s-001a,KOZABURO,Button Up Shirts,45143953604736,7,10882275,515.0,False,,https://kith.com/products/0619-s-001a
8286728880256,KOZABURO Boxy Fit Flap Pocket Shirt - Blue,0619-s-001a,KOZABURO,Button Up Shirts,45143953637504,8,10882276,515.0,False,,https://kith.com/products/0619-s-001a
8286728880256,KOZABURO Boxy Fit Flap Pocket Shirt - Blue,0619-s-001a,KOZABURO,Button Up Shirts,45143953670272,9,10882277,515.0,False,,https://kith.com/products/0619-s-001a
8286728880256,KOZABURO Boxy Fit Flap Pocket Shirt - Blue,0619-s-001a,KOZABURO,Button Up Shirts,45143953703040,10,10882278,515.0,False,,https://kith.com/products/0619-s-001a
8286728880256,KOZABURO Boxy Fit Flap Pocket Shirt - Blue,0619-s-001a,KOZABURO,Button Up Shirts,45143953735808,11,10882279,515.0,False,,https://kith.com/products/0619-s-001a
8286728880256,KOZABURO Boxy Fit Flap Pocket Shirt - Blue,0619-s-001a,KOZABURO,Button Up Shirts,45143953768576,12,10882280,515.0,False,,https://kith.com/products/0619-s-001a
8286728880256,KOZABURO Boxy Fit Flap Pocket Shirt - Blue,0619-s-001a,KOZABURO,Button Up Shirts,45143953801344,13,10882281,515.0,False,,https://kith.com/products/0619-s-001a
8286728880256,KOZABURO Boxy Fit Flap Pocket Shirt - Blue,0619-s-001a,KOZABURO,Button Up Shirts,45143953834112,16,10882282,515.0,False,,https://kith.com/products/0619-s-001a
8286728880256,KOZABURO Boxy Fit Flap Pocket Shirt - Blue,0619-s-001a,KOZABURO,Button Up Shirts,45143953866880,14,10882283,515.0,False,,https://kith.com/products/0619-s-001a
8286728781952,KOZABURO Boxy Fit Flap Pocket Shirt - Black,0619-s-001b,KOZABURO,Button Up Shirts,45143952556160,0,10882284,515.0,False,,https://kith.com/products/0619-s-001b
8286728781952,KOZABURO Boxy Fit Flap Pocket Shirt - Black,0619-s-001b,KOZABURO,Button Up Shirts,45143952588928,1,10882285,515.0,True,,https://kith.com/products/0619-s-001b
8286728781952,KOZABURO Boxy Fit Flap Pocket Shirt - Black,0619-s-001b,KOZABURO,Button Up Shirts,45143952621696,2,10882286,515.0,True,,https://kith.com/products/0619-s-001b
8286728781952,KOZABURO Boxy Fit Flap Pocket Shirt - Black,0619-s-001b,KOZABURO,Button Up Shirts,45143952654464,3,10882287,515.0,True,,https://kith.com/products/0619-s-001b
8286728781952,KOZABURO Boxy Fit Flap Pocket Shirt - Black,0619-s-001b,KOZABURO,Button Up Shirts,45143952687232,4,10882288,515.0,False,,https://kith.com/products/0619-s-001b
8286728781952,KOZABURO Boxy Fit Flap Pocket Shirt - Black,0619-s-001b,KOZABURO,Button Up Shirts,45143952720000,5,10882289,515.0,False,,https://kith.com/products/0619-s-001b
8286728781952,KOZABURO Boxy Fit Flap Pocket Shirt - Black,0619-s-001b,KOZABURO,Button Up Shirts,45143952752768,6,10882290,515.0,False,,https://kith.com/products/0619-s-001b
8286728781952,KOZABURO Boxy Fit Flap Pocket Shirt - Black,0619-s-001b,KOZABURO,Button Up Shirts,45143952785536,7,10882291,515.0,False,,https://kith.com/products/0619-s-001b
8286728781952,KOZABURO Boxy Fit Flap Pocket Shirt - Black,0619-s-001b,KOZABURO,Button Up Shirts,45143952818304,8,10882292,515.0,False,,https://kith.com/products/0619-s-001b
8286728781952,KOZABURO Boxy Fit Flap Pocket Shirt - Black,0619-s-001b,KOZABURO,Button Up Shirts,45143952851072,9,10882293,515.0,False,,https://kith.com/products/0619-s-001b
8286728781952,KOZABURO Boxy Fit Flap Pocket Shirt - Black,0619-s-001b,KOZABURO,Button Up Shirts,45143952883840,10,10882294,515.0,False,,https://kith.com/products/0619-s-001b
8286728781952,KOZABURO Boxy Fit Flap Pocket Shirt - Black,0619-s-001b,KOZABURO,Button Up Shirts,45143952916608,11,10882295,515.0,False,,https://kith.com/products/0619-s-001b
8286728781952,KOZABURO Boxy Fit Flap Pocket Shirt - Black,0619-s-001b,KOZABURO,Button Up Shirts,45143952949376,12,10882296,515.0,False,,https://kith.com/products/0619-s-001b
8286728781952,KOZABURO Boxy Fit Flap Pocket Shirt - Black,0619-s-001b,KOZABURO,Button Up Shirts,45143952982144,13,10882297,515.0,False,,https://kith.com/products/0619-s-001b
8286728781952,KOZABURO Boxy Fit Flap Pocket Shirt - Black,0619-s-001b,KOZABURO,Button Up Shirts,45143953014912,16,10882298,515.0,False,,https://kith.com/products/0619-s-001b
8286728781952,KOZABURO Boxy Fit Flap Pocket Shirt - Black,0619-s-001b,KOZABURO,Button Up Shirts,45143953047680,14,10882299,515.0,False,,https://kith.com/products/0619-s-001b
8286729175168,Kim Shui Selina QiPao Top - Black,ks2026fw-42,Kim Shui,Tank Tops,45143956422784,XXS,14320727,495.0,False,,https://kith.com/products/ks2026fw-42
8286729175168,Kim Shui Selina QiPao Top - Black,ks2026fw-42,Kim Shui,Tank Tops,45143956455552,XS,14320728,495.0,True,,https://kith.com/products/ks2026fw-42
8286729175168,Kim Shui Selina QiPao Top - Black,ks2026fw-42,Kim Shui,Tank Tops,45143956488320,S,14320729,495.0,True,,https://kith.com/products/ks2026fw-42
8286729175168,Kim Shui Selina QiPao Top - Black,ks2026fw-42,Kim Shui,Tank Tops,45143956521088,M,14320730,495.0,True,,https://kith.com/products/ks2026fw-42
8286729175168,Kim Shui Selina QiPao Top - Black,ks2026fw-42,Kim Shui,Tank Tops,45143956553856,L,14320731,495.0,True,,https://kith.com/products/ks2026fw-42
8286729175168,Kim Shui Selina QiPao Top - Black,ks2026fw-42,Kim Shui,Tank Tops,45143956586624,XL,14320732,495.0,False,,https://kith.com/products/ks2026fw-42
8286729175168,Kim Shui Selina QiPao Top - Black,ks2026fw-42,Kim Shui,Tank Tops,45143956619392,XXL,14320733,495.0,False,,https://kith.com/products/ks2026fw-42
8286729175168,Kim Shui Selina QiPao Top - Black,ks2026fw-42,Kim Shui,Tank Tops,45143956652160,XXXL,14320734,495.0,False,,https://kith.com/products/ks2026fw-42
8286729175168,Kim Shui Selina QiPao Top - Black,ks2026fw-42,Kim Shui,Tank Tops,45143956684928,4XL,14320735,495.0,False,,https://kith.com/products/ks2026fw-42
8286726488192,Kim Shui Selina Pencil Skirt - Black,ks2026fw-43,Kim Shui,Mini Skirts,45143938793600,XXS,14320736,395.0,False,,https://kith.com/products/ks2026fw-43
8286726488192,Kim Shui Selina Pencil Skirt - Black,ks2026fw-43,Kim Shui,Mini Skirts,45143938826368,XS,14320737,395.0,True,,https://kith.com/products/ks2026fw-43
8286726488192,Kim Shui Selina Pencil Skirt - Black,ks2026fw-43,Kim Shui,Mini Skirts,45143938859136,S,14320738,395.0,False,,https://kith.com/products/ks2026fw-43
8286726488192,Kim Shui Selina Pencil Skirt - Black,ks2026fw-43,Kim Shui,Mini Skirts,45143938891904,M,14320739,395.0,False,,https://kith.com/products/ks2026fw-43
8286726488192,Kim Shui Selina Pencil Skirt - Black,ks2026fw-43,Kim Shui,Mini Skirts,45143938924672,L,14320740,395.0,True,,https://kith.com/products/ks2026fw-43
8286726488192,Kim Shui Selina Pencil Skirt - Black,ks2026fw-43,Kim Shui,Mini Skirts,45143938957440,XL,14320741,395.0,False,,https://kith.com/products/ks2026fw-43
8286726488192,Kim Shui Selina Pencil Skirt - Black,ks2026fw-43,Kim Shui,Mini Skirts,45143938990208,XXL,14320742,395.0,False,,https://kith.com/products/ks2026fw-43
8286726488192,Kim Shui Selina Pencil Skirt - Black,ks2026fw-43,Kim Shui,Mini Skirts,45143939022976,XXXL,14320743,395.0,False,,https://kith.com/products/ks2026fw-43
8286726488192,Kim Shui Selina Pencil Skirt - Black,ks2026fw-43,Kim Shui,Mini Skirts,45143939055744,4XL,14320744,395.0,False,,https://kith.com/products/ks2026fw-43
8286726357120,Kim Shui Moon Silk Brocade Cropped Jacket - Vermillion,ks2026fw-14,Kim Shui,Jackets,45143937613952,XXS,14320790,580.0,False,,https://kith.com/products/ks2026fw-14
8286726357120,Kim Shui Moon Silk Brocade Cropped Jacket - Vermillion,ks2026fw-14,Kim Shui,Jackets,45143937646720,XS,14320791,580.0,False,,https://kith.com/products/ks2026fw-14
8286726357120,Kim Shui Moon Silk Brocade Cropped Jacket - Vermillion,ks2026fw-14,Kim Shui,Jackets,45143937679488,S,14320792,580.0,True,,https://kith.com/products/ks2026fw-14
8286726357120,Kim Shui Moon Silk Brocade Cropped Jacket - Vermillion,ks2026fw-14,Kim Shui,Jackets,45143937712256,M,14320793,580.0,True,,https://kith.com/products/ks2026fw-14
8286726357120,Kim Shui Moon Silk Brocade Cropped Jacket - Vermillion,ks2026fw-14,Kim Shui,Jackets,45143937745024,L,14320794,580.0,True,,https://kith.com/products/ks2026fw-14
8286726357120,Kim Shui Moon Silk Brocade Cropped Jacket - Vermillion,ks2026fw-14,Kim Shui,Jackets,45143937777792,XL,14320795,580.0,False,,https://kith.com/products/ks2026fw-14
8286726357120,Kim Shui Moon Silk Brocade Cropped Jacket - Vermillion,ks2026fw-14,Kim Shui,Jackets,45143937810560,XXL,14320796,580.0,False,,https://kith.com/products/ks2026fw-14
8286726357120,Kim Shui Moon Silk Brocade Cropped Jacket - Vermillion,ks2026fw-14,Kim Shui,Jackets,45143937843328,XXXL,14320797,580.0,False,,https://kith.com/products/ks2026fw-14
8286726357120,Kim Shui Moon Silk Brocade Cropped Jacket - Vermillion,ks2026fw-14,Kim Shui,Jackets,45143937876096,4XL,14320798,580.0,False,,https://kith.com/products/ks2026fw-14
8286726455424,Kim Shui Meredith Dress - Tiger,ks2026fw-17,Kim Shui,Maxi Dresses,45143938203776,XXS,14320763,395.0,False,,https://kith.com/products/ks2026fw-17
8286726455424,Kim Shui Meredith Dress - Tiger,ks2026fw-17,Kim Shui,Maxi Dresses,45143938236544,XS,14320764,395.0,True,,https://kith.com/products/ks2026fw-17
8286726455424,Kim Shui Meredith Dress - Tiger,ks2026fw-17,Kim Shui,Maxi Dresses,45143938269312,S,14320765,395.0,True,,https://kith.com/products/ks2026fw-17
8286726455424,Kim Shui Meredith Dress - Tiger,ks2026fw-17,Kim Shui,Maxi Dresses,45143938302080,M,14320766,395.0,True,,https://kith.com/products/ks2026fw-17
8286726455424,Kim Shui Meredith Dress - Tiger,ks2026fw-17,Kim Shui,Maxi Dresses,45143938334848,L,14320767,395.0,True,,https://kith.com/products/ks2026fw-17
8286726455424,Kim Shui Meredith Dress - Tiger,ks2026fw-17,Kim Shui,Maxi Dresses,45143938367616,XL,14320768,395.0,False,,https://kith.com/products/ks2026fw-17
8286726455424,Kim Shui Meredith Dress - Tiger,ks2026fw-17,Kim Shui,Maxi Dresses,45143938400384,XXL,14320769,395.0,False,,https://kith.com/products/ks2026fw-17
8286726455424,Kim Shui Meredith Dress - Tiger,ks2026fw-17,Kim Shui,Maxi Dresses,45143938433152,XXXL,14320770,395.0,False,,https://kith.com/products/ks2026fw-17
8286726455424,Kim Shui Meredith Dress - Tiger,ks2026fw-17,Kim Shui,Maxi Dresses,45143938465920,4XL,14320771,395.0,False,,https://kith.com/products/ks2026fw-17
8286726324352,Kim Shui Mare Wool Mini Skirt - Orange,ks2026fw-19,Kim Shui,Mini Skirts,45143937319040,XXS,14320781,295.0,False,,https://kith.com/products/ks2026fw-19
8286726324352,Kim Shui Mare Wool Mini Skirt - Orange,ks2026fw-19,Kim Shui,Mini Skirts,45143937351808,XS,14320782,295.0,False,,https://kith.com/products/ks2026fw-19
8286726324352,Kim Shui Mare Wool Mini Skirt - Orange,ks2026fw-19,Kim Shui,Mini Skirts,45143937384576,S,14320783,295.0,True,,https://kith.com/products/ks2026fw-19
8286726324352,Kim Shui Mare Wool Mini Skirt - Orange,ks2026fw-19,Kim Shui,Mini Skirts,45143937417344,M,14320784,295.0,True,,https://kith.com/products/ks2026fw-19
8286726324352,Kim Shui Mare Wool Mini Skirt - Orange,ks2026fw-19,Kim Shui,Mini Skirts,45143937450112,L,14320785,295.0,True,,https://kith.com/products/ks2026fw-19
8286726324352,Kim Shui Mare Wool Mini Skirt - Orange,ks2026fw-19,Kim Shui,Mini Skirts,45143937482880,XL,14320786,295.0,False,,https://kith.com/products/ks2026fw-19
8286726324352,Kim Shui Mare Wool Mini Skirt - Orange,ks2026fw-19,Kim Shui,Mini Skirts,45143937515648,XXL,14320787,295.0,False,,https://kith.com/products/ks2026fw-19
8286726324352,Kim Shui Mare Wool Mini Skirt - Orange,ks2026fw-19,Kim Shui,Mini Skirts,45143937548416,XXXL,14320788,295.0,False,,https://kith.com/products/ks2026fw-19
8286726324352,Kim Shui Mare Wool Mini Skirt - Orange,ks2026fw-19,Kim Shui,Mini Skirts,45143937581184,4XL,14320789,295.0,False,,https://kith.com/products/ks2026fw-19
8286726389888,Kim Shui Mare Wool Jacket - Orange,ks2026fw-18,Kim Shui,Jackets,45143937908864,XXS,14320772,495.0,False,,https://kith.com/products/ks2026fw-18
8286726389888,Kim Shui Mare Wool Jacket - Orange,ks2026fw-18,Kim Shui,Jackets,45143937941632,XS,14320773,495.0,False,,https://kith.com/products/ks2026fw-18
8286726389888,Kim Shui Mare Wool Jacket - Orange,ks2026fw-18,Kim Shui,Jackets,45143937974400,S,14320774,495.0,True,,https://kith.com/products/ks2026fw-18
8286726389888,Kim Shui Mare Wool Jacket - Orange,ks2026fw-18,Kim Shui,Jackets,45143938007168,M,14320775,495.0,True,,https://kith.com/products/ks2026fw-18
8286726389888,Kim Shui Mare Wool Jacket - Orange,ks2026fw-18,Kim Shui,Jackets,45143938039936,L,14320776,495.0,True,,https://kith.com/products/ks2026fw-18
8286726389888,Kim Shui Mare Wool Jacket - Orange,ks2026fw-18,Kim Shui,Jackets,45143938072704,XL,14320777,495.0,False,,https://kith.com/products/ks2026fw-18
8286726389888,Kim Shui Mare Wool Jacket - Orange,ks2026fw-18,Kim Shui,Jackets,45143938105472,XXL,14320778,495.0,False,,https://kith.com/products/ks2026fw-18
8286726389888,Kim Shui Mare Wool Jacket - Orange,ks2026fw-18,Kim Shui,Jackets,45143938138240,XXXL,14320779,495.0,False,,https://kith.com/products/ks2026fw-18
8286726389888,Kim Shui Mare Wool Jacket - Orange,ks2026fw-18,Kim Shui,Jackets,45143938171008,4XL,14320780,495.0,False,,https://kith.com/products/ks2026fw-18
8286728290432,Kim Shui Lauren Mini Skirt - Army Green,ks2026fw-07,Kim Shui,Mini Skirts,45143946625152,XXS,14320799,295.0,False,,https://kith.com/products/ks2026fw-07
8286728290432,Kim Shui Lauren Mini Skirt - Army Green,ks2026fw-07,Kim Shui,Mini Skirts,45143946657920,XS,14320800,295.0,True,,https://kith.com/products/ks2026fw-07
8286728290432,Kim Shui Lauren Mini Skirt - Army Green,ks2026fw-07,Kim Shui,Mini Skirts,45143946690688,S,14320801,295.0,True,,https://kith.com/products/ks2026fw-07
8286728290432,Kim Shui Lauren Mini Skirt - Army Green,ks2026fw-07,Kim Shui,Mini Skirts,45143946723456,M,14320802,295.0,False,,https://kith.com/products/ks2026fw-07
8286728290432,Kim Shui Lauren Mini Skirt - Army Green,ks2026fw-07,Kim Shui,Mini Skirts,45143946756224,L,14320803,295.0,True,,https://kith.com/products/ks2026fw-07
8286728290432,Kim Shui Lauren Mini Skirt - Army Green,ks2026fw-07,Kim Shui,Mini Skirts,45143946788992,XL,14320804,295.0,False,,https://kith.com/products/ks2026fw-07
8286728290432,Kim Shui Lauren Mini Skirt - Army Green,ks2026fw-07,Kim Shui,Mini Skirts,45143946821760,XXL,14320805,295.0,False,,https://kith.com/products/ks2026fw-07
8286728290432,Kim Shui Lauren Mini Skirt - Army Green,ks2026fw-07,Kim Shui,Mini Skirts,45143946854528,XXXL,14320806,295.0,False,,https://kith.com/products/ks2026fw-07
8286728290432,Kim Shui Lauren Mini Skirt - Army Green,ks2026fw-07,Kim Shui,Mini Skirts,45143946887296,4XL,14320807,295.0,False,,https://kith.com/products/ks2026fw-07
8286726226048,Kim Shui Crushed Velvet Qipao Top with Keyhole - Emerald,ks2026fw-30,Kim Shui,Short Sleeve Tops,45143936696448,XXS,14320745,295.0,False,,https://kith.com/products/ks2026fw-30
8286726226048,Kim Shui Crushed Velvet Qipao Top with Keyhole - Emerald,ks2026fw-30,Kim Shui,Short Sleeve Tops,45143936729216,XS,14320746,295.0,True,,https://kith.com/products/ks2026fw-30
8286726226048,Kim Shui Crushed Velvet Qipao Top with Keyhole - Emerald,ks2026fw-30,Kim Shui,Short Sleeve Tops,45143936761984,S,14320747,295.0,True,,https://kith.com/products/ks2026fw-30
8286726226048,Kim Shui Crushed Velvet Qipao Top with Keyhole - Emerald,ks2026fw-30,Kim Shui,Short Sleeve Tops,45143936794752,M,14320748,295.0,False,,https://kith.com/products/ks2026fw-30
8286726226048,Kim Shui Crushed Velvet Qipao Top with Keyhole - Emerald,ks2026fw-30,Kim Shui,Short Sleeve Tops,45143936827520,L,14320749,295.0,True,,https://kith.com/products/ks2026fw-30
8286726226048,Kim Shui Crushed Velvet Qipao Top with Keyhole - Emerald,ks2026fw-30,Kim Shui,Short Sleeve Tops,45143936860288,XL,14320750,295.0,False,,https://kith.com/products/ks2026fw-30
8286726226048,Kim Shui Crushed Velvet Qipao Top with Keyhole - Emerald,ks2026fw-30,Kim Shui,Short Sleeve Tops,45143936893056,XXL,14320751,295.0,False,,https://kith.com/products/ks2026fw-30
8286726226048,Kim Shui Crushed Velvet Qipao Top with Keyhole - Emerald,ks2026fw-30,Kim Shui,Short Sleeve Tops,45143936925824,XXXL,14320752,295.0,False,,https://kith.com/products/ks2026fw-30
8286726226048,Kim Shui Crushed Velvet Qipao Top with Keyhole - Emerald,ks2026fw-30,Kim Shui,Short Sleeve Tops,45143936958592,4XL,14320753,295.0,False,,https://kith.com/products/ks2026fw-30
8286726422656,Kim Shui Crushed Velvet Mini Skirt - Emerald,ks2026fw-31,Kim Shui,Mini Skirts,45143938498688,XXS,14320754,250.0,False,,https://kith.com/products/ks2026fw-31
8286726422656,Kim Shui Crushed Velvet Mini Skirt - Emerald,ks2026fw-31,Kim Shui,Mini Skirts,45143938531456,XS,14320755,250.0,True,,https://kith.com/products/ks2026fw-31
8286726422656,Kim Shui Crushed Velvet Mini Skirt - Emerald,ks2026fw-31,Kim Shui,Mini Skirts,45143938564224,S,14320756,250.0,True,,https://kith.com/products/ks2026fw-31
8286726422656,Kim Shui Crushed Velvet Mini Skirt - Emerald,ks2026fw-31,Kim Shui,Mini Skirts,45143938596992,M,14320757,250.0,True,,https://kith.com/products/ks2026fw-31
8286726422656,Kim Shui Crushed Velvet Mini Skirt - Emerald,ks2026fw-31,Kim Shui,Mini Skirts,45143938629760,L,14320758,250.0,True,,https://kith.com/products/ks2026fw-31
8286726422656,Kim Shui Crushed Velvet Mini Skirt - Emerald,ks2026fw-31,Kim Shui,Mini Skirts,45143938662528,XL,14320759,250.0,False,,https://kith.com/products/ks2026fw-31
8286726422656,Kim Shui Crushed Velvet Mini Skirt - Emerald,ks2026fw-31,Kim Shui,Mini Skirts,45143938695296,XXL,14320760,250.0,False,,https://kith.com/products/ks2026fw-31
8286726422656,Kim Shui Crushed Velvet Mini Skirt - Emerald,ks2026fw-31,Kim Shui,Mini Skirts,45143938728064,XXXL,14320761,250.0,False,,https://kith.com/products/ks2026fw-31
8286726422656,Kim Shui Crushed Velvet Mini Skirt - Emerald,ks2026fw-31,Kim Shui,Mini Skirts,45143938760832,4XL,14320762,250.0,False,,https://kith.com/products/ks2026fw-31
8286728388736,Kiko Kostadinov Votive Zip Blazer - Jet Black,kikkkaw26j15-52,Kiko Kostadinov,Blazers,45143947706496,38,12864679,1215.0,False,,https://kith.com/products/kikkkaw26j15-52
8286728388736,Kiko Kostadinov Votive Zip Blazer - Jet Black,kikkkaw26j15-52,Kiko Kostadinov,Blazers,45143947739264,40,12864680,1215.0,False,,https://kith.com/products/kikkkaw26j15-52
8286728388736,Kiko Kostadinov Votive Zip Blazer - Jet Black,kikkkaw26j15-52,Kiko Kostadinov,Blazers,45143947772032,42,12864681,1215.0,False,,https://kith.com/products/kikkkaw26j15-52
8286728388736,Kiko Kostadinov Votive Zip Blazer - Jet Black,kikkkaw26j15-52,Kiko Kostadinov,Blazers,45143947804800,44,12864682,1215.0,False,,https://kith.com/products/kikkkaw26j15-52
8286728388736,Kiko Kostadinov Votive Zip Blazer - Jet Black,kikkkaw26j15-52,Kiko Kostadinov,Blazers,45143947837568,46,12864683,1215.0,False,,https://kith.com/products/kikkkaw26j15-52
8286728388736,Kiko Kostadinov Votive Zip Blazer - Jet Black,kikkkaw26j15-52,Kiko Kostadinov,Blazers,45143947870336,48,000000078221,1215.0,False,,https://kith.com/products/kikkkaw26j15-52
8286728388736,Kiko Kostadinov Votive Zip Blazer - Jet Black,kikkkaw26j15-52,Kiko Kostadinov,Blazers,45143947903104,50,000000078238,1215.0,True,,https://kith.com/products/kikkkaw26j15-52
8286728388736,Kiko Kostadinov Votive Zip Blazer - Jet Black,kikkkaw26j15-52,Kiko Kostadinov,Blazers,45143947935872,52,000000078245,1215.0,True,,https://kith.com/products/kikkkaw26j15-52
8286728388736,Kiko Kostadinov Votive Zip Blazer - Jet Black,kikkkaw26j15-52,Kiko Kostadinov,Blazers,45143947968640,54,12864687,1215.0,False,,https://kith.com/products/kikkkaw26j15-52
8286728388736,Kiko Kostadinov Votive Zip Blazer - Jet Black,kikkkaw26j15-52,Kiko Kostadinov,Blazers,45143948001408,56,12864688,1215.0,False,,https://kith.com/products/kikkkaw26j15-52
8286728388736,Kiko Kostadinov Votive Zip Blazer - Jet Black,kikkkaw26j15-52,Kiko Kostadinov,Blazers,45143948034176,58,12864689,1215.0,False,,https://kith.com/products/kikkkaw26j15-52
8286728388736,Kiko Kostadinov Votive Zip Blazer - Jet Black,kikkkaw26j15-52,Kiko Kostadinov,Blazers,45143948066944,60,12864690,1215.0,False,,https://kith.com/products/kikkkaw26j15-52
8286728388736,Kiko Kostadinov Votive Zip Blazer - Jet Black,kikkkaw26j15-52,Kiko Kostadinov,Blazers,45143948099712,62,12864691,1215.0,False,,https://kith.com/products/kikkkaw26j15-52
8286728388736,Kiko Kostadinov Votive Zip Blazer - Jet Black,kikkkaw26j15-52,Kiko Kostadinov,Blazers,45143948132480,64,12864692,1215.0,False,,https://kith.com/products/kikkkaw26j15-52
8286728388736,Kiko Kostadinov Votive Zip Blazer - Jet Black,kikkkaw26j15-52,Kiko Kostadinov,Blazers,45143948165248,66,12864693,1215.0,False,,https://kith.com/products/kikkkaw26j15-52
8286728454272,Kiko Kostadinov Veleka Wide Trouser - Charcoal,kikkkaw26t15-29,Kiko Kostadinov,Trousers,45143948689536,38,12864634,490.0,False,,https://kith.com/products/kikkkaw26t15-29
8286728454272,Kiko Kostadinov Veleka Wide Trouser - Charcoal,kikkkaw26t15-29,Kiko Kostadinov,Trousers,45143948722304,40,12864635,490.0,False,,https://kith.com/products/kikkkaw26t15-29
8286728454272,Kiko Kostadinov Veleka Wide Trouser - Charcoal,kikkkaw26t15-29,Kiko Kostadinov,Trousers,45143948755072,42,12864636,490.0,False,,https://kith.com/products/kikkkaw26t15-29
8286728454272,Kiko Kostadinov Veleka Wide Trouser - Charcoal,kikkkaw26t15-29,Kiko Kostadinov,Trousers,45143948787840,44,12864637,490.0,False,,https://kith.com/products/kikkkaw26t15-29
8286728454272,Kiko Kostadinov Veleka Wide Trouser - Charcoal,kikkkaw26t15-29,Kiko Kostadinov,Trousers,45143948820608,46,12864638,490.0,False,,https://kith.com/products/kikkkaw26t15-29
8286728454272,Kiko Kostadinov Veleka Wide Trouser - Charcoal,kikkkaw26t15-29,Kiko Kostadinov,Trousers,45143948853376,48,000000081566,490.0,False,,https://kith.com/products/kikkkaw26t15-29
8286728454272,Kiko Kostadinov Veleka Wide Trouser - Charcoal,kikkkaw26t15-29,Kiko Kostadinov,Trousers,45143948886144,50,000000081573,490.0,True,,https://kith.com/products/kikkkaw26t15-29
8286728454272,Kiko Kostadinov Veleka Wide Trouser - Charcoal,kikkkaw26t15-29,Kiko Kostadinov,Trousers,45143948918912,52,12864641,490.0,False,,https://kith.com/products/kikkkaw26t15-29
8286728454272,Kiko Kostadinov Veleka Wide Trouser - Charcoal,kikkkaw26t15-29,Kiko Kostadinov,Trousers,45143948951680,54,12864642,490.0,False,,https://kith.com/products/kikkkaw26t15-29
8286728454272,Kiko Kostadinov Veleka Wide Trouser - Charcoal,kikkkaw26t15-29,Kiko Kostadinov,Trousers,45143948984448,56,12864643,490.0,False,,https://kith.com/products/kikkkaw26t15-29
8286728454272,Kiko Kostadinov Veleka Wide Trouser - Charcoal,kikkkaw26t15-29,Kiko Kostadinov,Trousers,45143949017216,58,12864644,490.0,False,,https://kith.com/products/kikkkaw26t15-29
8286728454272,Kiko Kostadinov Veleka Wide Trouser - Charcoal,kikkkaw26t15-29,Kiko Kostadinov,Trousers,45143949049984,60,12864645,490.0,False,,https://kith.com/products/kikkkaw26t15-29
8286728454272,Kiko Kostadinov Veleka Wide Trouser - Charcoal,kikkkaw26t15-29,Kiko Kostadinov,Trousers,45143949082752,62,12864646,490.0,False,,https://kith.com/products/kikkkaw26t15-29
8286728454272,Kiko Kostadinov Veleka Wide Trouser - Charcoal,kikkkaw26t15-29,Kiko Kostadinov,Trousers,45143949115520,64,12864647,490.0,False,,https://kith.com/products/kikkkaw26t15-29
8286728454272,Kiko Kostadinov Veleka Wide Trouser - Charcoal,kikkkaw26t15-29,Kiko Kostadinov,Trousers,45143949148288,66,12864648,490.0,False,,https://kith.com/products/kikkkaw26t15-29
8286728487040,Kiko Kostadinov Veleka Jacket - Charcoal,kikkkaw26tp02-77,Kiko Kostadinov,Jackets,45143949181056,38,12864724,640.0,False,,https://kith.com/products/kikkkaw26tp02-77
8286728487040,Kiko Kostadinov Veleka Jacket - Charcoal,kikkkaw26tp02-77,Kiko Kostadinov,Jackets,45143949213824,40,12864725,640.0,False,,https://kith.com/products/kikkkaw26tp02-77
8286728487040,Kiko Kostadinov Veleka Jacket - Charcoal,kikkkaw26tp02-77,Kiko Kostadinov,Jackets,45143949246592,42,12864726,640.0,False,,https://kith.com/products/kikkkaw26tp02-77
8286728487040,Kiko Kostadinov Veleka Jacket - Charcoal,kikkkaw26tp02-77,Kiko Kostadinov,Jackets,45143949279360,44,12864727,640.0,False,,https://kith.com/products/kikkkaw26tp02-77
8286728487040,Kiko Kostadinov Veleka Jacket - Charcoal,kikkkaw26tp02-77,Kiko Kostadinov,Jackets,45143949312128,46,12864728,640.0,False,,https://kith.com/products/kikkkaw26tp02-77
8286728487040,Kiko Kostadinov Veleka Jacket - Charcoal,kikkkaw26tp02-77,Kiko Kostadinov,Jackets,45143949344896,48,000000081801,640.0,False,,https://kith.com/products/kikkkaw26tp02-77
8286728487040,Kiko Kostadinov Veleka Jacket - Charcoal,kikkkaw26tp02-77,Kiko Kostadinov,Jackets,45143949377664,50,000000081818,640.0,True,,https://kith.com/products/kikkkaw26tp02-77
8286728487040,Kiko Kostadinov Veleka Jacket - Charcoal,kikkkaw26tp02-77,Kiko Kostadinov,Jackets,45143949410432,52,000000081825,640.0,True,,https://kith.com/products/kikkkaw26tp02-77
8286728487040,Kiko Kostadinov Veleka Jacket - Charcoal,kikkkaw26tp02-77,Kiko Kostadinov,Jackets,45143949443200,54,12864732,640.0,False,,https://kith.com/products/kikkkaw26tp02-77
8286728487040,Kiko Kostadinov Veleka Jacket - Charcoal,kikkkaw26tp02-77,Kiko Kostadinov,Jackets,45143949475968,56,12864733,640.0,False,,https://kith.com/products/kikkkaw26tp02-77
8286728487040,Kiko Kostadinov Veleka Jacket - Charcoal,kikkkaw26tp02-77,Kiko Kostadinov,Jackets,45143949508736,58,12864734,640.0,False,,https://kith.com/products/kikkkaw26tp02-77
8286728487040,Kiko Kostadinov Veleka Jacket - Charcoal,kikkkaw26tp02-77,Kiko Kostadinov,Jackets,45143949541504,60,12864735,640.0,False,,https://kith.com/products/kikkkaw26tp02-77
8286728487040,Kiko Kostadinov Veleka Jacket - Charcoal,kikkkaw26tp02-77,Kiko Kostadinov,Jackets,45143949574272,62,12864736,640.0,False,,https://kith.com/products/kikkkaw26tp02-77
8286728487040,Kiko Kostadinov Veleka Jacket - Charcoal,kikkkaw26tp02-77,Kiko Kostadinov,Jackets,45143949607040,64,12864737,640.0,False,,https://kith.com/products/kikkkaw26tp02-77
8286728487040,Kiko Kostadinov Veleka Jacket - Charcoal,kikkkaw26tp02-77,Kiko Kostadinov,Jackets,45143949639808,66,12864738,640.0,False,,https://kith.com/products/kikkkaw26tp02-77
8286728192128,Kiko Kostadinov Laan Gathered Blazer - Crow Black,kikkkaw26j02-34,Kiko Kostadinov,Blazers,45143945347200,38,12864649,1050.0,False,,https://kith.com/products/kikkkaw26j02-34
8286728192128,Kiko Kostadinov Laan Gathered Blazer - Crow Black,kikkkaw26j02-34,Kiko Kostadinov,Blazers,45143945379968,40,12864650,1050.0,False,,https://kith.com/products/kikkkaw26j02-34
8286728192128,Kiko Kostadinov Laan Gathered Blazer - Crow Black,kikkkaw26j02-34,Kiko Kostadinov,Blazers,45143945412736,42,12864651,1050.0,False,,https://kith.com/products/kikkkaw26j02-34
8286728192128,Kiko Kostadinov Laan Gathered Blazer - Crow Black,kikkkaw26j02-34,Kiko Kostadinov,Blazers,45143945445504,44,12864652,1050.0,False,,https://kith.com/products/kikkkaw26j02-34
8286728192128,Kiko Kostadinov Laan Gathered Blazer - Crow Black,kikkkaw26j02-34,Kiko Kostadinov,Blazers,45143945478272,46,12864653,1050.0,False,,https://kith.com/products/kikkkaw26j02-34
8286728192128,Kiko Kostadinov Laan Gathered Blazer - Crow Black,kikkkaw26j02-34,Kiko Kostadinov,Blazers,45143945511040,48,000000077200,1050.0,False,,https://kith.com/products/kikkkaw26j02-34
8286728192128,Kiko Kostadinov Laan Gathered Blazer - Crow Black,kikkkaw26j02-34,Kiko Kostadinov,Blazers,45143945543808,50,000000077217,1050.0,True,,https://kith.com/products/kikkkaw26j02-34
8286728192128,Kiko Kostadinov Laan Gathered Blazer - Crow Black,kikkkaw26j02-34,Kiko Kostadinov,Blazers,45143945576576,52,000000077224,1050.0,True,,https://kith.com/products/kikkkaw26j02-34
8286728192128,Kiko Kostadinov Laan Gathered Blazer - Crow Black,kikkkaw26j02-34,Kiko Kostadinov,Blazers,45143945609344,54,12864657,1050.0,False,,https://kith.com/products/kikkkaw26j02-34
8286728192128,Kiko Kostadinov Laan Gathered Blazer - Crow Black,kikkkaw26j02-34,Kiko Kostadinov,Blazers,45143945642112,56,12864658,1050.0,False,,https://kith.com/products/kikkkaw26j02-34
8286728192128,Kiko Kostadinov Laan Gathered Blazer - Crow Black,kikkkaw26j02-34,Kiko Kostadinov,Blazers,45143945674880,58,12864659,1050.0,False,,https://kith.com/products/kikkkaw26j02-34
8286728192128,Kiko Kostadinov Laan Gathered Blazer - Crow Black,kikkkaw26j02-34,Kiko Kostadinov,Blazers,45143945707648,60,12864660,1050.0,False,,https://kith.com/products/kikkkaw26j02-34
8286728192128,Kiko Kostadinov Laan Gathered Blazer - Crow Black,kikkkaw26j02-34,Kiko Kostadinov,Blazers,45143945740416,62,12864661,1050.0,False,,https://kith.com/products/kikkkaw26j02-34
8286728192128,Kiko Kostadinov Laan Gathered Blazer - Crow Black,kikkkaw26j02-34,Kiko Kostadinov,Blazers,45143945773184,64,12864662,1050.0,False,,https://kith.com/products/kikkkaw26j02-34
8286728192128,Kiko Kostadinov Laan Gathered Blazer - Crow Black,kikkkaw26j02-34,Kiko Kostadinov,Blazers,45143945805952,66,12864663,1050.0,False,,https://kith.com/products/kikkkaw26j02-34
8286731698304,Kiko Kostadinov Koru Slim Blazer - Smooth Black,kikkkaw26j17-56,Kiko Kostadinov,Blazers,45143973527680,38,12864694,825.0,False,,https://kith.com/products/kikkkaw26j17-56
8286731698304,Kiko Kostadinov Koru Slim Blazer - Smooth Black,kikkkaw26j17-56,Kiko Kostadinov,Blazers,45143973560448,40,12864695,825.0,False,,https://kith.com/products/kikkkaw26j17-56
8286731698304,Kiko Kostadinov Koru Slim Blazer - Smooth Black,kikkkaw26j17-56,Kiko Kostadinov,Blazers,45143973593216,42,12864696,825.0,False,,https://kith.com/products/kikkkaw26j17-56
8286731698304,Kiko Kostadinov Koru Slim Blazer - Smooth Black,kikkkaw26j17-56,Kiko Kostadinov,Blazers,45143973625984,44,12864697,825.0,False,,https://kith.com/products/kikkkaw26j17-56
8286731698304,Kiko Kostadinov Koru Slim Blazer - Smooth Black,kikkkaw26j17-56,Kiko Kostadinov,Blazers,45143973658752,46,12864698,825.0,False,,https://kith.com/products/kikkkaw26j17-56
8286731698304,Kiko Kostadinov Koru Slim Blazer - Smooth Black,kikkkaw26j17-56,Kiko Kostadinov,Blazers,45143973691520,48,000000078467,825.0,False,,https://kith.com/products/kikkkaw26j17-56
8286731698304,Kiko Kostadinov Koru Slim Blazer - Smooth Black,kikkkaw26j17-56,Kiko Kostadinov,Blazers,45143973724288,50,000000078474,825.0,True,,https://kith.com/products/kikkkaw26j17-56
8286731698304,Kiko Kostadinov Koru Slim Blazer - Smooth Black,kikkkaw26j17-56,Kiko Kostadinov,Blazers,45143973757056,52,000000078481,825.0,True,,https://kith.com/products/kikkkaw26j17-56
8286731698304,Kiko Kostadinov Koru Slim Blazer - Smooth Black,kikkkaw26j17-56,Kiko Kostadinov,Blazers,45143973789824,54,12864702,825.0,False,,https://kith.com/products/kikkkaw26j17-56
8286731698304,Kiko Kostadinov Koru Slim Blazer - Smooth Black,kikkkaw26j17-56,Kiko Kostadinov,Blazers,45143973822592,56,12864703,825.0,False,,https://kith.com/products/kikkkaw26j17-56
8286731698304,Kiko Kostadinov Koru Slim Blazer - Smooth Black,kikkkaw26j17-56,Kiko Kostadinov,Blazers,45143973855360,58,12864704,825.0,False,,https://kith.com/products/kikkkaw26j17-56
8286731698304,Kiko Kostadinov Koru Slim Blazer - Smooth Black,kikkkaw26j17-56,Kiko Kostadinov,Blazers,45143973888128,60,12864705,825.0,False,,https://kith.com/products/kikkkaw26j17-56
8286731698304,Kiko Kostadinov Koru Slim Blazer - Smooth Black,kikkkaw26j17-56,Kiko Kostadinov,Blazers,45143973920896,62,12864706,825.0,False,,https://kith.com/products/kikkkaw26j17-56
8286731698304,Kiko Kostadinov Koru Slim Blazer - Smooth Black,kikkkaw26j17-56,Kiko Kostadinov,Blazers,45143973953664,64,12864707,825.0,False,,https://kith.com/products/kikkkaw26j17-56
8286731698304,Kiko Kostadinov Koru Slim Blazer - Smooth Black,kikkkaw26j17-56,Kiko Kostadinov,Blazers,45143973986432,66,12864708,825.0,False,,https://kith.com/products/kikkkaw26j17-56
8286728355968,Kiko Kostadinov Epelde Overcoat - Deep Black,kikkkaw26c07-61,Kiko Kostadinov,Coats,45143946920064,38,12864709,2115.0,False,,https://kith.com/products/kikkkaw26c07-61
8286728355968,Kiko Kostadinov Epelde Overcoat - Deep Black,kikkkaw26c07-61,Kiko Kostadinov,Coats,45143946952832,40,12864710,2115.0,False,,https://kith.com/products/kikkkaw26c07-61
8286728355968,Kiko Kostadinov Epelde Overcoat - Deep Black,kikkkaw26c07-61,Kiko Kostadinov,Coats,45143946985600,42,12864711,2115.0,False,,https://kith.com/products/kikkkaw26c07-61
8286728355968,Kiko Kostadinov Epelde Overcoat - Deep Black,kikkkaw26c07-61,Kiko Kostadinov,Coats,45143947018368,44,12864712,2115.0,False,,https://kith.com/products/kikkkaw26c07-61
8286728355968,Kiko Kostadinov Epelde Overcoat - Deep Black,kikkkaw26c07-61,Kiko Kostadinov,Coats,45143947051136,46,12864713,2115.0,False,,https://kith.com/products/kikkkaw26c07-61
8286728355968,Kiko Kostadinov Epelde Overcoat - Deep Black,kikkkaw26c07-61,Kiko Kostadinov,Coats,45143947083904,48,000000076463,2115.0,False,,https://kith.com/products/kikkkaw26c07-61
8286728355968,Kiko Kostadinov Epelde Overcoat - Deep Black,kikkkaw26c07-61,Kiko Kostadinov,Coats,45143947116672,50,000000076470,2115.0,True,,https://kith.com/products/kikkkaw26c07-61
8286728355968,Kiko Kostadinov Epelde Overcoat - Deep Black,kikkkaw26c07-61,Kiko Kostadinov,Coats,45143947149440,52,000000076487,2115.0,True,,https://kith.com/products/kikkkaw26c07-61
8286728355968,Kiko Kostadinov Epelde Overcoat - Deep Black,kikkkaw26c07-61,Kiko Kostadinov,Coats,45143947182208,54,12864717,2115.0,False,,https://kith.com/products/kikkkaw26c07-61
8286728355968,Kiko Kostadinov Epelde Overcoat - Deep Black,kikkkaw26c07-61,Kiko Kostadinov,Coats,45143947214976,56,12864718,2115.0,False,,https://kith.com/products/kikkkaw26c07-61
8286728355968,Kiko Kostadinov Epelde Overcoat - Deep Black,kikkkaw26c07-61,Kiko Kostadinov,Coats,45143947247744,58,12864719,2115.0,False,,https://kith.com/products/kikkkaw26c07-61
8286728355968,Kiko Kostadinov Epelde Overcoat - Deep Black,kikkkaw26c07-61,Kiko Kostadinov,Coats,45143947280512,60,12864720,2115.0,False,,https://kith.com/products/kikkkaw26c07-61
8286728355968,Kiko Kostadinov Epelde Overcoat - Deep Black,kikkkaw26c07-61,Kiko Kostadinov,Coats,45143947313280,62,12864721,2115.0,False,,https://kith.com/products/kikkkaw26c07-61
8286728355968,Kiko Kostadinov Epelde Overcoat - Deep Black,kikkkaw26c07-61,Kiko Kostadinov,Coats,45143947346048,64,12864722,2115.0,False,,https://kith.com/products/kikkkaw26c07-61
8286728355968,Kiko Kostadinov Epelde Overcoat - Deep Black,kikkkaw26c07-61,Kiko Kostadinov,Coats,45143947378816,66,12864723,2115.0,False,,https://kith.com/products/kikkkaw26c07-61
8286728421504,Kiko Kostadinov Astro Long Sleeve Top - White,kikkkaw26tp04-82,Kiko Kostadinov,Long Sleeve Tees,45143948198016,38,12864754,285.0,False,,https://kith.com/products/kikkkaw26tp04-82
8286728421504,Kiko Kostadinov Astro Long Sleeve Top - White,kikkkaw26tp04-82,Kiko Kostadinov,Long Sleeve Tees,45143948230784,40,12864755,285.0,False,,https://kith.com/products/kikkkaw26tp04-82
8286728421504,Kiko Kostadinov Astro Long Sleeve Top - White,kikkkaw26tp04-82,Kiko Kostadinov,Long Sleeve Tees,45143948263552,42,12864756,285.0,False,,https://kith.com/products/kikkkaw26tp04-82
8286728421504,Kiko Kostadinov Astro Long Sleeve Top - White,kikkkaw26tp04-82,Kiko Kostadinov,Long Sleeve Tees,45143948296320,44,12864757,285.0,False,,https://kith.com/products/kikkkaw26tp04-82
8286728421504,Kiko Kostadinov Astro Long Sleeve Top - White,kikkkaw26tp04-82,Kiko Kostadinov,Long Sleeve Tees,45143948329088,46,12864758,285.0,False,,https://kith.com/products/kikkkaw26tp04-82
8286728421504,Kiko Kostadinov Astro Long Sleeve Top - White,kikkkaw26tp04-82,Kiko Kostadinov,Long Sleeve Tees,45143948361856,48,000000081924,285.0,False,,https://kith.com/products/kikkkaw26tp04-82
8286728421504,Kiko Kostadinov Astro Long Sleeve Top - White,kikkkaw26tp04-82,Kiko Kostadinov,Long Sleeve Tees,45143948394624,50,000000081931,285.0,False,,https://kith.com/products/kikkkaw26tp04-82
8286728421504,Kiko Kostadinov Astro Long Sleeve Top - White,kikkkaw26tp04-82,Kiko Kostadinov,Long Sleeve Tees,45143948427392,52,000000081948,285.0,True,,https://kith.com/products/kikkkaw26tp04-82
8286728421504,Kiko Kostadinov Astro Long Sleeve Top - White,kikkkaw26tp04-82,Kiko Kostadinov,Long Sleeve Tees,45143948460160,54,12864762,285.0,False,,https://kith.com/products/kikkkaw26tp04-82
8286728421504,Kiko Kostadinov Astro Long Sleeve Top - White,kikkkaw26tp04-82,Kiko Kostadinov,Long Sleeve Tees,45143948492928,56,12864763,285.0,False,,https://kith.com/products/kikkkaw26tp04-82
8286728421504,Kiko Kostadinov Astro Long Sleeve Top - White,kikkkaw26tp04-82,Kiko Kostadinov,Long Sleeve Tees,45143948525696,58,12864764,285.0,False,,https://kith.com/products/kikkkaw26tp04-82
8286728421504,Kiko Kostadinov Astro Long Sleeve Top - White,kikkkaw26tp04-82,Kiko Kostadinov,Long Sleeve Tees,45143948558464,60,12864765,285.0,False,,https://kith.com/products/kikkkaw26tp04-82
8286728421504,Kiko Kostadinov Astro Long Sleeve Top - White,kikkkaw26tp04-82,Kiko Kostadinov,Long Sleeve Tees,45143948591232,62,12864766,285.0,False,,https://kith.com/products/kikkkaw26tp04-82
8286728421504,Kiko Kostadinov Astro Long Sleeve Top - White,kikkkaw26tp04-82,Kiko Kostadinov,Long Sleeve Tees,45143948624000,64,12864767,285.0,False,,https://kith.com/products/kikkkaw26tp04-82
8286728421504,Kiko Kostadinov Astro Long Sleeve Top - White,kikkkaw26tp04-82,Kiko Kostadinov,Long Sleeve Tees,45143948656768,66,12864768,285.0,False,,https://kith.com/products/kikkkaw26tp04-82
8286731731072,Kiko Kostadinov Astro Long Sleeve Top - Onyx Black,kikkkaw26tp03-80,Kiko Kostadinov,Long Sleeve Tees,45143974019200,38,12864739,250.0,False,,https://kith.com/products/kikkkaw26tp03-80
8286731731072,Kiko Kostadinov Astro Long Sleeve Top - Onyx Black,kikkkaw26tp03-80,Kiko Kostadinov,Long Sleeve Tees,45143974051968,40,12864740,250.0,False,,https://kith.com/products/kikkkaw26tp03-80
8286731731072,Kiko Kostadinov Astro Long Sleeve Top - Onyx Black,kikkkaw26tp03-80,Kiko Kostadinov,Long Sleeve Tees,45143974084736,42,12864741,250.0,False,,https://kith.com/products/kikkkaw26tp03-80
8286731731072,Kiko Kostadinov Astro Long Sleeve Top - Onyx Black,kikkkaw26tp03-80,Kiko Kostadinov,Long Sleeve Tees,45143974117504,44,12864742,250.0,False,,https://kith.com/products/kikkkaw26tp03-80
8286731731072,Kiko Kostadinov Astro Long Sleeve Top - Onyx Black,kikkkaw26tp03-80,Kiko Kostadinov,Long Sleeve Tees,45143974150272,46,12864743,250.0,False,,https://kith.com/products/kikkkaw26tp03-80
8286731731072,Kiko Kostadinov Astro Long Sleeve Top - Onyx Black,kikkkaw26tp03-80,Kiko Kostadinov,Long Sleeve Tees,45143974183040,48,000000081863,250.0,False,,https://kith.com/products/kikkkaw26tp03-80
8286731731072,Kiko Kostadinov Astro Long Sleeve Top - Onyx Black,kikkkaw26tp03-80,Kiko Kostadinov,Long Sleeve Tees,45143974215808,50,000000081870,250.0,True,,https://kith.com/products/kikkkaw26tp03-80
8286731731072,Kiko Kostadinov Astro Long Sleeve Top - Onyx Black,kikkkaw26tp03-80,Kiko Kostadinov,Long Sleeve Tees,45143974248576,52,000000081887,250.0,True,,https://kith.com/products/kikkkaw26tp03-80
8286731731072,Kiko Kostadinov Astro Long Sleeve Top - Onyx Black,kikkkaw26tp03-80,Kiko Kostadinov,Long Sleeve Tees,45143974281344,54,12864747,250.0,False,,https://kith.com/products/kikkkaw26tp03-80
8286731731072,Kiko Kostadinov Astro Long Sleeve Top - Onyx Black,kikkkaw26tp03-80,Kiko Kostadinov,Long Sleeve Tees,45143974314112,56,12864748,250.0,False,,https://kith.com/products/kikkkaw26tp03-80
8286731731072,Kiko Kostadinov Astro Long Sleeve Top - Onyx Black,kikkkaw26tp03-80,Kiko Kostadinov,Long Sleeve Tees,45143974346880,58,12864749,250.0,False,,https://kith.com/products/kikkkaw26tp03-80
8286731731072,Kiko Kostadinov Astro Long Sleeve Top - Onyx Black,kikkkaw26tp03-80,Kiko Kostadinov,Long Sleeve Tees,45143974379648,60,12864750,250.0,False,,https://kith.com/products/kikkkaw26tp03-80
8286731731072,Kiko Kostadinov Astro Long Sleeve Top - Onyx Black,kikkkaw26tp03-80,Kiko Kostadinov,Long Sleeve Tees,45143974412416,62,12864751,250.0,False,,https://kith.com/products/kikkkaw26tp03-80
8286731731072,Kiko Kostadinov Astro Long Sleeve Top - Onyx Black,kikkkaw26tp03-80,Kiko Kostadinov,Long Sleeve Tees,45143974445184,64,12864752,250.0,False,,https://kith.com/products/kikkkaw26tp03-80
8286731731072,Kiko Kostadinov Astro Long Sleeve Top - Onyx Black,kikkkaw26tp03-80,Kiko Kostadinov,Long Sleeve Tees,45143974477952,66,12864753,250.0,False,,https://kith.com/products/kikkkaw26tp03-80
8286728257664,Kiko Kostadinov Astro Long Sleeve Top - Ink Blue,kikkkaw26tp04-83,Kiko Kostadinov,Long Sleeve Tees,45143946133632,38,12864769,285.0,False,,https://kith.com/products/kikkkaw26tp04-83
8286728257664,Kiko Kostadinov Astro Long Sleeve Top - Ink Blue,kikkkaw26tp04-83,Kiko Kostadinov,Long Sleeve Tees,45143946166400,40,12864770,285.0,False,,https://kith.com/products/kikkkaw26tp04-83
8286728257664,Kiko Kostadinov Astro Long Sleeve Top - Ink Blue,kikkkaw26tp04-83,Kiko Kostadinov,Long Sleeve Tees,45143946199168,42,12864771,285.0,False,,https://kith.com/products/kikkkaw26tp04-83
8286728257664,Kiko Kostadinov Astro Long Sleeve Top - Ink Blue,kikkkaw26tp04-83,Kiko Kostadinov,Long Sleeve Tees,45143946231936,44,12864772,285.0,False,,https://kith.com/products/kikkkaw26tp04-83
8286728257664,Kiko Kostadinov Astro Long Sleeve Top - Ink Blue,kikkkaw26tp04-83,Kiko Kostadinov,Long Sleeve Tees,45143946264704,46,12864773,285.0,False,,https://kith.com/products/kikkkaw26tp04-83
8286728257664,Kiko Kostadinov Astro Long Sleeve Top - Ink Blue,kikkkaw26tp04-83,Kiko Kostadinov,Long Sleeve Tees,45143946297472,48,000000081986,285.0,False,,https://kith.com/products/kikkkaw26tp04-83
8286728257664,Kiko Kostadinov Astro Long Sleeve Top - Ink Blue,kikkkaw26tp04-83,Kiko Kostadinov,Long Sleeve Tees,45143946330240,50,000000081993,285.0,True,,https://kith.com/products/kikkkaw26tp04-83
8286728257664,Kiko Kostadinov Astro Long Sleeve Top - Ink Blue,kikkkaw26tp04-83,Kiko Kostadinov,Long Sleeve Tees,45143946363008,52,000000082006,285.0,True,,https://kith.com/products/kikkkaw26tp04-83
8286728257664,Kiko Kostadinov Astro Long Sleeve Top - Ink Blue,kikkkaw26tp04-83,Kiko Kostadinov,Long Sleeve Tees,45143946395776,54,12864777,285.0,False,,https://kith.com/products/kikkkaw26tp04-83
8286728257664,Kiko Kostadinov Astro Long Sleeve Top - Ink Blue,kikkkaw26tp04-83,Kiko Kostadinov,Long Sleeve Tees,45143946428544,56,12864778,285.0,False,,https://kith.com/products/kikkkaw26tp04-83
8286728257664,Kiko Kostadinov Astro Long Sleeve Top - Ink Blue,kikkkaw26tp04-83,Kiko Kostadinov,Long Sleeve Tees,45143946461312,58,12864779,285.0,False,,https://kith.com/products/kikkkaw26tp04-83
8286728257664,Kiko Kostadinov Astro Long Sleeve Top - Ink Blue,kikkkaw26tp04-83,Kiko Kostadinov,Long Sleeve Tees,45143946494080,60,12864780,285.0,False,,https://kith.com/products/kikkkaw26tp04-83
8286728257664,Kiko Kostadinov Astro Long Sleeve Top - Ink Blue,kikkkaw26tp04-83,Kiko Kostadinov,Long Sleeve Tees,45143946526848,62,12864781,285.0,False,,https://kith.com/products/kikkkaw26tp04-83
8286728257664,Kiko Kostadinov Astro Long Sleeve Top - Ink Blue,kikkkaw26tp04-83,Kiko Kostadinov,Long Sleeve Tees,45143946559616,64,12864782,285.0,False,,https://kith.com/products/kikkkaw26tp04-83
8286728257664,Kiko Kostadinov Astro Long Sleeve Top - Ink Blue,kikkkaw26tp04-83,Kiko Kostadinov,Long Sleeve Tees,45143946592384,66,12864783,285.0,False,,https://kith.com/products/kikkkaw26tp04-83
8286728814720,Jordan x Free The Youth Track Pant - Black / Crimson,joriq6227-010,Jordan,Track Pants,45143952261248,XXS,13279156,130.0,False,,https://kith.com/products/joriq6227-010
8286728814720,Jordan x Free The Youth Track Pant - Black / Crimson,joriq6227-010,Jordan,Track Pants,45143952294016,XS,13279157,130.0,False,,https://kith.com/products/joriq6227-010
8286728814720,Jordan x Free The Youth Track Pant - Black / Crimson,joriq6227-010,Jordan,Track Pants,45143952326784,S,198960251461,130.0,True,,https://kith.com/products/joriq6227-010
8286728814720,Jordan x Free The Youth Track Pant - Black / Crimson,joriq6227-010,Jordan,Track Pants,45143952359552,M,198960252932,130.0,True,,https://kith.com/products/joriq6227-010
8286728814720,Jordan x Free The Youth Track Pant - Black / Crimson,joriq6227-010,Jordan,Track Pants,45143952392320,L,198960279557,130.0,True,,https://kith.com/products/joriq6227-010
8286728814720,Jordan x Free The Youth Track Pant - Black / Crimson,joriq6227-010,Jordan,Track Pants,45143952425088,XL,198960288917,130.0,True,,https://kith.com/products/joriq6227-010
8286728814720,Jordan x Free The Youth Track Pant - Black / Crimson,joriq6227-010,Jordan,Track Pants,45143952457856,XXL,198960253823,130.0,True,,https://kith.com/products/joriq6227-010
8286728814720,Jordan x Free The Youth Track Pant - Black / Crimson,joriq6227-010,Jordan,Track Pants,45143952490624,XXXL,13279163,130.0,False,,https://kith.com/products/joriq6227-010
8286728814720,Jordan x Free The Youth Track Pant - Black / Crimson,joriq6227-010,Jordan,Track Pants,45143952523392,4XL,13279164,130.0,False,,https://kith.com/products/joriq6227-010
8286728323200,Jordan x Free The Youth Track Jacket - Black,joriq6223-010,Jordan,Track Jackets,45143947411584,XXS,13279147,160.0,False,,https://kith.com/products/joriq6223-010
8286728323200,Jordan x Free The Youth Track Jacket - Black,joriq6223-010,Jordan,Track Jackets,45143947444352,XS,13279148,160.0,False,,https://kith.com/products/joriq6223-010
8286728323200,Jordan x Free The Youth Track Jacket - Black,joriq6223-010,Jordan,Track Jackets,45143947477120,S,198960276082,160.0,True,,https://kith.com/products/joriq6223-010
8286728323200,Jordan x Free The Youth Track Jacket - Black,joriq6223-010,Jordan,Track Jackets,45143947509888,M,198960265666,160.0,True,,https://kith.com/products/joriq6223-010
8286728323200,Jordan x Free The Youth Track Jacket - Black,joriq6223-010,Jordan,Track Jackets,45143947542656,L,198960261293,160.0,False,,https://kith.com/products/joriq6223-010
8286728323200,Jordan x Free The Youth Track Jacket - Black,joriq6223-010,Jordan,Track Jackets,45143947575424,XL,198960267769,160.0,False,,https://kith.com/products/joriq6223-010
8286728323200,Jordan x Free The Youth Track Jacket - Black,joriq6223-010,Jordan,Track Jackets,45143947608192,XXL,198960240311,160.0,False,,https://kith.com/products/joriq6223-010
8286728323200,Jordan x Free The Youth Track Jacket - Black,joriq6223-010,Jordan,Track Jackets,45143947640960,XXXL,13279154,160.0,False,,https://kith.com/products/joriq6223-010
8286728323200,Jordan x Free The Youth Track Jacket - Black,joriq6223-010,Jordan,Track Jackets,45143947673728,4XL,13279155,160.0,False,,https://kith.com/products/joriq6223-010
8286726291584,Jordan x Free The Youth Short - Black / Crimson,joriq6232-010,Jordan,Shorts,45143937024128,XXS,13279165,90.0,False,,https://kith.com/products/joriq6232-010
8286726291584,Jordan x Free The Youth Short - Black / Crimson,joriq6232-010,Jordan,Shorts,45143937056896,XS,13279166,90.0,False,,https://kith.com/products/joriq6232-010
8286726291584,Jordan x Free The Youth Short - Black / Crimson,joriq6232-010,Jordan,Shorts,45143937089664,S,198960248478,90.0,True,,https://kith.com/products/joriq6232-010
8286726291584,Jordan x Free The Youth Short - Black / Crimson,joriq6232-010,Jordan,Shorts,45143937122432,M,198960275207,90.0,True,,https://kith.com/products/joriq6232-010
8286726291584,Jordan x Free The Youth Short - Black / Crimson,joriq6232-010,Jordan,Shorts,45143937155200,L,198960268131,90.0,True,,https://kith.com/products/joriq6232-010
8286726291584,Jordan x Free The Youth Short - Black / Crimson,joriq6232-010,Jordan,Shorts,45143937187968,XL,198960254196,90.0,True,,https://kith.com/products/joriq6232-010
8286726291584,Jordan x Free The Youth Short - Black / Crimson,joriq6232-010,Jordan,Shorts,45143937220736,XXL,198960282946,90.0,True,,https://kith.com/products/joriq6232-010
8286726291584,Jordan x Free The Youth Short - Black / Crimson,joriq6232-010,Jordan,Shorts,45143937253504,XXXL,13279172,90.0,False,,https://kith.com/products/joriq6232-010
8286726291584,Jordan x Free The Youth Short - Black / Crimson,joriq6232-010,Jordan,Shorts,45143937286272,4XL,13279173,90.0,False,,https://kith.com/products/joriq6232-010
8286726258816,Jordan x Free The Youth Football Scarf - Multi,joriq6260-100,Jordan,Scarves,45143936991360,OS,198960256190,50.0,True,,https://kith.com/products/joriq6260-100
